# Orbit Log
[14:20:13] [INFO] [orbit] Initializing Orbit Radial Menu Application...
[14:20:13] [INFO] [orbit.platform.windows] Initialized WindowsPlatform
[14:20:13] [INFO] [orbit.services.profile] Loaded profile: Default (9 items)
[14:20:13] [INFO] [orbit.services.profile] Active profile set to 'Default'
[14:20:13] [INFO] [orbit.services.plugin] Registered plugin 'Launcher Plugin' (v1.0.0)
[14:20:13] [INFO] [orbit.services.plugin] Registered plugin 'Media Control Plugin' (v1.0.0)
[14:20:13] [INFO] [orbit.services.plugin] Registered plugin 'Shell Command Plugin' (v1.0.0)
[14:20:14] [INFO] [orbit.hooks.hotkey] Global input listeners started (Primary: 'ctrl', Secondary: 'button4', Hold: False@2.0s).
[14:20:14] [INFO] [orbit.ui.system_tray] System Tray initialized.
[14:20:14] [INFO] [orbit] Orbit application running in system tray. Press Mouse 4 or Ctrl+Space to activate radial menu.
[14:20:16] [INFO] [orbit.hooks.hotkey] Hotkey triggered globally at (1201, 1215)
[14:20:16] [INFO] [orbit] Hotkey triggered at (1201, 1215)
[14:20:16] [INFO] [orbit] Hotkey released after 0.17s
[14:20:16] [INFO] [orbit] Tap mode detected: keeping radial menu open until click.
[14:20:20] [INFO] [orbit.hooks.hotkey] Hotkey triggered globally at (1704, 601)
[14:20:20] [INFO] [orbit] Hotkey pressed while active -> dismissing menu.
[14:20:20] [INFO] [orbit] Hotkey released after 0.13s
[14:20:20] [INFO] [orbit] Tap mode detected: keeping radial menu open until click.
[14:20:20] [INFO] [orbit.hooks.hotkey] Hotkey triggered globally at (1701, 583)
[14:20:20] [INFO] [orbit] Hotkey triggered at (1701, 583)
[14:20:20] [INFO] [orbit] Hotkey released after 0.11s
[14:20:20] [INFO] [orbit] Tap mode detected: keeping radial menu open until click.
[14:20:21] [INFO] [orbit.hooks.hotkey] Hotkey triggered globally at (1701, 583)
[14:20:21] [INFO] [orbit] Hotkey pressed while active -> dismissing menu.
[14:20:21] [INFO] [orbit] Hotkey released after 0.09s
[14:20:21] [INFO] [orbit] Tap mode detected: keeping radial menu open until click.
[14:20:21] [INFO] [orbit.hooks.hotkey] Hotkey triggered globally at (652, 515)
[14:20:21] [INFO] [orbit] Hotkey triggered at (652, 515)
[14:20:21] [INFO] [orbit] Hotkey released after 0.09s
[14:20:21] [INFO] [orbit] Tap mode detected: keeping radial menu open until click.
[14:20:22] [INFO] [orbit.hooks.hotkey] Hotkey triggered globally at (659, 514)
[14:20:22] [INFO] [orbit] Hotkey pressed while active -> dismissing menu.
[14:20:22] [INFO] [orbit] Hotkey released after 0.08s
[14:20:22] [INFO] [orbit] Tap mode detected: keeping radial menu open until click.
[14:20:22] [INFO] [orbit.hooks.hotkey] Hotkey triggered globally at (1287, 497)
[14:20:22] [INFO] [orbit] Hotkey triggered at (1287, 497)
[14:20:22] [INFO] [orbit] Hotkey released after 0.09s
[14:20:22] [INFO] [orbit] Tap mode detected: keeping radial menu open until click.
[14:20:23] [INFO] [orbit.hooks.hotkey] Hotkey triggered globally at (1287, 497)
[14:20:23] [INFO] [orbit] Hotkey pressed while active -> dismissing menu.
[14:20:23] [INFO] [orbit] Hotkey released after 0.09s
[14:20:23] [INFO] [orbit] Tap mode detected: keeping radial menu open until click.
[14:20:24] [INFO] [orbit.hooks.hotkey] Hotkey triggered globally at (846, 467)
[14:20:24] [INFO] [orbit] Hotkey triggered at (846, 467)
[14:20:24] [INFO] [orbit] Hotkey released after 0.12s
[14:20:24] [INFO] [orbit] Tap mode detected: keeping radial menu open until click.
[14:20:24] [INFO] [orbit.hooks.hotkey] Hotkey triggered globally at (846, 467)
[14:20:24] [INFO] [orbit] Hotkey pressed while active -> dismissing menu.
[14:20:24] [INFO] [orbit] Hotkey released after 0.08s
[14:20:24] [INFO] [orbit] Tap mode detected: keeping radial menu open until click.
[14:20:25] [INFO] [orbit.hooks.hotkey] Hotkey triggered globally at (790, 467)
[14:20:25] [INFO] [orbit] Hotkey triggered at (790, 467)
[14:20:25] [INFO] [orbit] Hotkey released after 0.13s
[14:20:25] [INFO] [orbit] Tap mode detected: keeping radial menu open until click.
[14:20:25] [INFO] [orbit.hooks.hotkey] Hotkey triggered globally at (790, 467)
[14:20:25] [INFO] [orbit] Hotkey pressed while active -> dismissing menu.
[14:20:25] [INFO] [orbit] Hotkey released after 0.09s
[14:20:25] [INFO] [orbit] Tap mode detected: keeping radial menu open until click.
[14:20:26] [INFO] [orbit.hooks.hotkey] Hotkey triggered globally at (1582, 465)
[14:20:26] [INFO] [orbit] Hotkey triggered at (1582, 465)
[14:20:26] [INFO] [orbit] Hotkey released after 0.08s
[14:20:26] [INFO] [orbit] Tap mode detected: keeping radial menu open until click.
[14:20:26] [INFO] [orbit.hooks.hotkey] Hotkey triggered globally at (1582, 465)
[14:20:26] [INFO] [orbit] Hotkey pressed while active -> dismissing menu.
[14:20:26] [INFO] [orbit] Hotkey released after 0.07s
[14:20:26] [INFO] [orbit] Tap mode detected: keeping radial menu open until click.
[14:20:27] [INFO] [orbit.hooks.hotkey] Hotkey triggered globally at (970, 428)
[14:20:27] [INFO] [orbit] Hotkey triggered at (970, 428)
[14:20:27] [INFO] [orbit] Hotkey released after 0.08s
[14:20:27] [INFO] [orbit] Tap mode detected: keeping radial menu open until click.
[14:20:27] [INFO] [orbit.hooks.hotkey] Hotkey triggered globally at (973, 427)
[14:20:27] [INFO] [orbit] Hotkey pressed while active -> dismissing menu.
[14:20:27] [INFO] [orbit] Hotkey released after 0.07s
[14:20:27] [INFO] [orbit] Tap mode detected: keeping radial menu open until click.
[14:20:29] [INFO] [orbit.hooks.hotkey] Hotkey triggered globally at (728, 441)
[14:20:29] [INFO] [orbit] Hotkey triggered at (728, 441)
[14:20:29] [INFO] [orbit] Hotkey released after 0.14s
[14:20:29] [INFO] [orbit] Tap mode detected: keeping radial menu open until click.
[14:20:31] [INFO] [orbit.hooks.hotkey] Hotkey triggered globally at (1732, 542)
[14:20:31] [INFO] [orbit] Hotkey pressed while active -> dismissing menu.
[14:20:31] [INFO] [orbit] Hotkey released after 0.14s
[14:20:31] [INFO] [orbit] Tap mode detected: keeping radial menu open until click.
[14:20:32] [INFO] [orbit.hooks.hotkey] Hotkey triggered globally at (1635, 517)
[14:20:32] [INFO] [orbit] Hotkey triggered at (1635, 517)
[14:20:32] [INFO] [orbit] Hotkey released after 0.16s
[14:20:32] [INFO] [orbit] Tap mode detected: keeping radial menu open until click.
[14:20:37] [INFO] [orbit.hooks.hotkey] Hotkey triggered globally at (812, 193)
[14:20:37] [INFO] [orbit] Hotkey triggered at (812, 193)
[14:20:37] [INFO] [orbit] Hotkey released after 0.13s
[14:20:37] [INFO] [orbit] Tap mode detected: keeping radial menu open until click.
[14:20:39] [INFO] [orbit] Executing selected slice action: Paste
[14:20:39] [INFO] [orbit.services.action] Executing action 'Paste' (ID: a6)
[14:20:39] [INFO] [orbit.hooks.hotkey] Hotkey triggered globally at (934, 346)
[14:20:39] [INFO] [orbit.actions] Simulated shortcut: ctrl+v
[14:20:39] [INFO] [orbit] Hotkey triggered at (934, 346)
[14:20:39] [INFO] [orbit] Hotkey released after 0.00s
[14:20:39] [INFO] [orbit] Tap mode detected: keeping radial menu open until click.
[14:20:41] [INFO] [orbit] Executing selected slice action: GitHub
[14:20:41] [INFO] [orbit.services.action] Executing action 'GitHub' (ID: a7)
[14:20:41] [INFO] [orbit.actions] Opened URL: https://github.com
[14:20:43] [INFO] [orbit.hooks.hotkey] Hotkey triggered globally at (759, 193)
[14:20:43] [INFO] [orbit] Hotkey triggered at (759, 193)
[14:20:43] [INFO] [orbit] Hotkey released after 0.14s
[14:20:43] [INFO] [orbit] Tap mode detected: keeping radial menu open until click.
[14:20:45] [INFO] [orbit] Executing selected slice action: Copy
[14:20:45] [INFO] [orbit.services.action] Executing action 'Copy' (ID: a5)
[14:20:45] [INFO] [orbit.hooks.hotkey] Hotkey triggered globally at (948, 363)
[14:20:45] [INFO] [orbit.actions] Simulated shortcut: ctrl+c
[14:20:45] [INFO] [orbit] Hotkey triggered at (948, 363)
[14:20:45] [INFO] [orbit] Hotkey released after 0.00s
[14:20:45] [INFO] [orbit] Tap mode detected: keeping radial menu open until click.
[14:20:47] [INFO] [orbit] Executing selected slice action: Paste
[14:20:47] [INFO] [orbit.services.action] Executing action 'Paste' (ID: a6)
[14:20:47] [INFO] [orbit.hooks.hotkey] Hotkey triggered globally at (1111, 569)
[14:20:47] [INFO] [orbit.actions] Simulated shortcut: ctrl+v
[14:20:47] [INFO] [orbit] Hotkey triggered at (1111, 569)
[14:20:47] [INFO] [orbit] Hotkey released after 0.00s
[14:20:47] [INFO] [orbit] Tap mode detected: keeping radial menu open until click.
[14:20:49] [INFO] [orbit] Executing selected slice action: Paste
[14:20:49] [INFO] [orbit.services.action] Executing action 'Paste' (ID: a6)
[14:20:49] [INFO] [orbit.hooks.hotkey] Hotkey triggered globally at (1305, 803)
[14:20:49] [INFO] [orbit.actions] Simulated shortcut: ctrl+v
[14:20:49] [INFO] [orbit] Hotkey triggered at (1305, 803)
[14:20:49] [INFO] [orbit] Hotkey released after 0.00s
[14:20:49] [INFO] [orbit] Tap mode detected: keeping radial menu open until click.
[14:20:52] [INFO] [orbit] Executing selected slice action: Paste
[14:20:52] [INFO] [orbit.services.action] Executing action 'Paste' (ID: a6)
[14:20:52] [INFO] [orbit.hooks.hotkey] Hotkey triggered globally at (1538, 1098)
[14:20:52] [INFO] [orbit.actions] Simulated shortcut: ctrl+v
[14:20:52] [INFO] [orbit] Hotkey triggered at (1538, 1098)
[14:20:52] [INFO] [orbit] Hotkey released after 0.00s
[14:20:52] [INFO] [orbit] Tap mode detected: keeping radial menu open until click.
[14:21:01] [INFO] [orbit.hooks.hotkey] Hotkey triggered globally at (1390, 1220)
[14:21:01] [INFO] [orbit] Hotkey triggered at (1390, 1220)
[14:21:01] [INFO] [orbit] Hotkey released after 0.17s
[14:21:01] [INFO] [orbit] Tap mode detected: keeping radial menu open until click.
[14:21:05] [INFO] [orbit.hooks.hotkey] Hotkey triggered globally at (1444, 418)
[14:21:05] [INFO] [orbit] Hotkey pressed while active -> dismissing menu.
[14:21:05] [INFO] [orbit] Hotkey released after 0.09s
[14:21:05] [INFO] [orbit] Tap mode detected: keeping radial menu open until click.
[14:21:06] [INFO] [orbit.hooks.hotkey] Hotkey triggered globally at (1463, 405)
[14:21:06] [INFO] [orbit] Hotkey triggered at (1463, 405)
[14:21:06] [INFO] [orbit] Hotkey released after 0.09s
[14:21:06] [INFO] [orbit] Tap mode detected: keeping radial menu open until click.
[14:21:06] [INFO] [orbit.hooks.hotkey] Hotkey triggered globally at (1469, 399)
[14:21:06] [INFO] [orbit] Hotkey pressed while active -> dismissing menu.
[14:21:06] [INFO] [orbit] Hotkey released after 0.13s
[14:21:06] [INFO] [orbit] Tap mode detected: keeping radial menu open until click.
[14:21:07] [INFO] [orbit.hooks.hotkey] Hotkey triggered globally at (1467, 396)
[14:21:07] [INFO] [orbit] Hotkey triggered at (1467, 396)
[14:21:07] [INFO] [orbit] Hotkey released after 0.12s
[14:21:07] [INFO] [orbit] Tap mode detected: keeping radial menu open until click.
[14:21:07] [INFO] [orbit.hooks.hotkey] Hotkey triggered globally at (1463, 399)
[14:21:07] [INFO] [orbit] Hotkey pressed while active -> dismissing menu.
[14:21:07] [INFO] [orbit] Hotkey released after 0.12s
[14:21:07] [INFO] [orbit] Tap mode detected: keeping radial menu open until click.
[14:21:19] [INFO] [orbit.hooks.hotkey] Hotkeys updated -> Primary: 'button5', Secondary: 'button4'
[14:21:22] [INFO] [orbit.hooks.hotkey] Hold options updated -> Enabled: True, Duration: 2.0s
[14:21:33] [INFO] [orbit.hooks.hotkey] Hold options updated -> Enabled: False, Duration: 2.0s
[14:21:34] [INFO] [orbit.hooks.hotkey] Hold options updated -> Enabled: True, Duration: 2.0s
[14:21:35] [INFO] [orbit.hooks.hotkey] Hold options updated -> Enabled: True, Duration: 1.0s
[14:21:36] [INFO] [orbit.hooks.hotkey] Hold options updated -> Enabled: True, Duration: 1.0s
[14:21:39] [INFO] [orbit.hooks.hotkey] Hotkey triggered globally at (2074, 524)
[14:21:39] [INFO] [orbit] Hotkey triggered at (2074, 524)
[14:21:40] [INFO] [orbit] Hotkey released after 0.52s
[14:21:41] [INFO] [orbit.hooks.hotkey] Hotkey triggered globally at (713, 452)
[14:21:41] [INFO] [orbit] Hotkey triggered at (713, 452)
[14:21:42] [INFO] [orbit] Hotkey released after 0.56s
[14:21:44] [INFO] [orbit.hooks.hotkey] Hotkey triggered globally at (615, 537)
[14:21:44] [INFO] [orbit] Hotkey triggered at (615, 537)
[14:21:50] [INFO] [orbit] Hotkey released after 6.34s
[14:21:52] [INFO] [orbit.hooks.hotkey] Hotkey triggered globally at (510, 531)
[14:21:52] [INFO] [orbit] Hotkey triggered at (510, 531)
[14:21:53] [INFO] [orbit] Hotkey released after 0.96s
[14:21:53] [INFO] [orbit] Executing selected slice action: Paste
[14:21:53] [INFO] [orbit.services.action] Executing action 'Paste' (ID: a6)
[14:21:53] [INFO] [orbit.actions] Simulated shortcut: ctrl+v
[14:21:57] [INFO] [orbit.hooks.hotkey] Hotkey triggered globally at (472, 492)
[14:21:57] [INFO] [orbit] Hotkey triggered at (472, 492)
[14:22:12] [INFO] [orbit] Hotkey released after 15.12s
[14:22:12] [INFO] [orbit] Executing selected slice action: Browser
[14:22:12] [INFO] [orbit.services.action] Executing action 'Browser' (ID: a2)
[14:22:12] [INFO] [orbit.actions] Opened URL: https://google.com
[14:22:25] [INFO] [orbit.hooks.hotkey] Hotkey triggered globally at (874, 342)
[14:22:25] [INFO] [orbit] Hotkey triggered at (874, 342)
[14:22:30] [INFO] [orbit] Hotkey released after 4.38s
[14:22:30] [INFO] [orbit] Executing selected slice action: Terminal
[14:22:30] [INFO] [orbit.services.action] Executing action 'Terminal' (ID: a1)
[14:22:30] [INFO] [orbit.actions] Launched application: wt || cmd.exe /c start cmd || konsole || gnome-terminal || xterm
[14:27:53] [INFO] [orbit] Initializing Orbit Radial Menu Application...
[14:27:53] [INFO] [orbit.platform.windows] Initialized WindowsPlatform
[14:27:53] [INFO] [orbit.services.profile] Loaded profile: Web Browser (8 items)
[14:27:53] [INFO] [orbit.services.profile] Loaded profile: Default (9 items)
[14:27:53] [INFO] [orbit.services.profile] Loaded profile: VS Code (8 items)
[14:27:53] [INFO] [orbit.services.profile] Active profile set to 'Default'
[14:27:53] [INFO] [orbit.services.plugin] Registered plugin 'Launcher Plugin' (v1.0.0)
[14:27:53] [INFO] [orbit.services.plugin] Registered plugin 'Media Control Plugin' (v1.0.0)
[14:27:53] [INFO] [orbit.services.plugin] Registered plugin 'Shell Command Plugin' (v1.0.0)
[14:27:53] [INFO] [orbit.hooks.hotkey] Global input listeners started (Primary: 'button5', Secondary: 'button4', Hold: True@1.0s).
[14:27:53] [INFO] [orbit.ui.system_tray] System Tray initialized.
[14:27:53] [INFO] [orbit] Orbit application running in system tray. Press Mouse 4 or Ctrl+Space to activate radial menu.
[14:28:47] [INFO] [orbit.hooks.hotkey] Hotkey triggered globally at (899, 675)
[14:28:47] [INFO] [orbit.services.profile] Matched profile 'Web Browser' for app 'brave.exe'
[14:28:47] [INFO] [orbit] Hotkey triggered at (899, 675) for active app 'brave.exe' using profile 'Web Browser'
[14:28:53] [INFO] [orbit] Hotkey released after 5.98s
[14:28:53] [INFO] [orbit] Executing selected slice action: Geri Getir
[14:28:53] [INFO] [orbit.services.action] Executing action 'Sekme Geri' (ID: ba2)
[14:28:53] [INFO] [orbit.actions] Simulated shortcut: ctrl+shift+t
[14:28:56] [INFO] [orbit.hooks.hotkey] Hotkey triggered globally at (1059, 571)
[14:28:56] [INFO] [orbit.services.profile] Matched profile 'Web Browser' for app 'brave.exe'
[14:28:56] [INFO] [orbit] Hotkey triggered at (1059, 571) for active app 'brave.exe' using profile 'Web Browser'
[14:28:58] [INFO] [orbit] Hotkey released after 1.73s
[14:28:58] [INFO] [orbit] Executing selected slice action: Yenile
[14:28:58] [INFO] [orbit.services.action] Executing action 'Yenile' (ID: ba3)
[14:28:58] [INFO] [orbit.actions] Simulated shortcut: f5
[14:29:22] [INFO] [orbit.hooks.hotkey] Hold options updated -> Enabled: False, Duration: 1.0s
[14:29:26] [INFO] [orbit.hooks.hotkey] Hotkeys updated -> Primary: 'ctrl+space', Secondary: 'button4'
[14:29:32] [INFO] [orbit.hooks.hotkey] Hotkey triggered globally at (800, 409)
[14:29:32] [INFO] [orbit.services.profile] Matched profile 'Web Browser' for app 'brave.exe'
[14:29:32] [INFO] [orbit] Hotkey triggered at (800, 409) for active app 'brave.exe' using profile 'Web Browser'
[14:29:32] [INFO] [orbit] Hotkey released after 0.11s
[14:29:32] [INFO] [orbit] Tap mode detected: keeping radial menu open until click.
[14:29:39] [INFO] [orbit.hooks.hotkey] Hotkey triggered globally at (883, 494)
[14:29:39] [INFO] [orbit] Hotkey triggered at (883, 494) for active app 'explorer.exe' using profile 'Default'
[14:29:39] [INFO] [orbit] Hotkey released after 0.12s
[14:29:39] [INFO] [orbit] Tap mode detected: keeping radial menu open until click.
[14:29:43] [INFO] [orbit] Executing selected slice action: System Info
[14:29:43] [INFO] [orbit.services.action] Executing action 'System Info' (ID: a4)
[14:29:43] [INFO] [orbit.actions] Executed shell command: taskmgr || msinfo32 || kinfocenter || gnome-system-monitor
[14:29:48] [INFO] [orbit.hooks.hotkey] Hotkey triggered globally at (1167, 323)
[14:29:48] [INFO] [orbit] Hotkey triggered at (1167, 323) for active app 'explorer.exe' using profile 'Default'
[14:29:48] [INFO] [orbit] Hotkey released after 0.09s
[14:29:48] [INFO] [orbit] Tap mode detected: keeping radial menu open until click.
[14:29:50] [INFO] [orbit] Executing selected slice action: Browser
[14:29:50] [INFO] [orbit.services.action] Executing action 'Browser' (ID: a2)
[14:29:50] [INFO] [orbit.actions] Opened URL: https://google.com
[14:29:56] [INFO] [orbit.hooks.hotkey] Hotkey triggered globally at (1150, 464)
[14:29:56] [INFO] [orbit] Hotkey triggered at (1150, 464) for active app 'antigravity ide.exe' using profile 'Default'
[14:29:56] [INFO] [orbit] Hotkey released after 0.12s
[14:29:56] [INFO] [orbit] Tap mode detected: keeping radial menu open until click.
[14:29:59] [INFO] [orbit.hooks.hotkey] Hotkey triggered globally at (1200, 492)
[14:29:59] [INFO] [orbit] Hotkey triggered at (1200, 492) for active app 'antigravity ide.exe' using profile 'Default'
[14:29:59] [INFO] [orbit] Hotkey released after 0.12s
[14:29:59] [INFO] [orbit] Tap mode detected: keeping radial menu open until click.
[14:30:04] [INFO] [orbit.hooks.hotkey] Hotkey triggered globally at (1258, 369)
[14:30:04] [INFO] [orbit] Hotkey pressed while active -> dismissing menu.
[14:30:04] [INFO] [orbit] Hotkey released after 0.13s
[14:30:04] [INFO] [orbit] Tap mode detected: keeping radial menu open until click.
[14:30:04] [INFO] [orbit.hooks.hotkey] Hotkey triggered globally at (1258, 369)
[14:30:04] [INFO] [orbit] Hotkey triggered at (1258, 369) for active app 'antigravity ide.exe' using profile 'Default'
[14:30:04] [INFO] [orbit] Hotkey released after 0.09s
[14:30:04] [INFO] [orbit] Tap mode detected: keeping radial menu open until click.
[14:30:05] [INFO] [orbit.hooks.hotkey] Hotkey triggered globally at (1258, 369)
[14:30:05] [INFO] [orbit] Hotkey pressed while active -> dismissing menu.
[14:30:05] [INFO] [orbit] Hotkey released after 0.08s
[14:30:05] [INFO] [orbit] Tap mode detected: keeping radial menu open until click.
[14:30:06] [INFO] [orbit.hooks.hotkey] Hotkey triggered globally at (1258, 369)
[14:30:06] [INFO] [orbit] Hotkey triggered at (1258, 369) for active app 'antigravity ide.exe' using profile 'Default'
[14:30:06] [INFO] [orbit] Hotkey released after 0.11s
[14:30:06] [INFO] [orbit] Tap mode detected: keeping radial menu open until click.
[14:30:09] [INFO] [orbit] Executing selected slice action: Paste
[14:30:09] [INFO] [orbit.services.action] Executing action 'Paste' (ID: a6)
[14:30:09] [INFO] [orbit.actions] Simulated shortcut: ctrl+v
[14:30:19] [INFO] [orbit.hooks.hotkey] Hotkey triggered globally at (1120, 472)
[14:30:19] [INFO] [orbit] Hotkey triggered at (1120, 472) for active app 'explorer.exe' using profile 'Default'
[14:30:20] [INFO] [orbit] Hotkey released after 0.12s
[14:30:20] [INFO] [orbit] Tap mode detected: keeping radial menu open until click.
[14:30:32] [INFO] [orbit.hooks.hotkey] Hotkey triggered globally at (1144, 502)
[14:30:32] [INFO] [orbit.services.profile] Matched profile 'VS Code' for app 'code.exe'
[14:30:32] [INFO] [orbit] Hotkey triggered at (1144, 502) for active app 'code.exe' using profile 'VS Code'
[14:30:32] [INFO] [orbit] Hotkey released after 0.08s
[14:30:32] [INFO] [orbit] Tap mode detected: keeping radial menu open until click.
[14:32:04] [INFO] [orbit] Initializing Orbit Radial Menu Application...
[14:32:04] [INFO] [orbit.platform.windows] Initialized WindowsPlatform
[14:32:04] [INFO] [orbit.services.profile] Loaded profile: Web Browser (8 items)
[14:32:04] [INFO] [orbit.services.profile] Loaded profile: Default (9 items)
[14:32:04] [INFO] [orbit.services.profile] Loaded profile: VS Code (8 items)
[14:32:04] [INFO] [orbit.services.profile] Active profile set to 'Default'
[14:32:04] [INFO] [orbit.services.plugin] Registered plugin 'Launcher Plugin' (v1.0.0)
[14:32:04] [INFO] [orbit.services.plugin] Registered plugin 'Media Control Plugin' (v1.0.0)
[14:32:04] [INFO] [orbit.services.plugin] Registered plugin 'Shell Command Plugin' (v1.0.0)
[14:32:04] [INFO] [orbit.hooks.hotkey] Global input listeners started (Primary: 'ctrl+space', Secondary: 'button4', Hold: False@1.0s).
[14:32:04] [INFO] [orbit.ui.system_tray] System Tray initialized.
[14:32:04] [INFO] [orbit] Orbit application running in system tray. Press Mouse 4 or Ctrl+Space to activate radial menu.
[14:32:11] [INFO] [orbit.hooks.hotkey] Hotkey triggered globally at (1193, 424)
[14:32:11] [INFO] [orbit] Hotkey triggered at (1193, 424) for active app 'antigravity ide.exe' using profile 'Default'
[14:32:11] [INFO] [orbit] Hotkey released after 0.13s
[14:32:11] [INFO] [orbit] Tap mode detected: keeping radial menu open until click.
[14:32:37] [INFO] [orbit.hooks.hotkey] Hotkey triggered globally at (1199, 539)
[14:32:37] [INFO] [orbit] Hotkey triggered at (1199, 539) for active app 'antigravity ide.exe' using profile 'Default'
[14:32:37] [INFO] [orbit] Hotkey released after 0.11s
[14:32:37] [INFO] [orbit] Tap mode detected: keeping radial menu open until click.
[14:32:39] [INFO] [orbit] Executing selected slice action: Browser
[14:32:39] [INFO] [orbit.services.action] Executing action 'Browser' (ID: a2)
[14:32:39] [INFO] [orbit.actions] Opened URL: https://google.com
[14:32:40] [INFO] [orbit.hooks.hotkey] Hotkey triggered globally at (1113, 425)
[14:32:40] [INFO] [orbit.services.profile] Matched profile 'Web Browser' for app 'brave.exe'
[14:32:40] [INFO] [orbit] Hotkey triggered at (1113, 425) for active app 'brave.exe' using profile 'Web Browser'
[14:32:40] [INFO] [orbit] Hotkey released after 0.09s
[14:32:40] [INFO] [orbit] Tap mode detected: keeping radial menu open until click.
[14:32:43] [INFO] [orbit] Executing selected slice action: Yenile
[14:32:43] [INFO] [orbit.services.action] Executing action 'Yenile' (ID: ba3)
[14:32:43] [INFO] [orbit.actions] Simulated shortcut: f5
[14:32:43] [INFO] [orbit.hooks.hotkey] Hotkey triggered globally at (1087, 436)
[14:32:43] [INFO] [orbit.services.profile] Matched profile 'Web Browser' for app 'brave.exe'
[14:32:43] [INFO] [orbit] Hotkey triggered at (1087, 436) for active app 'brave.exe' using profile 'Web Browser'
[14:32:43] [INFO] [orbit] Hotkey released after 0.09s
[14:32:43] [INFO] [orbit] Tap mode detected: keeping radial menu open until click.
[14:32:47] [INFO] [orbit] Executing selected slice action: Sonraki Sekme
[14:32:47] [INFO] [orbit.services.action] Executing action 'Sonraki Sekme' (ID: ba5)
[14:32:47] [INFO] [orbit.actions] Simulated shortcut: ctrl+tab
[14:32:48] [INFO] [orbit.hooks.hotkey] Hotkey triggered globally at (1018, 421)
[14:32:48] [INFO] [orbit.services.profile] Matched profile 'Web Browser' for app 'brave.exe'
[14:32:48] [INFO] [orbit] Hotkey triggered at (1018, 421) for active app 'brave.exe' using profile 'Web Browser'
[14:32:48] [INFO] [orbit] Hotkey released after 0.10s
[14:32:48] [INFO] [orbit] Tap mode detected: keeping radial menu open until click.
[14:32:49] [INFO] [orbit] Executing selected slice action: Önceki Sekme
[14:32:49] [INFO] [orbit.services.action] Executing action 'Önceki Sekme' (ID: ba6)
[14:32:49] [INFO] [orbit.actions] Simulated shortcut: ctrl+shift+tab
[14:32:49] [INFO] [orbit.hooks.hotkey] Hotkey triggered globally at (1139, 599)
[14:32:49] [INFO] [orbit.services.profile] Matched profile 'Web Browser' for app 'brave.exe'
[14:32:49] [INFO] [orbit] Hotkey triggered at (1139, 599) for active app 'brave.exe' using profile 'Web Browser'
[14:32:49] [INFO] [orbit] Hotkey released after 0.09s
[14:32:49] [INFO] [orbit] Tap mode detected: keeping radial menu open until click.
[14:32:50] [INFO] [orbit] Executing selected slice action: Önceki Sekme
[14:32:50] [INFO] [orbit.services.action] Executing action 'Önceki Sekme' (ID: ba6)
[14:32:50] [INFO] [orbit.actions] Simulated shortcut: ctrl+shift+tab
[14:32:50] [INFO] [orbit.hooks.hotkey] Hotkey triggered globally at (1179, 711)
[14:32:50] [INFO] [orbit.services.profile] Matched profile 'Web Browser' for app 'brave.exe'
[14:32:50] [INFO] [orbit] Hotkey triggered at (1179, 711) for active app 'brave.exe' using profile 'Web Browser'
[14:32:50] [INFO] [orbit] Hotkey released after 0.06s
[14:32:50] [INFO] [orbit] Tap mode detected: keeping radial menu open until click.
[14:32:53] [INFO] [orbit] Executing selected slice action: Sekme Kapat
[14:32:53] [INFO] [orbit.services.action] Executing action 'Kapat' (ID: ba8)
[14:32:53] [INFO] [orbit.actions] Simulated shortcut: ctrl+w
[14:32:53] [INFO] [orbit.hooks.hotkey] Hotkey triggered globally at (1448, 789)
[14:32:53] [INFO] [orbit.services.profile] Matched profile 'Web Browser' for app 'brave.exe'
[14:32:53] [INFO] [orbit] Hotkey triggered at (1448, 789) for active app 'brave.exe' using profile 'Web Browser'
[14:32:53] [INFO] [orbit] Hotkey released after 0.09s
[14:32:53] [INFO] [orbit] Tap mode detected: keeping radial menu open until click.
[14:32:54] [INFO] [orbit] Executing selected slice action: Sekme Kapat
[14:32:54] [INFO] [orbit.services.action] Executing action 'Kapat' (ID: ba8)
[14:32:54] [INFO] [orbit.actions] Simulated shortcut: ctrl+w
[14:33:32] [INFO] [orbit.hooks.hotkey] Hotkey triggered globally at (1084, 396)
[14:33:32] [INFO] [orbit.services.profile] Matched profile 'VS Code' for app 'code.exe'
[14:33:32] [INFO] [orbit] Hotkey triggered at (1084, 396) for active app 'code.exe' using profile 'VS Code'
[14:33:32] [INFO] [orbit] Hotkey released after 0.11s
[14:33:32] [INFO] [orbit] Tap mode detected: keeping radial menu open until click.
[14:33:33] [INFO] [orbit.ui.radial_view] Opening sub-ring 'Kod Araçları'
[14:33:36] [INFO] [orbit] Executing selected slice action: Yorum Yap
[14:33:36] [INFO] [orbit.services.action] Executing action 'Yorum' (ID: vsa2)
[14:33:36] [INFO] [orbit.actions] Simulated shortcut: ctrl+/
[14:33:37] [INFO] [orbit.hooks.hotkey] Hotkey triggered globally at (859, 487)
[14:33:37] [INFO] [orbit.services.profile] Matched profile 'VS Code' for app 'code.exe'
[14:33:37] [INFO] [orbit] Hotkey triggered at (859, 487) for active app 'code.exe' using profile 'VS Code'
[14:33:38] [INFO] [orbit] Hotkey released after 0.07s
[14:33:38] [INFO] [orbit] Tap mode detected: keeping radial menu open until click.
[14:33:39] [INFO] [orbit] Executing selected slice action: Terminal
[14:33:39] [INFO] [orbit.services.action] Executing action 'Terminal' (ID: va3)
[14:33:39] [INFO] [orbit.actions] Simulated shortcut: ctrl+`
[14:33:41] [INFO] [orbit.hooks.hotkey] Hotkey triggered globally at (925, 539)
[14:33:41] [INFO] [orbit.services.profile] Matched profile 'VS Code' for app 'code.exe'
[14:33:41] [INFO] [orbit] Hotkey triggered at (925, 539) for active app 'code.exe' using profile 'VS Code'
[14:33:41] [INFO] [orbit] Hotkey released after 0.10s
[14:33:41] [INFO] [orbit] Tap mode detected: keeping radial menu open until click.
[14:33:47] [INFO] [orbit.hooks.hotkey] Hotkey triggered globally at (1006, 601)
[14:33:47] [INFO] [orbit.services.profile] Matched profile 'VS Code' for app 'code.exe'
[14:33:47] [INFO] [orbit] Hotkey triggered at (1006, 601) for active app 'code.exe' using profile 'VS Code'
[14:33:48] [INFO] [orbit] Hotkey released after 0.08s
[14:33:48] [INFO] [orbit] Tap mode detected: keeping radial menu open until click.
[14:33:50] [INFO] [orbit] Executing selected slice action: Terminal
[14:33:50] [INFO] [orbit.services.action] Executing action 'Terminal' (ID: va3)
[14:33:50] [INFO] [orbit.actions] Simulated shortcut: ctrl+`
[14:33:51] [INFO] [orbit.hooks.hotkey] Hotkey triggered globally at (1252, 754)
[14:33:51] [INFO] [orbit.services.profile] Matched profile 'VS Code' for app 'code.exe'
[14:33:51] [INFO] [orbit] Hotkey triggered at (1252, 754) for active app 'code.exe' using profile 'VS Code'
[14:33:51] [INFO] [orbit] Hotkey released after 0.14s
[14:33:51] [INFO] [orbit] Tap mode detected: keeping radial menu open until click.
[14:33:53] [INFO] [orbit] Executing selected slice action: Git Menüsü
[14:33:53] [INFO] [orbit.services.action] Executing action 'Git' (ID: va6)
[14:33:53] [INFO] [orbit.actions] Simulated shortcut: ctrl+shift+g
[14:33:54] [INFO] [orbit.hooks.hotkey] Hotkey triggered globally at (1270, 913)
[14:33:54] [INFO] [orbit.services.profile] Matched profile 'VS Code' for app 'code.exe'
[14:33:54] [INFO] [orbit] Hotkey triggered at (1270, 913) for active app 'code.exe' using profile 'VS Code'
[14:33:54] [INFO] [orbit] Hotkey released after 0.20s
[14:33:54] [INFO] [orbit.hooks.hotkey] Hotkey triggered globally at (1410, 1005)
[14:33:54] [INFO] [orbit.services.profile] Matched profile 'VS Code' for app 'code.exe'
[14:33:54] [INFO] [orbit] Hotkey triggered at (1410, 1005) for active app 'code.exe' using profile 'VS Code'
[14:33:55] [INFO] [orbit] Hotkey released after 0.15s
[14:33:55] [INFO] [orbit] Tap mode detected: keeping radial menu open until click.
[14:33:55] [INFO] [orbit.hooks.hotkey] Hotkey triggered globally at (1269, 659)
[14:33:55] [INFO] [orbit] Hotkey pressed while active -> dismissing menu.
[14:33:55] [INFO] [orbit] Hotkey released after 0.11s
[14:33:55] [INFO] [orbit] Tap mode detected: keeping radial menu open until click.
[14:33:55] [INFO] [orbit.hooks.hotkey] Hotkey triggered globally at (1134, 575)
[14:33:55] [INFO] [orbit.services.profile] Matched profile 'VS Code' for app 'code.exe'
[14:33:55] [INFO] [orbit] Hotkey triggered at (1134, 575) for active app 'code.exe' using profile 'VS Code'
[14:33:56] [INFO] [orbit] Hotkey released after 0.10s
[14:33:56] [INFO] [orbit] Tap mode detected: keeping radial menu open until click.
[14:33:56] [INFO] [orbit.hooks.hotkey] Hotkey triggered globally at (1130, 511)
[14:33:56] [INFO] [orbit] Hotkey pressed while active -> dismissing menu.
[14:33:56] [INFO] [orbit] Hotkey released after 0.10s
[14:33:56] [INFO] [orbit] Tap mode detected: keeping radial menu open until click.
[14:33:57] [INFO] [orbit.hooks.hotkey] Hotkey triggered globally at (1129, 505)
[14:33:57] [INFO] [orbit.services.profile] Matched profile 'VS Code' for app 'code.exe'
[14:33:57] [INFO] [orbit] Hotkey triggered at (1129, 505) for active app 'code.exe' using profile 'VS Code'
[14:33:57] [INFO] [orbit] Hotkey released after 0.10s
[14:33:57] [INFO] [orbit] Tap mode detected: keeping radial menu open until click.
[14:33:57] [INFO] [orbit.hooks.hotkey] Hotkey triggered globally at (1129, 502)
[14:33:57] [INFO] [orbit] Hotkey pressed while active -> dismissing menu.
[14:33:57] [INFO] [orbit] Hotkey released after 0.12s
[14:33:57] [INFO] [orbit] Tap mode detected: keeping radial menu open until click.
[14:33:58] [INFO] [orbit.hooks.hotkey] Hotkey triggered globally at (1129, 502)
[14:33:58] [INFO] [orbit.services.profile] Matched profile 'VS Code' for app 'code.exe'
[14:33:58] [INFO] [orbit] Hotkey triggered at (1129, 502) for active app 'code.exe' using profile 'VS Code'
[14:33:58] [INFO] [orbit] Hotkey released after 0.12s
[14:33:58] [INFO] [orbit] Tap mode detected: keeping radial menu open until click.
[14:34:06] [INFO] [orbit] Executing selected slice action: Komut Paleti
[14:34:06] [INFO] [orbit.services.action] Executing action 'Komut Paleti' (ID: va1)
[14:34:06] [INFO] [orbit.actions] Simulated shortcut: ctrl+shift+p
[14:34:08] [INFO] [orbit.hooks.hotkey] Hotkey triggered globally at (995, 741)
[14:34:08] [INFO] [orbit.services.profile] Matched profile 'VS Code' for app 'code.exe'
[14:34:08] [INFO] [orbit] Hotkey triggered at (995, 741) for active app 'code.exe' using profile 'VS Code'
[14:34:08] [INFO] [orbit] Hotkey released after 0.11s
[14:34:08] [INFO] [orbit] Tap mode detected: keeping radial menu open until click.
[14:34:09] [INFO] [orbit] Executing selected slice action: Sekme Kapat
[14:34:09] [INFO] [orbit.services.action] Executing action 'Kapat' (ID: va8)
[14:34:09] [INFO] [orbit.actions] Simulated shortcut: ctrl+w
[14:34:09] [INFO] [orbit.hooks.hotkey] Hotkey triggered globally at (1126, 763)
[14:34:09] [INFO] [orbit.services.profile] Matched profile 'VS Code' for app 'code.exe'
[14:34:09] [INFO] [orbit] Hotkey triggered at (1126, 763) for active app 'code.exe' using profile 'VS Code'
[14:34:09] [INFO] [orbit] Hotkey released after 0.10s
[14:34:09] [INFO] [orbit] Tap mode detected: keeping radial menu open until click.
[14:34:11] [INFO] [orbit] Executing selected slice action: Editör Böl
[14:34:11] [INFO] [orbit.services.action] Executing action 'Böl' (ID: va7)
[14:34:11] [INFO] [orbit.actions] Simulated shortcut: ctrl+\
[14:34:11] [INFO] [orbit.hooks.hotkey] Hotkey triggered globally at (939, 350)
[14:34:11] [INFO] [orbit.services.profile] Matched profile 'VS Code' for app 'code.exe'
[14:34:11] [INFO] [orbit] Hotkey triggered at (939, 350) for active app 'code.exe' using profile 'VS Code'
[14:34:12] [INFO] [orbit] Hotkey released after 0.09s
[14:34:12] [INFO] [orbit] Tap mode detected: keeping radial menu open until click.
[14:34:12] [INFO] [orbit] Executing selected slice action: Hata Ayıkla
[14:34:13] [INFO] [orbit.services.action] Executing action 'Hata Ayıkla' (ID: va5)
[14:34:13] [INFO] [orbit.actions] Simulated shortcut: f5
[14:34:13] [INFO] [orbit.hooks.hotkey] Hotkey triggered globally at (1086, 513)
[14:34:13] [INFO] [orbit.services.profile] Matched profile 'VS Code' for app 'code.exe'
[14:34:13] [INFO] [orbit] Hotkey triggered at (1086, 513) for active app 'code.exe' using profile 'VS Code'
[14:34:13] [INFO] [orbit] Hotkey released after 0.09s
[14:34:13] [INFO] [orbit] Tap mode detected: keeping radial menu open until click.
[14:34:14] [INFO] [orbit.ui.radial_view] Opening sub-ring 'Kod Araçları'
[14:34:16] [INFO] [orbit] Executing selected slice action: Kodu Formatla
[14:34:16] [INFO] [orbit.services.action] Executing action 'Formatla' (ID: vsa1)
[14:34:16] [INFO] [orbit.actions] Simulated shortcut: shift+alt+f
[14:34:18] [INFO] [orbit.hooks.hotkey] Hotkey triggered globally at (1280, 444)
[14:34:18] [INFO] [orbit.services.profile] Matched profile 'VS Code' for app 'code.exe'
[14:34:18] [INFO] [orbit] Hotkey triggered at (1280, 444) for active app 'code.exe' using profile 'VS Code'
[14:34:18] [INFO] [orbit] Hotkey released after 0.13s
[14:34:18] [INFO] [orbit] Tap mode detected: keeping radial menu open until click.
[14:34:21] [INFO] [orbit.hooks.hotkey] Hotkey triggered globally at (1282, 585)
[14:34:21] [INFO] [orbit.services.profile] Matched profile 'VS Code' for app 'code.exe'
[14:34:21] [INFO] [orbit] Hotkey triggered at (1282, 585) for active app 'code.exe' using profile 'VS Code'
[14:34:21] [INFO] [orbit] Hotkey released after 0.09s
[14:34:21] [INFO] [orbit] Tap mode detected: keeping radial menu open until click.
[14:34:22] [INFO] [orbit.ui.radial_view] Opening sub-ring 'Kod Araçları'
[14:34:22] [INFO] [orbit.ui.radial_view] Center Back clicked -> Returning to parent ring
[14:36:03] [INFO] [orbit.hooks.hotkey] Hotkey triggered globally at (1461, 620)
[14:36:03] [INFO] [orbit] Hotkey triggered at (1461, 620) for active app 'antigravity ide.exe' using profile 'Default'
[14:36:03] [INFO] [orbit] Hotkey released after 0.14s
[14:36:03] [INFO] [orbit] Tap mode detected: keeping radial menu open until click.
[14:36:07] [INFO] [orbit.hooks.hotkey] Hotkey triggered globally at (1104, 495)
[14:36:07] [INFO] [orbit] Hotkey triggered at (1104, 495) for active app 'antigravity ide.exe' using profile 'Default'
[14:36:07] [INFO] [orbit] Hotkey released after 0.12s
[14:36:07] [INFO] [orbit] Tap mode detected: keeping radial menu open until click.
[14:36:34] [INFO] [orbit.hooks.hotkey] Hotkey triggered globally at (1057, 551)
[14:36:34] [INFO] [orbit] Hotkey triggered at (1057, 551) for active app 'antigravity ide.exe' using profile 'Default'
[14:36:34] [INFO] [orbit] Hotkey released after 0.09s
[14:36:34] [INFO] [orbit] Tap mode detected: keeping radial menu open until click.
[14:37:40] [INFO] [orbit] Initializing Orbit Radial Menu Application...
[14:37:40] [INFO] [orbit.platform.windows] Initialized WindowsPlatform
[14:37:40] [INFO] [orbit.services.profile] Loaded profile: Web Browser (8 items)
[14:37:40] [INFO] [orbit.services.profile] Loaded profile: Varsayılan (8 items)
[14:37:40] [INFO] [orbit.services.profile] Loaded profile: VS Code (8 items)
[14:37:40] [INFO] [orbit.services.profile] Active profile set to 'Varsayılan'
[14:37:40] [INFO] [orbit.services.plugin] Registered plugin 'Launcher Plugin' (v1.0.0)
[14:37:40] [INFO] [orbit.services.plugin] Registered plugin 'Media Control Plugin' (v1.0.0)
[14:37:40] [INFO] [orbit.services.plugin] Registered plugin 'Shell Command Plugin' (v1.0.0)
[14:37:40] [INFO] [orbit.hooks.hotkey] Global input listeners started (Primary: 'ctrl+space', Secondary: 'button4', Hold: False@1.0s).
[14:37:40] [INFO] [orbit.ui.system_tray] System Tray initialized.
[14:37:40] [INFO] [orbit] Orbit application running in system tray. Press Mouse 4 or Ctrl+Space to activate radial menu.
[14:37:42] [INFO] [orbit.hooks.hotkey] Hotkey triggered globally at (1042, 581)
[14:37:42] [INFO] [orbit] Hotkey triggered at (1042, 581) for active app 'antigravity ide.exe' using profile 'Varsayılan'
[14:37:42] [INFO] [orbit] Hotkey released after 0.11s
[14:37:42] [INFO] [orbit] Tap mode detected: keeping radial menu open until click.
[14:37:44] [INFO] [orbit] Executing selected slice action: Akıllı Makro
[14:37:44] [INFO] [orbit.services.action] Executing action 'Akıllı Makro' (ID: a5_macro)
[14:37:44] [INFO] [orbit.actions] Executing MacroAction 'Akıllı Makro' with 3 steps...
[14:37:44] [INFO] [orbit.actions] Simulated shortcut: ctrl+c
[14:37:44] [INFO] [orbit.actions] Simulated shortcut: ctrl+v
[14:37:58] [INFO] [orbit.hooks.hotkey] Hotkey triggered globally at (980, 601)
[14:37:58] [INFO] [orbit.services.profile] Matched profile 'Web Browser' for app 'brave.exe'
[14:37:58] [INFO] [orbit] Hotkey triggered at (980, 601) for active app 'brave.exe' using profile 'Web Browser'
[14:37:58] [INFO] [orbit] Hotkey released after 0.07s
[14:37:58] [INFO] [orbit] Tap mode detected: keeping radial menu open until click.
[14:38:04] [INFO] [orbit] Executing selected slice action: Geliştirici
[14:38:04] [INFO] [orbit.services.action] Executing action 'İncele' (ID: ba4)
[14:38:04] [INFO] [orbit.actions] Simulated shortcut: f12
[14:38:08] [INFO] [orbit.hooks.hotkey] Hotkey triggered globally at (1047, 528)
[14:38:08] [INFO] [orbit.services.profile] Matched profile 'Web Browser' for app 'brave.exe'
[14:38:08] [INFO] [orbit] Hotkey triggered at (1047, 528) for active app 'brave.exe' using profile 'Web Browser'
[14:38:08] [INFO] [orbit] Hotkey released after 0.09s
[14:38:08] [INFO] [orbit] Tap mode detected: keeping radial menu open until click.
[14:38:26] [INFO] [orbit.hooks.hotkey] Hotkey triggered globally at (1698, 591)
[14:38:26] [INFO] [orbit] Hotkey triggered at (1698, 591) for active app 'explorer.exe' using profile 'Varsayılan'
[14:38:26] [INFO] [orbit] Hotkey released after 0.07s
[14:38:26] [INFO] [orbit] Tap mode detected: keeping radial menu open until click.
[14:38:28] [INFO] [orbit.actions] WheelAction 'Ses Ayarı' scrolled UP (mode=volume)
[14:38:29] [INFO] [orbit.actions] WheelAction 'Ses Ayarı' scrolled UP (mode=volume)
[14:38:29] [INFO] [orbit.actions] WheelAction 'Ses Ayarı' scrolled UP (mode=volume)
[14:38:29] [INFO] [orbit.actions] WheelAction 'Ses Ayarı' scrolled UP (mode=volume)
[14:38:29] [INFO] [orbit.actions] WheelAction 'Ses Ayarı' scrolled DOWN (mode=volume)
[14:38:29] [INFO] [orbit.actions] WheelAction 'Ses Ayarı' scrolled DOWN (mode=volume)
[14:38:29] [INFO] [orbit.actions] WheelAction 'Ses Ayarı' scrolled DOWN (mode=volume)
[14:38:29] [INFO] [orbit.actions] WheelAction 'Ses Ayarı' scrolled DOWN (mode=volume)
[14:38:29] [INFO] [orbit.actions] WheelAction 'Ses Ayarı' scrolled DOWN (mode=volume)
[14:38:29] [INFO] [orbit.actions] WheelAction 'Ses Ayarı' scrolled UP (mode=volume)
[14:38:29] [INFO] [orbit.actions] WheelAction 'Ses Ayarı' scrolled UP (mode=volume)
[14:38:29] [INFO] [orbit.actions] WheelAction 'Ses Ayarı' scrolled UP (mode=volume)
[14:38:29] [INFO] [orbit.actions] WheelAction 'Ses Ayarı' scrolled UP (mode=volume)
[14:38:29] [INFO] [orbit.actions] WheelAction 'Ses Ayarı' scrolled UP (mode=volume)
[14:38:29] [INFO] [orbit.actions] WheelAction 'Ses Ayarı' scrolled UP (mode=volume)
[14:38:30] [INFO] [orbit.actions] WheelAction 'Ses Ayarı' scrolled DOWN (mode=volume)
[14:38:30] [INFO] [orbit.actions] WheelAction 'Ses Ayarı' scrolled DOWN (mode=volume)
[14:38:30] [INFO] [orbit.actions] WheelAction 'Ses Ayarı' scrolled DOWN (mode=volume)
[14:38:30] [INFO] [orbit.actions] WheelAction 'Ses Ayarı' scrolled DOWN (mode=volume)
[14:38:30] [INFO] [orbit.actions] WheelAction 'Ses Ayarı' scrolled DOWN (mode=volume)
[14:38:30] [INFO] [orbit.actions] WheelAction 'Ses Ayarı' scrolled DOWN (mode=volume)
[14:38:30] [INFO] [orbit.actions] WheelAction 'Ses Ayarı' scrolled UP (mode=volume)
[14:38:30] [INFO] [orbit.actions] WheelAction 'Ses Ayarı' scrolled UP (mode=volume)
[14:38:30] [INFO] [orbit.actions] WheelAction 'Ses Ayarı' scrolled UP (mode=volume)
[14:38:30] [INFO] [orbit.actions] WheelAction 'Ses Ayarı' scrolled UP (mode=volume)
[14:38:30] [INFO] [orbit.actions] WheelAction 'Ses Ayarı' scrolled UP (mode=volume)
[14:38:30] [INFO] [orbit.actions] WheelAction 'Ses Ayarı' scrolled UP (mode=volume)
[14:38:30] [INFO] [orbit.actions] WheelAction 'Ses Ayarı' scrolled UP (mode=volume)
[14:38:30] [INFO] [orbit.actions] WheelAction 'Ses Ayarı' scrolled DOWN (mode=volume)
[14:38:30] [INFO] [orbit.actions] WheelAction 'Ses Ayarı' scrolled DOWN (mode=volume)
[14:38:30] [INFO] [orbit.actions] WheelAction 'Ses Ayarı' scrolled DOWN (mode=volume)
[14:38:30] [INFO] [orbit.actions] WheelAction 'Ses Ayarı' scrolled DOWN (mode=volume)
[14:38:30] [INFO] [orbit.actions] WheelAction 'Ses Ayarı' scrolled DOWN (mode=volume)
[14:38:30] [INFO] [orbit.actions] WheelAction 'Ses Ayarı' scrolled DOWN (mode=volume)
[14:38:30] [INFO] [orbit.actions] WheelAction 'Ses Ayarı' scrolled UP (mode=volume)
[14:38:30] [INFO] [orbit.actions] WheelAction 'Ses Ayarı' scrolled UP (mode=volume)
[14:38:30] [INFO] [orbit.actions] WheelAction 'Ses Ayarı' scrolled UP (mode=volume)
[14:38:30] [INFO] [orbit.actions] WheelAction 'Ses Ayarı' scrolled UP (mode=volume)
[14:38:30] [INFO] [orbit.actions] WheelAction 'Ses Ayarı' scrolled UP (mode=volume)
[14:38:30] [INFO] [orbit.actions] WheelAction 'Ses Ayarı' scrolled UP (mode=volume)
[14:38:30] [INFO] [orbit.actions] WheelAction 'Ses Ayarı' scrolled UP (mode=volume)
[14:38:30] [INFO] [orbit.actions] WheelAction 'Ses Ayarı' scrolled DOWN (mode=volume)
[14:38:30] [INFO] [orbit.actions] WheelAction 'Ses Ayarı' scrolled DOWN (mode=volume)
[14:38:30] [INFO] [orbit.actions] WheelAction 'Ses Ayarı' scrolled DOWN (mode=volume)
[14:38:30] [INFO] [orbit.actions] WheelAction 'Ses Ayarı' scrolled DOWN (mode=volume)
[14:38:30] [INFO] [orbit.actions] WheelAction 'Ses Ayarı' scrolled DOWN (mode=volume)
[14:38:31] [INFO] [orbit.actions] WheelAction 'Ses Ayarı' scrolled UP (mode=volume)
[14:38:31] [INFO] [orbit.actions] WheelAction 'Ses Ayarı' scrolled UP (mode=volume)
[14:38:31] [INFO] [orbit.actions] WheelAction 'Ses Ayarı' scrolled UP (mode=volume)
[14:38:31] [INFO] [orbit.actions] WheelAction 'Ses Ayarı' scrolled UP (mode=volume)
[14:38:31] [INFO] [orbit.actions] WheelAction 'Ses Ayarı' scrolled UP (mode=volume)
[14:38:31] [INFO] [orbit.actions] WheelAction 'Ses Ayarı' scrolled UP (mode=volume)
[14:38:31] [INFO] [orbit.actions] WheelAction 'Ses Ayarı' scrolled UP (mode=volume)
[14:38:31] [INFO] [orbit.actions] WheelAction 'Ses Ayarı' scrolled UP (mode=volume)
[14:38:31] [INFO] [orbit.actions] WheelAction 'Ses Ayarı' scrolled UP (mode=volume)
[14:38:31] [INFO] [orbit.actions] WheelAction 'Ses Ayarı' scrolled UP (mode=volume)
[14:38:31] [INFO] [orbit.actions] WheelAction 'Ses Ayarı' scrolled UP (mode=volume)
[14:38:31] [INFO] [orbit.actions] WheelAction 'Ses Ayarı' scrolled UP (mode=volume)
[14:38:31] [INFO] [orbit.actions] WheelAction 'Ses Ayarı' scrolled UP (mode=volume)
[14:38:31] [INFO] [orbit.actions] WheelAction 'Ses Ayarı' scrolled UP (mode=volume)
[14:38:31] [INFO] [orbit.actions] WheelAction 'Ses Ayarı' scrolled UP (mode=volume)
[14:38:31] [INFO] [orbit.actions] WheelAction 'Ses Ayarı' scrolled DOWN (mode=volume)
[14:38:31] [INFO] [orbit.actions] WheelAction 'Ses Ayarı' scrolled DOWN (mode=volume)
[14:38:31] [INFO] [orbit.actions] WheelAction 'Ses Ayarı' scrolled DOWN (mode=volume)
[14:38:31] [INFO] [orbit.actions] WheelAction 'Ses Ayarı' scrolled DOWN (mode=volume)
[14:38:31] [INFO] [orbit.actions] WheelAction 'Ses Ayarı' scrolled DOWN (mode=volume)
[14:38:32] [INFO] [orbit.actions] WheelAction 'Ses Ayarı' scrolled DOWN (mode=volume)
[14:38:32] [INFO] [orbit.actions] WheelAction 'Ses Ayarı' scrolled DOWN (mode=volume)
[14:38:32] [INFO] [orbit.actions] WheelAction 'Ses Ayarı' scrolled DOWN (mode=volume)
[14:38:32] [INFO] [orbit.actions] WheelAction 'Ses Ayarı' scrolled UP (mode=volume)
[14:38:32] [INFO] [orbit.actions] WheelAction 'Ses Ayarı' scrolled UP (mode=volume)
[14:38:32] [INFO] [orbit.actions] WheelAction 'Ses Ayarı' scrolled UP (mode=volume)
[14:38:32] [INFO] [orbit.actions] WheelAction 'Ses Ayarı' scrolled UP (mode=volume)
[14:38:32] [INFO] [orbit.actions] WheelAction 'Ses Ayarı' scrolled UP (mode=volume)
[14:38:32] [INFO] [orbit.actions] WheelAction 'Ses Ayarı' scrolled UP (mode=volume)
[14:38:32] [INFO] [orbit.actions] WheelAction 'Ses Ayarı' scrolled UP (mode=volume)
[14:38:32] [INFO] [orbit.actions] WheelAction 'Ses Ayarı' scrolled DOWN (mode=volume)
[14:38:32] [INFO] [orbit.actions] WheelAction 'Ses Ayarı' scrolled DOWN (mode=volume)
[14:38:32] [INFO] [orbit.actions] WheelAction 'Ses Ayarı' scrolled DOWN (mode=volume)
[14:38:32] [INFO] [orbit.actions] WheelAction 'Ses Ayarı' scrolled DOWN (mode=volume)
[14:38:32] [INFO] [orbit.actions] WheelAction 'Ses Ayarı' scrolled DOWN (mode=volume)
[14:38:33] [INFO] [orbit.actions] WheelAction 'Ses Ayarı' scrolled UP (mode=volume)
[14:38:33] [INFO] [orbit.actions] WheelAction 'Ses Ayarı' scrolled UP (mode=volume)
[14:38:33] [INFO] [orbit.actions] WheelAction 'Ses Ayarı' scrolled UP (mode=volume)
[14:38:33] [INFO] [orbit.actions] WheelAction 'Ses Ayarı' scrolled UP (mode=volume)
[14:38:33] [INFO] [orbit.actions] WheelAction 'Ses Ayarı' scrolled UP (mode=volume)
[14:38:33] [INFO] [orbit.actions] WheelAction 'Ses Ayarı' scrolled UP (mode=volume)
[14:38:33] [INFO] [orbit.actions] WheelAction 'Ses Ayarı' scrolled UP (mode=volume)
[14:38:33] [INFO] [orbit] Executing selected slice action: Ses Ayarı
[14:38:33] [INFO] [orbit.services.action] Executing action 'Ses Ayarı' (ID: a3_vol)
[14:38:33] [INFO] [orbit.actions] WheelAction 'Ses Ayarı' scrolled UP (mode=volume)
[14:38:36] [INFO] [orbit.hooks.hotkey] Hotkey triggered globally at (1407, 818)
[14:38:36] [INFO] [orbit] Hotkey triggered at (1407, 818) for active app 'explorer.exe' using profile 'Varsayılan'
[14:38:36] [INFO] [orbit] Hotkey released after 0.05s
[14:38:36] [INFO] [orbit] Tap mode detected: keeping radial menu open until click.
[14:38:37] [INFO] [orbit.actions] WheelAction 'Ses Ayarı' scrolled UP (mode=volume)
[14:38:37] [INFO] [orbit.actions] WheelAction 'Ses Ayarı' scrolled UP (mode=volume)
[14:38:37] [INFO] [orbit.actions] WheelAction 'Ses Ayarı' scrolled UP (mode=volume)
[14:38:37] [INFO] [orbit.actions] WheelAction 'Ses Ayarı' scrolled DOWN (mode=volume)
[14:38:37] [INFO] [orbit.actions] WheelAction 'Ses Ayarı' scrolled DOWN (mode=volume)
[14:38:37] [INFO] [orbit.actions] WheelAction 'Ses Ayarı' scrolled DOWN (mode=volume)
[14:38:37] [INFO] [orbit.actions] WheelAction 'Ses Ayarı' scrolled DOWN (mode=volume)
[14:38:37] [INFO] [orbit.actions] WheelAction 'Ses Ayarı' scrolled DOWN (mode=volume)
[14:38:38] [INFO] [orbit.actions] WheelAction 'Ses Ayarı' scrolled UP (mode=volume)
[14:38:38] [INFO] [orbit.actions] WheelAction 'Ses Ayarı' scrolled UP (mode=volume)
[14:38:38] [INFO] [orbit.actions] WheelAction 'Ses Ayarı' scrolled UP (mode=volume)
[14:38:38] [INFO] [orbit.actions] WheelAction 'Ses Ayarı' scrolled UP (mode=volume)
[14:38:38] [INFO] [orbit.actions] WheelAction 'Ses Ayarı' scrolled UP (mode=volume)
[14:38:38] [INFO] [orbit.actions] WheelAction 'Ses Ayarı' scrolled UP (mode=volume)
[14:38:38] [INFO] [orbit.actions] WheelAction 'Ses Ayarı' scrolled UP (mode=volume)
[14:38:38] [INFO] [orbit.actions] WheelAction 'Ses Ayarı' scrolled DOWN (mode=volume)
[14:38:38] [INFO] [orbit.actions] WheelAction 'Ses Ayarı' scrolled DOWN (mode=volume)
[14:38:38] [INFO] [orbit.actions] WheelAction 'Ses Ayarı' scrolled DOWN (mode=volume)
[14:38:38] [INFO] [orbit.actions] WheelAction 'Ses Ayarı' scrolled DOWN (mode=volume)
[14:38:38] [INFO] [orbit.actions] WheelAction 'Ses Ayarı' scrolled DOWN (mode=volume)
[14:38:38] [INFO] [orbit.actions] WheelAction 'Ses Ayarı' scrolled DOWN (mode=volume)
[14:38:38] [INFO] [orbit.actions] WheelAction 'Ses Ayarı' scrolled DOWN (mode=volume)
[14:38:38] [INFO] [orbit.actions] WheelAction 'Ses Ayarı' scrolled UP (mode=volume)
[14:38:38] [INFO] [orbit.actions] WheelAction 'Ses Ayarı' scrolled UP (mode=volume)
[14:38:38] [INFO] [orbit.actions] WheelAction 'Ses Ayarı' scrolled UP (mode=volume)
[14:38:38] [INFO] [orbit.actions] WheelAction 'Ses Ayarı' scrolled UP (mode=volume)
[14:38:38] [INFO] [orbit.actions] WheelAction 'Ses Ayarı' scrolled UP (mode=volume)
[14:38:38] [INFO] [orbit.actions] WheelAction 'Ses Ayarı' scrolled UP (mode=volume)
[14:38:38] [INFO] [orbit.actions] WheelAction 'Ses Ayarı' scrolled DOWN (mode=volume)
[14:38:38] [INFO] [orbit.actions] WheelAction 'Ses Ayarı' scrolled DOWN (mode=volume)
[14:38:38] [INFO] [orbit.actions] WheelAction 'Ses Ayarı' scrolled DOWN (mode=volume)
[14:38:38] [INFO] [orbit.actions] WheelAction 'Ses Ayarı' scrolled DOWN (mode=volume)
[14:38:38] [INFO] [orbit.actions] WheelAction 'Ses Ayarı' scrolled DOWN (mode=volume)
[14:38:38] [INFO] [orbit.actions] WheelAction 'Ses Ayarı' scrolled DOWN (mode=volume)
[14:38:38] [INFO] [orbit.actions] WheelAction 'Ses Ayarı' scrolled DOWN (mode=volume)
[14:38:38] [INFO] [orbit.actions] WheelAction 'Ses Ayarı' scrolled DOWN (mode=volume)
[14:38:39] [INFO] [orbit.actions] WheelAction 'Ses Ayarı' scrolled UP (mode=volume)
[14:38:39] [INFO] [orbit.actions] WheelAction 'Ses Ayarı' scrolled UP (mode=volume)
[14:38:45] [INFO] [orbit.ui.radial_view] Opening sub-ring 'Pencere Yönetimi'
[14:38:48] [INFO] [orbit] Executing selected slice action: Sağa Yasla
[14:38:48] [INFO] [orbit.services.action] Executing action 'Sağa Yasla' (ID: wa4)
[14:38:48] [INFO] [orbit.actions] Executing WindowControlAction 'snap_right'
[14:38:48] [INFO] [orbit.actions] Simulated shortcut: cmd+right
[14:38:52] [INFO] [orbit.hooks.hotkey] Hotkey triggered globally at (1312, 764)
[14:38:52] [INFO] [orbit] Hotkey triggered at (1312, 764) for active app 'antigravity ide.exe' using profile 'Varsayılan'
[14:38:52] [INFO] [orbit] Hotkey released after 0.08s
[14:38:52] [INFO] [orbit] Tap mode detected: keeping radial menu open until click.
[14:38:54] [INFO] [orbit.ui.radial_view] Opening sub-ring 'Pencere Yönetimi'
[14:38:55] [INFO] [orbit] Executing selected slice action: Sağa Yasla
[14:38:55] [INFO] [orbit.services.action] Executing action 'Sağa Yasla' (ID: wa4)
[14:38:55] [INFO] [orbit.actions] Executing WindowControlAction 'snap_right'
[14:38:55] [INFO] [orbit.actions] Simulated shortcut: cmd+right
[14:38:57] [INFO] [orbit.hooks.hotkey] Hotkey triggered globally at (1521, 907)
[14:38:57] [INFO] [orbit] Hotkey triggered at (1521, 907) for active app 'antigravity ide.exe' using profile 'Varsayılan'
[14:38:57] [INFO] [orbit] Hotkey released after 0.07s
[14:38:57] [INFO] [orbit] Tap mode detected: keeping radial menu open until click.
[14:38:58] [INFO] [orbit.ui.radial_view] Opening sub-ring 'Pencere Yönetimi'
[14:39:00] [INFO] [orbit] Executing selected slice action: Küçült
[14:39:00] [INFO] [orbit.services.action] Executing action 'Küçült' (ID: wa1)
[14:39:00] [INFO] [orbit.actions] Executing WindowControlAction 'minimize'
[14:39:00] [INFO] [orbit.actions] Simulated shortcut: cmd+down
[14:39:06] [INFO] [orbit.hooks.hotkey] Hotkey triggered globally at (1736, 727)
[14:39:06] [INFO] [orbit] Hotkey triggered at (1736, 727) for active app '' using profile 'Varsayılan'
[14:39:06] [INFO] [orbit] Hotkey released after 0.11s
[14:39:06] [INFO] [orbit] Tap mode detected: keeping radial menu open until click.
[14:39:08] [INFO] [orbit.ui.radial_view] Opening sub-ring 'Pencere Yönetimi'
[14:39:09] [INFO] [orbit] Executing selected slice action: Büyüt
[14:39:09] [INFO] [orbit.services.action] Executing action 'Büyüt' (ID: wa2)
[14:39:09] [INFO] [orbit.actions] Executing WindowControlAction 'maximize'
[14:39:09] [INFO] [orbit.actions] Simulated shortcut: cmd+up
[14:39:10] [INFO] [orbit.hooks.hotkey] Hotkey triggered globally at (1474, 530)
[14:39:10] [INFO] [orbit] Hotkey triggered at (1474, 530) for active app '' using profile 'Varsayılan'
[14:39:10] [INFO] [orbit] Hotkey released after 0.09s
[14:39:10] [INFO] [orbit] Tap mode detected: keeping radial menu open until click.
[14:39:11] [INFO] [orbit.hooks.hotkey] Hotkey triggered globally at (932, 411)
[14:39:11] [INFO] [orbit] Hotkey pressed while active -> dismissing menu.
[14:39:11] [INFO] [orbit] Hotkey released after 0.10s
[14:39:11] [INFO] [orbit] Tap mode detected: keeping radial menu open until click.
[14:39:12] [INFO] [orbit.hooks.hotkey] Hotkey triggered globally at (943, 412)
[14:39:12] [INFO] [orbit.services.profile] Matched profile 'Web Browser' for app 'brave.exe'
[14:39:12] [INFO] [orbit] Hotkey triggered at (943, 412) for active app 'brave.exe' using profile 'Web Browser'
[14:39:12] [INFO] [orbit] Hotkey released after 0.09s
[14:39:12] [INFO] [orbit] Tap mode detected: keeping radial menu open until click.
[14:41:51] [INFO] [orbit.hooks.hotkey] Hotkey triggered globally at (523, 410)
[14:41:51] [INFO] [orbit.services.profile] Matched profile 'Web Browser' for app 'brave.exe'
[14:41:51] [INFO] [orbit] Hotkey triggered at (523, 410) for active app 'brave.exe' using profile 'Web Browser'
[14:41:51] [INFO] [orbit] Hotkey released after 0.16s
[14:41:51] [INFO] [orbit] Tap mode detected: keeping radial menu open until click.
[14:41:52] [INFO] [orbit.hooks.hotkey] Hotkey triggered globally at (653, 328)
[14:41:52] [INFO] [orbit] Hotkey pressed while active -> dismissing menu.
[14:41:52] [INFO] [orbit] Hotkey released after 0.16s
[14:41:52] [INFO] [orbit] Tap mode detected: keeping radial menu open until click.
[14:41:54] [INFO] [orbit.hooks.hotkey] Hotkey triggered globally at (651, 644)
[14:41:54] [INFO] [orbit] Hotkey triggered at (651, 644) for active app '' using profile 'Varsayılan'
[14:41:54] [INFO] [orbit] Hotkey released after 0.12s
[14:41:54] [INFO] [orbit] Tap mode detected: keeping radial menu open until click.
[14:41:54] [INFO] [orbit.hooks.hotkey] Hotkey triggered globally at (743, 521)
[14:41:54] [INFO] [orbit] Hotkey pressed while active -> dismissing menu.
[14:41:54] [INFO] [orbit] Hotkey released after 0.18s
[14:41:54] [INFO] [orbit] Tap mode detected: keeping radial menu open until click.
[14:41:55] [INFO] [orbit.hooks.hotkey] Hotkey triggered globally at (661, 406)
[14:41:55] [INFO] [orbit.services.profile] Matched profile 'Web Browser' for app 'brave.exe'
[14:41:55] [INFO] [orbit] Hotkey triggered at (661, 406) for active app 'brave.exe' using profile 'Web Browser'
[14:41:55] [INFO] [orbit] Hotkey released after 0.09s
[14:41:55] [INFO] [orbit] Tap mode detected: keeping radial menu open until click.
[14:41:56] [INFO] [orbit.hooks.hotkey] Hotkey triggered globally at (698, 207)
[14:41:56] [INFO] [orbit.services.profile] Matched profile 'Web Browser' for app 'brave.exe'
[14:41:56] [INFO] [orbit] Hotkey triggered at (698, 207) for active app 'brave.exe' using profile 'Web Browser'
[14:41:56] [INFO] [orbit] Hotkey released after 0.09s
[14:41:56] [INFO] [orbit] Tap mode detected: keeping radial menu open until click.
[14:43:01] [INFO] [orbit.hooks.hotkey] Hotkey triggered globally at (612, 447)
[14:43:01] [INFO] [orbit] Hotkey triggered at (612, 447) for active app '' using profile 'Varsayılan'
[14:43:01] [INFO] [orbit] Hotkey released after 0.08s
[14:43:01] [INFO] [orbit] Tap mode detected: keeping radial menu open until click.
[14:43:05] [INFO] [orbit.hooks.hotkey] Hotkey triggered globally at (756, 560)
[14:43:05] [INFO] [orbit.services.profile] Matched profile 'Web Browser' for app 'brave.exe'
[14:43:05] [INFO] [orbit] Hotkey triggered at (756, 560) for active app 'brave.exe' using profile 'Web Browser'
[14:43:05] [INFO] [orbit] Hotkey released after 0.08s
[14:43:05] [INFO] [orbit] Tap mode detected: keeping radial menu open until click.
[14:43:13] [INFO] [orbit.hooks.hotkey] Hotkey triggered globally at (1941, 408)
[14:43:13] [INFO] [orbit] Hotkey triggered at (1941, 408) for active app 'antigravity ide.exe' using profile 'Varsayılan'
[14:43:13] [INFO] [orbit] Hotkey released after 0.10s
[14:43:13] [INFO] [orbit] Tap mode detected: keeping radial menu open until click.
[14:43:15] [INFO] [orbit.hooks.hotkey] Hotkey triggered globally at (2094, 384)
[14:43:15] [INFO] [orbit] Hotkey pressed while active -> dismissing menu.
[14:43:15] [INFO] [orbit] Hotkey released after 0.11s
[14:43:15] [INFO] [orbit] Tap mode detected: keeping radial menu open until click.
[14:43:15] [INFO] [orbit.hooks.hotkey] Hotkey triggered globally at (2094, 384)
[14:43:15] [INFO] [orbit] Hotkey triggered at (2094, 384) for active app 'antigravity ide.exe' using profile 'Varsayılan'
[14:43:15] [INFO] [orbit] Hotkey released after 0.10s
[14:43:15] [INFO] [orbit] Tap mode detected: keeping radial menu open until click.
[14:43:18] [INFO] [orbit.hooks.hotkey] Hotkey triggered globally at (2094, 384)
[14:43:18] [INFO] [orbit] Hotkey pressed while active -> dismissing menu.
[14:43:18] [INFO] [orbit] Hotkey released after 0.11s
[14:43:18] [INFO] [orbit] Tap mode detected: keeping radial menu open until click.
[14:43:21] [INFO] [orbit.hooks.hotkey] Hotkey triggered globally at (1666, 212)
[14:43:21] [INFO] [orbit] Hotkey triggered at (1666, 212) for active app 'antigravity ide.exe' using profile 'Varsayılan'
[14:43:21] [INFO] [orbit] Hotkey released after 0.08s
[14:43:21] [INFO] [orbit] Tap mode detected: keeping radial menu open until click.
[14:43:35] [INFO] [orbit.hooks.hotkey] Hold options updated -> Enabled: True, Duration: 1.0s
[14:43:38] [INFO] [orbit.hooks.hotkey] Hotkey triggered globally at (1764, 344)
[14:43:38] [INFO] [orbit] Hotkey triggered at (1764, 344) for active app 'antigravity ide.exe' using profile 'Varsayılan'
[14:43:39] [INFO] [orbit] Hotkey released after 0.85s
[14:43:39] [INFO] [orbit] Executing selected slice action: Ses Ayarı
[14:43:39] [INFO] [orbit.services.action] Executing action 'Ses Ayarı' (ID: a3_vol)
[14:43:39] [INFO] [orbit.actions] WheelAction 'Ses Ayarı' scrolled UP (mode=volume)
[14:45:49] [INFO] [orbit] Initializing Orbit Radial Menu Application...
[14:45:49] [INFO] [orbit.platform.windows] Initialized WindowsPlatform
[14:45:49] [INFO] [orbit.services.profile] Loaded profile: Web Browser (8 items)
[14:45:49] [INFO] [orbit.services.profile] Loaded profile: Varsayılan (8 items)
[14:45:49] [INFO] [orbit.services.profile] Loaded profile: VS Code (8 items)
[14:45:49] [INFO] [orbit.services.profile] Active profile set to 'Varsayılan'
[14:45:49] [INFO] [orbit.services.plugin] Registered plugin 'Launcher Plugin' (v1.0.0)
[14:45:49] [INFO] [orbit.services.plugin] Registered plugin 'Media Control Plugin' (v1.0.0)
[14:45:49] [INFO] [orbit.services.plugin] Registered plugin 'Shell Command Plugin' (v1.0.0)
[14:45:49] [INFO] [orbit.hooks.hotkey] Global input listeners started (Primary: 'ctrl+space', Secondary: 'button4', Hold: True@1.0s).
[14:45:49] [INFO] [orbit.ui.system_tray] System Tray initialized.
[14:45:49] [INFO] [orbit] Orbit application running in system tray. Press Mouse 4 or Ctrl+Space to activate radial menu.
[14:45:56] [INFO] [orbit.hooks.hotkey] Hotkey triggered globally at (1312, 597)
[14:45:56] [INFO] [orbit] Hotkey triggered at (1050, 478) for active app 'antigravity ide.exe' using profile 'Varsayılan'
[14:45:56] [INFO] [orbit] Hotkey released after 0.34s
[14:45:56] [INFO] [orbit] Keeping radial menu open until click or dismiss.
[14:46:03] [INFO] [orbit.ui.radial_view] Opening sub-ring 'Pencere Yönetimi'
[14:46:04] [INFO] [orbit.ui.radial_view] Center Back clicked -> Returning to parent ring
[14:46:12] [INFO] [orbit.hooks.hotkey] Hotkey triggered globally at (1062, 617)
[14:46:12] [INFO] [orbit.services.profile] Matched profile 'Web Browser' for app 'brave.exe'
[14:46:12] [INFO] [orbit] Hotkey triggered at (850, 494) for active app 'brave.exe' using profile 'Web Browser'
[14:46:12] [INFO] [orbit] Hotkey released after 0.28s
[14:46:12] [INFO] [orbit] Keeping radial menu open until click or dismiss.
[14:46:14] [INFO] [orbit.ui.radial_view] Opening sub-ring 'Genel Menü'
[14:46:15] [INFO] [orbit.ui.radial_view] Center Back clicked -> Returning to parent ring
[14:46:37] [INFO] [orbit.hooks.hotkey] Hotkey triggered globally at (1195, 452)
[14:46:37] [INFO] [orbit] Hotkey triggered at (956, 362) for active app 'antigravity ide.exe' using profile 'Varsayılan'
[14:46:37] [INFO] [orbit] Hotkey released after 0.32s
[14:46:37] [INFO] [orbit] Keeping radial menu open until click or dismiss.
[14:47:18] [INFO] [orbit.hooks.hotkey] Hotkey triggered globally at (1587, 421)
[14:47:18] [INFO] [orbit] Hotkey pressed while active -> dismissing menu.
[14:47:20] [INFO] [orbit] Hotkey released after 1.50s
[14:47:20] [INFO] [orbit] Executing selected slice action: Akıllı Makro
[14:47:20] [INFO] [orbit.services.action] Executing action 'Akıllı Makro' (ID: a5_macro)
[14:47:20] [INFO] [orbit.actions] Executing MacroAction 'Akıllı Makro' with 3 steps...
[14:47:20] [INFO] [orbit.actions] Simulated shortcut: ctrl+c
[14:47:20] [INFO] [orbit.actions] Simulated shortcut: ctrl+v
[14:47:22] [INFO] [orbit.hooks.hotkey] Hotkey triggered globally at (1491, 426)
[14:47:22] [INFO] [orbit] Hotkey triggered at (1193, 341) for active app 'antigravity ide.exe' using profile 'Varsayılan'
[14:47:22] [INFO] [orbit] Hotkey released after 0.44s
[14:47:22] [INFO] [orbit] Keeping radial menu open until click or dismiss.
[14:47:24] [INFO] [orbit.hooks.hotkey] Hotkey triggered globally at (942, 388)
[14:47:24] [INFO] [orbit] Hotkey pressed while active -> dismissing menu.
[14:47:24] [INFO] [orbit] Hotkey released after 0.76s
[14:47:24] [INFO] [orbit] Executing selected slice action: GitHub
[14:47:24] [INFO] [orbit.services.action] Executing action 'GitHub' (ID: a7)
[14:47:24] [INFO] [orbit.actions] Opened URL: https://github.com
[14:47:28] [INFO] [orbit.hooks.hotkey] Hotkey triggered globally at (916, 529)
[14:47:28] [INFO] [orbit] Hotkey triggered at (733, 423) for active app 'antigravity ide.exe' using profile 'Varsayılan'
[14:47:28] [INFO] [orbit] Hotkey released after 0.39s
[14:47:28] [INFO] [orbit] Keeping radial menu open until click or dismiss.
[14:47:47] [INFO] [orbit.hooks.hotkey] Hotkey triggered globally at (1129, 464)
[14:47:47] [INFO] [orbit.services.profile] Matched profile 'Web Browser' for app 'brave.exe'
[14:47:47] [INFO] [orbit] Hotkey triggered at (903, 371) for active app 'brave.exe' using profile 'Web Browser'
[14:47:48] [INFO] [orbit] Hotkey released after 0.31s
[14:47:48] [INFO] [orbit] Keeping radial menu open until click or dismiss.
[14:47:49] [INFO] [orbit.ui.radial_view] Opening sub-ring 'Genel Menü'
[14:47:49] [INFO] [orbit.ui.radial_view] Center Back clicked -> Returning to parent ring
[14:47:50] [INFO] [orbit.ui.radial_view] Opening sub-ring 'Genel Menü'
[14:47:50] [INFO] [orbit.ui.radial_view] Center Back clicked -> Returning to parent ring
[14:47:50] [INFO] [orbit.ui.radial_view] Opening sub-ring 'Genel Menü'
[14:47:51] [INFO] [orbit.ui.radial_view] Center Back clicked -> Returning to parent ring
[14:47:51] [INFO] [orbit.ui.radial_view] Opening sub-ring 'Genel Menü'
[14:47:52] [INFO] [orbit.ui.radial_view] Center Back clicked -> Returning to parent ring
[14:47:52] [INFO] [orbit.ui.radial_view] Opening sub-ring 'Genel Menü'
[14:47:53] [INFO] [orbit.ui.radial_view] Center Back clicked -> Returning to parent ring
[14:47:54] [INFO] [orbit.ui.radial_view] Opening sub-ring 'Genel Menü'
[14:47:55] [INFO] [orbit.ui.radial_view] Center Back clicked -> Returning to parent ring
[14:47:55] [INFO] [orbit.ui.radial_view] Opening sub-ring 'Genel Menü'
[14:47:55] [INFO] [orbit.ui.radial_view] Center Back clicked -> Returning to parent ring
[14:47:56] [INFO] [orbit.ui.radial_view] Opening sub-ring 'Genel Menü'
[14:47:56] [INFO] [orbit.ui.radial_view] Center Back clicked -> Returning to parent ring
[14:48:24] [INFO] [orbit] Executing selected slice action: Sonraki Sekme
[14:48:24] [INFO] [orbit.services.action] Executing action 'Sonraki Sekme' (ID: ba5)
[14:48:24] [INFO] [orbit.actions] Simulated shortcut: ctrl+tab
[14:51:11] [INFO] [orbit] Initializing Orbit Radial Menu Application...
[14:51:11] [INFO] [orbit.platform.windows] Initialized WindowsPlatform
[14:51:11] [INFO] [orbit.services.profile] Loaded profile: Web Browser (8 items)
[14:51:11] [INFO] [orbit.services.profile] Loaded profile: Varsayılan (8 items)
[14:51:11] [INFO] [orbit.services.profile] Loaded profile: VS Code (8 items)
[14:51:11] [INFO] [orbit.services.profile] Active profile set to 'Varsayılan'
[14:51:11] [INFO] [orbit.services.plugin] Registered plugin 'Launcher Plugin' (v1.0.0)
[14:51:11] [INFO] [orbit.services.plugin] Registered plugin 'Media Control Plugin' (v1.0.0)
[14:51:11] [INFO] [orbit.services.plugin] Registered plugin 'Shell Command Plugin' (v1.0.0)
[14:51:11] [INFO] [orbit.hooks.hotkey] Global input listeners started (Primary: 'ctrl+space', Secondary: 'button4', Hold: True@1.0s).
[14:51:11] [INFO] [orbit.ui.system_tray] System Tray initialized.
[14:51:11] [INFO] [orbit] Orbit application running in system tray. Press Mouse 4 or Ctrl+Space to activate radial menu.
[14:51:13] [INFO] [orbit.hooks.hotkey] Hotkey triggered globally at (897, 432)
[14:51:13] [INFO] [orbit] Hotkey triggered at (718, 346) for active app 'antigravity ide.exe' using profile 'Varsayılan'
[14:51:14] [INFO] [orbit] Hotkey released after 0.40s
[14:51:14] [INFO] [orbit] Keeping radial menu open until click or dismiss.
[14:51:20] [INFO] [orbit.hooks.hotkey] Hotkey triggered globally at (1019, 398)
[14:51:20] [INFO] [orbit] Hotkey triggered at (815, 318) for active app 'antigravity ide.exe' using profile 'Varsayılan'
[14:51:20] [INFO] [orbit] Hotkey released after 0.40s
[14:51:20] [INFO] [orbit] Keeping radial menu open until click or dismiss.
[14:51:27] [INFO] [orbit.ui.radial_view] Opening sub-ring 'Pencere Yönetimi'
[14:51:29] [INFO] [orbit.ui.radial_view] Center Back clicked -> Returning to parent ring
[14:51:31] [INFO] [orbit.hooks.hotkey] Hotkey triggered globally at (861, 417)
[14:51:31] [INFO] [orbit] Hotkey triggered at (689, 334) for active app 'antigravity ide.exe' using profile 'Varsayılan'
[14:51:31] [INFO] [orbit] Hotkey released after 0.38s
[14:51:31] [INFO] [orbit] Keeping radial menu open until click or dismiss.
[14:51:32] [INFO] [orbit.ui.radial_view] Opening sub-ring 'Pencere Yönetimi'
[14:51:36] [INFO] [orbit.ui.radial_view] Center Back clicked -> Returning to parent ring
[14:51:38] [INFO] [orbit.hooks.hotkey] Hotkey triggered globally at (1684, 433)
[14:51:38] [INFO] [orbit] Hotkey triggered at (1347, 346) for active app 'explorer.exe' using profile 'Varsayılan'
[14:51:39] [INFO] [orbit] Hotkey released after 0.25s
[14:51:39] [INFO] [orbit] Keeping radial menu open until click or dismiss.
[14:51:45] [INFO] [orbit.hooks.hotkey] Hotkey triggered globally at (1022, 567)
[14:51:45] [INFO] [orbit.services.profile] Matched profile 'Web Browser' for app 'brave.exe'
[14:51:45] [INFO] [orbit] Hotkey triggered at (818, 454) for active app 'brave.exe' using profile 'Web Browser'
[14:51:46] [INFO] [orbit] Hotkey released after 0.37s
[14:51:46] [INFO] [orbit] Keeping radial menu open until click or dismiss.
[14:51:47] [INFO] [orbit.ui.radial_view] Center Genel Menü clicked -> Opening General Profile
[14:51:48] [INFO] [orbit.ui.radial_view] Center Back clicked -> Returning to parent ring
[14:51:49] [INFO] [orbit] Executing selected slice action: Sekme Kapat
[14:51:49] [INFO] [orbit.services.action] Executing action 'Kapat' (ID: ba8)
[14:51:49] [INFO] [orbit.actions] Simulated shortcut: ctrl+w
[14:51:52] [INFO] [orbit.hooks.hotkey] Hotkey triggered globally at (895, 359)
[14:51:52] [INFO] [orbit.services.profile] Matched profile 'Web Browser' for app 'brave.exe'
[14:51:52] [INFO] [orbit] Hotkey triggered at (716, 287) for active app 'brave.exe' using profile 'Web Browser'
[14:51:53] [INFO] [orbit] Hotkey released after 0.28s
[14:51:53] [INFO] [orbit] Keeping radial menu open until click or dismiss.
[14:51:53] [INFO] [orbit.ui.radial_view] Center Genel Menü clicked -> Opening General Profile
[14:51:54] [INFO] [orbit.ui.radial_view] Center Back clicked -> Returning to parent ring
[14:51:56] [INFO] [orbit] Executing selected slice action: Yenile
[14:51:56] [INFO] [orbit.services.action] Executing action 'Yenile' (ID: ba3)
[14:51:56] [INFO] [orbit.actions] Simulated shortcut: f5
[14:51:59] [INFO] [orbit.hooks.hotkey] Hotkey triggered globally at (960, 389)
[14:51:59] [INFO] [orbit.services.profile] Matched profile 'Web Browser' for app 'brave.exe'
[14:51:59] [INFO] [orbit] Hotkey triggered at (768, 311) for active app 'brave.exe' using profile 'Web Browser'
[14:51:59] [INFO] [orbit] Hotkey released after 0.33s
[14:51:59] [INFO] [orbit] Keeping radial menu open until click or dismiss.
[14:51:59] [INFO] [orbit.ui.radial_view] Center Genel Menü clicked -> Opening General Profile
[14:52:02] [INFO] [orbit] Executing selected slice action: Yapıştır
[14:52:02] [INFO] [orbit.services.action] Executing action 'Yapıştır' (ID: a6)
[14:52:02] [INFO] [orbit.actions] Simulated shortcut: ctrl+v
[14:52:07] [INFO] [orbit.hooks.hotkey] Hotkey triggered globally at (769, 76)
[14:52:07] [INFO] [orbit.services.profile] Matched profile 'Web Browser' for app 'brave.exe'
[14:52:07] [INFO] [orbit] Hotkey triggered at (615, 61) for active app 'brave.exe' using profile 'Web Browser'
[14:52:07] [INFO] [orbit] Hotkey released after 0.27s
[14:52:07] [INFO] [orbit] Keeping radial menu open until click or dismiss.
[14:52:09] [INFO] [orbit.ui.radial_view] Center Genel Menü clicked -> Opening General Profile
[14:52:10] [INFO] [orbit] Executing selected slice action: Yapıştır
[14:52:10] [INFO] [orbit.services.action] Executing action 'Yapıştır' (ID: a6)
[14:52:10] [INFO] [orbit.actions] Simulated shortcut: ctrl+v
[14:52:17] [INFO] [orbit.hooks.hotkey] Hotkey triggered globally at (1141, 498)
[14:52:17] [INFO] [orbit.services.profile] Matched profile 'Web Browser' for app 'brave.exe'
[14:52:17] [INFO] [orbit] Hotkey triggered at (913, 398) for active app 'brave.exe' using profile 'Web Browser'
[14:52:18] [INFO] [orbit] Hotkey released after 0.40s
[14:52:18] [INFO] [orbit] Executing selected slice action: Yenile
[14:52:18] [INFO] [orbit.services.action] Executing action 'Yenile' (ID: ba3)
[14:52:18] [INFO] [orbit.actions] Simulated shortcut: f5
[14:52:21] [INFO] [orbit.hooks.hotkey] Hotkey triggered globally at (1304, 574)
[14:52:21] [INFO] [orbit.services.profile] Matched profile 'Web Browser' for app 'brave.exe'
[14:52:21] [INFO] [orbit] Hotkey triggered at (1045, 460) for active app 'brave.exe' using profile 'Web Browser'
[14:52:22] [INFO] [orbit] Hotkey released after 1.28s
[14:52:22] [INFO] [orbit] Executing selected slice action: Önceki Sekme
[14:52:22] [INFO] [orbit.services.action] Executing action 'Önceki Sekme' (ID: ba6)
[14:52:22] [INFO] [orbit.actions] Simulated shortcut: ctrl+shift+tab
[14:52:24] [INFO] [orbit.hooks.hotkey] Hotkey triggered globally at (831, 328)
[14:52:24] [INFO] [orbit.services.profile] Matched profile 'Web Browser' for app 'brave.exe'
[14:52:24] [INFO] [orbit] Hotkey triggered at (665, 262) for active app 'brave.exe' using profile 'Web Browser'
[14:52:24] [INFO] [orbit] Hotkey released after 0.08s
[14:52:24] [INFO] [orbit] Keeping radial menu open until click or dismiss.
[14:52:26] [INFO] [orbit.ui.radial_view] Center Genel Menü clicked -> Opening General Profile
[14:52:26] [INFO] [orbit] Executing selected slice action: Yapıştır
[14:52:26] [INFO] [orbit.services.action] Executing action 'Yapıştır' (ID: a6)
[14:52:26] [INFO] [orbit.actions] Simulated shortcut: ctrl+v
[14:52:30] [INFO] [orbit.hooks.hotkey] Hotkey triggered globally at (488, 332)
[14:52:30] [INFO] [orbit.services.profile] Matched profile 'Web Browser' for app 'brave.exe'
[14:52:30] [INFO] [orbit] Hotkey triggered at (390, 266) for active app 'brave.exe' using profile 'Web Browser'
[14:52:30] [INFO] [orbit] Hotkey released after 0.16s
[14:52:30] [INFO] [orbit] Keeping radial menu open until click or dismiss.
[14:52:31] [INFO] [orbit.ui.radial_view] Center Genel Menü clicked -> Opening General Profile
[14:52:32] [INFO] [orbit] Executing selected slice action: Yapıştır
[14:52:32] [INFO] [orbit.services.action] Executing action 'Yapıştır' (ID: a6)
[14:52:32] [INFO] [orbit.actions] Simulated shortcut: ctrl+v
[14:52:34] [INFO] [orbit.hooks.hotkey] Hotkey triggered globally at (692, 72)
[14:52:34] [INFO] [orbit.services.profile] Matched profile 'Web Browser' for app 'brave.exe'
[14:52:34] [INFO] [orbit] Hotkey triggered at (554, 58) for active app 'brave.exe' using profile 'Web Browser'
[14:52:34] [INFO] [orbit] Hotkey released after 0.27s
[14:52:34] [INFO] [orbit] Keeping radial menu open until click or dismiss.
[14:52:36] [INFO] [orbit.ui.radial_view] Center Genel Menü clicked -> Opening General Profile
[14:52:37] [INFO] [orbit] Executing selected slice action: Yapıştır
[14:52:37] [INFO] [orbit.services.action] Executing action 'Yapıştır' (ID: a6)
[14:52:37] [INFO] [orbit.actions] Simulated shortcut: ctrl+v
[14:52:45] [INFO] [orbit.hooks.hotkey] Hotkey triggered globally at (954, 12)
[14:52:45] [INFO] [orbit] Hotkey triggered at (763, 10) for active app 'explorer.exe' using profile 'Varsayılan'
[14:52:45] [INFO] [orbit] Hotkey released after 0.27s
[14:52:45] [INFO] [orbit] Keeping radial menu open until click or dismiss.
[14:53:21] [INFO] [orbit.hooks.hotkey] Hotkey triggered globally at (1520, 825)
[14:53:21] [INFO] [orbit] Hotkey triggered at (1216, 660) for active app 'antigravity ide.exe' using profile 'Varsayılan'
[14:53:21] [INFO] [orbit] Hotkey released after 0.28s
[14:53:21] [INFO] [orbit] Keeping radial menu open until click or dismiss.
[14:53:24] [INFO] [orbit.hooks.hotkey] Hotkey triggered globally at (1423, 731)
[14:53:24] [INFO] [orbit] Hotkey triggered at (1138, 585) for active app 'antigravity ide.exe' using profile 'Varsayılan'
[14:53:25] [INFO] [orbit] Hotkey released after 0.34s
[14:53:25] [INFO] [orbit] Keeping radial menu open until click or dismiss.
[14:55:21] [INFO] [orbit] Initializing Orbit Radial Menu Application...
[14:55:21] [INFO] [orbit.platform.windows] Initialized WindowsPlatform
[14:55:21] [INFO] [orbit.services.profile] Loaded profile: Web Browser (8 items)
[14:55:21] [INFO] [orbit.services.profile] Loaded profile: Varsayılan (8 items)
[14:55:21] [INFO] [orbit.services.profile] Loaded profile: VS Code (8 items)
[14:55:21] [INFO] [orbit.services.profile] Active profile set to 'Varsayılan'
[14:55:21] [INFO] [orbit.services.plugin] Registered plugin 'Launcher Plugin' (v1.0.0)
[14:55:21] [INFO] [orbit.services.plugin] Registered plugin 'Media Control Plugin' (v1.0.0)
[14:55:21] [INFO] [orbit.services.plugin] Registered plugin 'Shell Command Plugin' (v1.0.0)
[14:55:21] [INFO] [orbit.hooks.hotkey] Global input listeners started (Primary: 'ctrl+space', Secondary: 'button4', Hold: True@1.0s).
[14:55:21] [INFO] [orbit.ui.system_tray] System Tray initialized.
[14:55:21] [INFO] [orbit] Orbit application running in system tray. Press Mouse 4 or Ctrl+Space to activate radial menu.
[14:55:24] [INFO] [orbit.hooks.hotkey] Hotkey triggered globally at (1276, 492)
[14:55:24] [INFO] [orbit] Hotkey triggered at (1021, 394) for active app 'antigravity ide.exe' using profile 'Varsayılan'
[14:55:24] [INFO] [orbit] Hotkey released after 0.35s
[14:55:24] [INFO] [orbit] Keeping radial menu open until click or dismiss.
[14:55:35] [INFO] [orbit.hooks.hotkey] Hotkey triggered globally at (937, 542)
[14:55:35] [INFO] [orbit.services.profile] Matched profile 'Web Browser' for app 'brave.exe'
[14:55:35] [INFO] [orbit] Hotkey triggered at (750, 434) for active app 'brave.exe' using profile 'Web Browser'
[14:55:35] [INFO] [orbit] Hotkey released after 0.34s
[14:55:35] [INFO] [orbit] Keeping radial menu open until click or dismiss.
[14:55:35] [INFO] [orbit.ui.radial_view] Center Genel Menü clicked -> Opening General Profile
[14:55:35] [INFO] [orbit.ui.overlay] OverlayWindow lost focus -> requesting dismiss
[14:55:38] [INFO] [orbit.hooks.hotkey] Hotkey triggered globally at (706, 440)
[14:55:38] [INFO] [orbit.services.profile] Matched profile 'Web Browser' for app 'brave.exe'
[14:55:38] [INFO] [orbit] Hotkey triggered at (565, 352) for active app 'brave.exe' using profile 'Web Browser'
[14:55:38] [INFO] [orbit] Hotkey released after 0.34s
[14:55:38] [INFO] [orbit] Executing selected slice action: Yenile
[14:55:38] [INFO] [orbit.ui.overlay] OverlayWindow lost focus -> requesting dismiss
[14:55:38] [INFO] [orbit.services.action] Executing action 'Yenile' (ID: ba3)
[14:55:38] [INFO] [orbit.actions] Simulated shortcut: f5
[14:55:39] [INFO] [orbit.hooks.hotkey] Hotkey triggered globally at (766, 451)
[14:55:39] [INFO] [orbit.services.profile] Matched profile 'Web Browser' for app 'brave.exe'
[14:55:39] [INFO] [orbit] Hotkey triggered at (613, 361) for active app 'brave.exe' using profile 'Web Browser'
[14:55:40] [INFO] [orbit] Hotkey released after 0.11s
[14:55:40] [INFO] [orbit] Keeping radial menu open until click or dismiss.
[14:55:40] [INFO] [orbit.ui.radial_view] Center Genel Menü clicked -> Opening General Profile
[14:55:41] [INFO] [orbit.ui.overlay] OverlayWindow lost focus -> requesting dismiss
[14:55:45] [INFO] [orbit.hooks.hotkey] Hotkey triggered globally at (881, 486)
[14:55:45] [INFO] [orbit] Hotkey triggered at (705, 389) for active app 'explorer.exe' using profile 'Varsayılan'
[14:55:46] [INFO] [orbit] Hotkey released after 0.27s
[14:55:46] [INFO] [orbit] Keeping radial menu open until click or dismiss.
[14:55:48] [INFO] [orbit.ui.overlay] OverlayWindow lost focus -> requesting dismiss
[14:55:50] [INFO] [orbit.hooks.hotkey] Hotkey triggered globally at (939, 382)
[14:55:50] [INFO] [orbit] Hotkey triggered at (751, 306) for active app 'explorer.exe' using profile 'Varsayılan'
[14:55:50] [INFO] [orbit] Hotkey released after 0.28s
[14:55:50] [INFO] [orbit] Keeping radial menu open until click or dismiss.
[14:55:51] [INFO] [orbit.ui.overlay] OverlayWindow lost focus -> requesting dismiss
[14:55:53] [INFO] [orbit.hooks.hotkey] Hotkey triggered globally at (813, 514)
[14:55:53] [INFO] [orbit] Hotkey triggered at (650, 411) for active app 'explorer.exe' using profile 'Varsayılan'
[14:55:53] [INFO] [orbit] Hotkey released after 0.27s
[14:55:53] [INFO] [orbit] Keeping radial menu open until click or dismiss.
[14:55:53] [INFO] [orbit.ui.overlay] OverlayWindow lost focus -> requesting dismiss
[14:55:55] [INFO] [orbit.hooks.hotkey] Hotkey triggered globally at (934, 422)
[14:55:55] [INFO] [orbit] Hotkey triggered at (747, 338) for active app 'explorer.exe' using profile 'Varsayılan'
[14:55:55] [INFO] [orbit] Hotkey released after 0.09s
[14:55:55] [INFO] [orbit] Keeping radial menu open until click or dismiss.
[14:55:56] [INFO] [orbit.actions] WheelAction 'Ses Ayarı' scrolled UP (mode=volume)
[14:55:56] [INFO] [orbit.actions] WheelAction 'Ses Ayarı' scrolled UP (mode=volume)
[14:55:56] [INFO] [orbit.actions] WheelAction 'Ses Ayarı' scrolled UP (mode=volume)
[14:55:56] [INFO] [orbit.actions] WheelAction 'Ses Ayarı' scrolled UP (mode=volume)
[14:55:56] [INFO] [orbit.actions] WheelAction 'Ses Ayarı' scrolled DOWN (mode=volume)
[14:55:56] [INFO] [orbit.actions] WheelAction 'Ses Ayarı' scrolled DOWN (mode=volume)
[14:55:56] [INFO] [orbit.actions] WheelAction 'Ses Ayarı' scrolled DOWN (mode=volume)
[14:55:56] [INFO] [orbit.actions] WheelAction 'Ses Ayarı' scrolled DOWN (mode=volume)
[14:55:56] [INFO] [orbit.actions] WheelAction 'Ses Ayarı' scrolled DOWN (mode=volume)
[14:55:56] [INFO] [orbit.actions] WheelAction 'Ses Ayarı' scrolled UP (mode=volume)
[14:55:56] [INFO] [orbit.actions] WheelAction 'Ses Ayarı' scrolled UP (mode=volume)
[14:55:56] [INFO] [orbit.actions] WheelAction 'Ses Ayarı' scrolled UP (mode=volume)
[14:55:56] [INFO] [orbit.actions] WheelAction 'Ses Ayarı' scrolled UP (mode=volume)
[14:55:56] [INFO] [orbit.actions] WheelAction 'Ses Ayarı' scrolled UP (mode=volume)
[14:55:57] [INFO] [orbit.actions] WheelAction 'Ses Ayarı' scrolled DOWN (mode=volume)
[14:55:57] [INFO] [orbit.actions] WheelAction 'Ses Ayarı' scrolled DOWN (mode=volume)
[14:55:57] [INFO] [orbit.actions] WheelAction 'Ses Ayarı' scrolled DOWN (mode=volume)
[14:55:57] [INFO] [orbit.actions] WheelAction 'Ses Ayarı' scrolled UP (mode=volume)
[14:55:57] [INFO] [orbit.actions] WheelAction 'Ses Ayarı' scrolled UP (mode=volume)
[14:55:57] [INFO] [orbit.actions] WheelAction 'Ses Ayarı' scrolled UP (mode=volume)
[14:55:57] [INFO] [orbit.actions] WheelAction 'Ses Ayarı' scrolled UP (mode=volume)
[14:55:57] [INFO] [orbit.actions] WheelAction 'Ses Ayarı' scrolled UP (mode=volume)
[14:55:59] [INFO] [orbit.actions] WheelAction 'Ses Ayarı' scrolled UP (mode=volume)
[14:56:00] [INFO] [orbit.actions] WheelAction 'Ses Ayarı' scrolled DOWN (mode=volume)
[14:56:01] [INFO] [orbit.actions] WheelAction 'Ses Ayarı' scrolled DOWN (mode=volume)
[14:56:01] [INFO] [orbit.actions] WheelAction 'Ses Ayarı' scrolled DOWN (mode=volume)
[14:56:01] [INFO] [orbit.actions] WheelAction 'Ses Ayarı' scrolled DOWN (mode=volume)
[14:56:01] [INFO] [orbit.actions] WheelAction 'Ses Ayarı' scrolled DOWN (mode=volume)
[14:56:01] [INFO] [orbit.actions] WheelAction 'Ses Ayarı' scrolled UP (mode=volume)
[14:56:01] [INFO] [orbit.actions] WheelAction 'Ses Ayarı' scrolled UP (mode=volume)
[14:56:01] [INFO] [orbit.actions] WheelAction 'Ses Ayarı' scrolled UP (mode=volume)
[14:56:01] [INFO] [orbit.actions] WheelAction 'Ses Ayarı' scrolled UP (mode=volume)
[14:56:01] [INFO] [orbit.actions] WheelAction 'Ses Ayarı' scrolled UP (mode=volume)
[14:56:01] [INFO] [orbit.actions] WheelAction 'Ses Ayarı' scrolled UP (mode=volume)
[14:56:01] [INFO] [orbit.actions] WheelAction 'Ses Ayarı' scrolled DOWN (mode=volume)
[14:56:01] [INFO] [orbit.actions] WheelAction 'Ses Ayarı' scrolled DOWN (mode=volume)
[14:56:01] [INFO] [orbit.actions] WheelAction 'Ses Ayarı' scrolled DOWN (mode=volume)
[14:56:01] [INFO] [orbit.actions] WheelAction 'Ses Ayarı' scrolled DOWN (mode=volume)
[14:56:01] [INFO] [orbit.actions] WheelAction 'Ses Ayarı' scrolled UP (mode=volume)
[14:56:01] [INFO] [orbit.actions] WheelAction 'Ses Ayarı' scrolled UP (mode=volume)
[14:56:01] [INFO] [orbit.actions] WheelAction 'Ses Ayarı' scrolled UP (mode=volume)
[14:56:01] [INFO] [orbit.actions] WheelAction 'Ses Ayarı' scrolled UP (mode=volume)
[14:56:01] [INFO] [orbit.actions] WheelAction 'Ses Ayarı' scrolled DOWN (mode=volume)
[14:56:01] [INFO] [orbit.actions] WheelAction 'Ses Ayarı' scrolled DOWN (mode=volume)
[14:56:01] [INFO] [orbit.actions] WheelAction 'Ses Ayarı' scrolled DOWN (mode=volume)
[14:56:01] [INFO] [orbit.actions] WheelAction 'Ses Ayarı' scrolled DOWN (mode=volume)
[14:56:01] [INFO] [orbit.actions] WheelAction 'Ses Ayarı' scrolled DOWN (mode=volume)
[14:56:01] [INFO] [orbit.actions] WheelAction 'Ses Ayarı' scrolled DOWN (mode=volume)
[14:56:01] [INFO] [orbit.actions] WheelAction 'Ses Ayarı' scrolled UP (mode=volume)
[14:56:01] [INFO] [orbit.actions] WheelAction 'Ses Ayarı' scrolled UP (mode=volume)
[14:56:01] [INFO] [orbit.actions] WheelAction 'Ses Ayarı' scrolled UP (mode=volume)
[14:56:01] [INFO] [orbit.actions] WheelAction 'Ses Ayarı' scrolled UP (mode=volume)
[14:56:02] [INFO] [orbit.actions] WheelAction 'Ses Ayarı' scrolled UP (mode=volume)
[14:56:02] [INFO] [orbit.actions] WheelAction 'Ses Ayarı' scrolled DOWN (mode=volume)
[14:56:02] [INFO] [orbit.actions] WheelAction 'Ses Ayarı' scrolled DOWN (mode=volume)
[14:56:02] [INFO] [orbit.actions] WheelAction 'Ses Ayarı' scrolled DOWN (mode=volume)
[14:56:02] [INFO] [orbit.actions] WheelAction 'Ses Ayarı' scrolled DOWN (mode=volume)
[14:56:04] [INFO] [orbit.actions] WheelAction 'Ses Ayarı' scrolled UP (mode=volume)
[14:56:04] [INFO] [orbit.actions] WheelAction 'Ses Ayarı' scrolled UP (mode=volume)
[14:56:04] [INFO] [orbit.actions] WheelAction 'Ses Ayarı' scrolled UP (mode=volume)
[14:56:04] [INFO] [orbit.actions] WheelAction 'Ses Ayarı' scrolled UP (mode=volume)
[14:56:05] [INFO] [orbit.actions] WheelAction 'Ses Ayarı' scrolled DOWN (mode=volume)
[14:56:05] [INFO] [orbit.actions] WheelAction 'Ses Ayarı' scrolled DOWN (mode=volume)
[14:56:05] [INFO] [orbit.actions] WheelAction 'Ses Ayarı' scrolled DOWN (mode=volume)
[14:56:05] [INFO] [orbit.actions] WheelAction 'Ses Ayarı' scrolled DOWN (mode=volume)
[14:56:05] [INFO] [orbit.actions] WheelAction 'Ses Ayarı' scrolled DOWN (mode=volume)
[14:56:05] [INFO] [orbit.actions] WheelAction 'Ses Ayarı' scrolled UP (mode=volume)
[14:56:05] [INFO] [orbit.actions] WheelAction 'Ses Ayarı' scrolled UP (mode=volume)
[14:56:05] [INFO] [orbit.actions] WheelAction 'Ses Ayarı' scrolled UP (mode=volume)
[14:56:05] [INFO] [orbit.actions] WheelAction 'Ses Ayarı' scrolled UP (mode=volume)
[14:56:05] [INFO] [orbit.actions] WheelAction 'Ses Ayarı' scrolled UP (mode=volume)
[14:56:05] [INFO] [orbit.actions] WheelAction 'Ses Ayarı' scrolled DOWN (mode=volume)
[14:56:05] [INFO] [orbit.actions] WheelAction 'Ses Ayarı' scrolled DOWN (mode=volume)
[14:56:05] [INFO] [orbit.actions] WheelAction 'Ses Ayarı' scrolled DOWN (mode=volume)
[14:56:05] [INFO] [orbit.actions] WheelAction 'Ses Ayarı' scrolled DOWN (mode=volume)
[14:56:05] [INFO] [orbit.actions] WheelAction 'Ses Ayarı' scrolled DOWN (mode=volume)
[14:56:05] [INFO] [orbit.actions] WheelAction 'Ses Ayarı' scrolled UP (mode=volume)
[14:56:05] [INFO] [orbit.actions] WheelAction 'Ses Ayarı' scrolled UP (mode=volume)
[14:56:05] [INFO] [orbit.actions] WheelAction 'Ses Ayarı' scrolled UP (mode=volume)
[14:56:05] [INFO] [orbit.actions] WheelAction 'Ses Ayarı' scrolled UP (mode=volume)
[14:56:05] [INFO] [orbit.actions] WheelAction 'Ses Ayarı' scrolled UP (mode=volume)
[14:56:05] [INFO] [orbit.actions] WheelAction 'Ses Ayarı' scrolled UP (mode=volume)
[14:56:05] [INFO] [orbit.actions] WheelAction 'Ses Ayarı' scrolled UP (mode=volume)
[14:56:05] [INFO] [orbit.actions] WheelAction 'Ses Ayarı' scrolled DOWN (mode=volume)
[14:56:05] [INFO] [orbit.actions] WheelAction 'Ses Ayarı' scrolled DOWN (mode=volume)
[14:56:05] [INFO] [orbit.actions] WheelAction 'Ses Ayarı' scrolled DOWN (mode=volume)
[14:56:05] [INFO] [orbit.actions] WheelAction 'Ses Ayarı' scrolled DOWN (mode=volume)
[14:56:05] [INFO] [orbit.actions] WheelAction 'Ses Ayarı' scrolled DOWN (mode=volume)
[14:56:05] [INFO] [orbit.actions] WheelAction 'Ses Ayarı' scrolled DOWN (mode=volume)
[14:56:06] [INFO] [orbit.actions] WheelAction 'Ses Ayarı' scrolled UP (mode=volume)
[14:56:06] [INFO] [orbit.actions] WheelAction 'Ses Ayarı' scrolled UP (mode=volume)
[14:56:06] [INFO] [orbit.actions] WheelAction 'Ses Ayarı' scrolled UP (mode=volume)
[14:56:06] [INFO] [orbit.actions] WheelAction 'Ses Ayarı' scrolled UP (mode=volume)
[14:56:06] [INFO] [orbit.actions] WheelAction 'Ses Ayarı' scrolled UP (mode=volume)
[14:56:06] [INFO] [orbit.actions] WheelAction 'Ses Ayarı' scrolled UP (mode=volume)
[14:56:06] [INFO] [orbit.actions] WheelAction 'Ses Ayarı' scrolled UP (mode=volume)
[14:56:11] [INFO] [orbit] Executing selected slice action: Akıllı Makro
[14:56:11] [INFO] [orbit.services.action] Executing action 'Akıllı Makro' (ID: a5_macro)
[14:56:11] [INFO] [orbit.actions] Executing MacroAction 'Akıllı Makro' with 3 steps...
[14:56:11] [INFO] [orbit.actions] Simulated shortcut: ctrl+c
[14:56:11] [INFO] [orbit.actions] Simulated shortcut: ctrl+v
[14:56:18] [INFO] [orbit.hooks.hotkey] Hotkey triggered globally at (927, 81)
[14:56:18] [INFO] [orbit.services.profile] Matched profile 'Web Browser' for app 'brave.exe'
[14:56:18] [INFO] [orbit] Hotkey triggered at (742, 185) for active app 'brave.exe' using profile 'Web Browser'
[14:56:19] [INFO] [orbit] Hotkey released after 0.28s
[14:56:19] [INFO] [orbit] Keeping radial menu open until click or dismiss.
[14:56:20] [INFO] [orbit.ui.radial_view] Center Genel Menü clicked -> Opening General Profile
[14:56:24] [INFO] [orbit] Executing selected slice action: Metin Yaz
[14:56:24] [INFO] [orbit.services.action] Executing action 'Metin Yaz' (ID: a8)
[14:56:24] [INFO] [orbit.actions] Typed text string: 'Hello from Orbit Actions Ring!'
[14:56:32] [INFO] [orbit.hooks.hotkey] Hotkey triggered globally at (831, 75)
[14:56:32] [INFO] [orbit.services.profile] Matched profile 'Web Browser' for app 'brave.exe'
[14:56:32] [INFO] [orbit] Hotkey triggered at (665, 185) for active app 'brave.exe' using profile 'Web Browser'
[14:56:32] [INFO] [orbit] Hotkey released after 0.25s
[14:56:32] [INFO] [orbit] Keeping radial menu open until click or dismiss.
[14:56:33] [INFO] [orbit.ui.radial_view] Center Genel Menü clicked -> Opening General Profile
[14:56:34] [INFO] [orbit] Executing selected slice action: Yapıştır
[14:56:34] [INFO] [orbit.services.action] Executing action 'Yapıştır' (ID: a6)
[14:56:34] [INFO] [orbit.actions] Simulated shortcut: ctrl+v
[14:56:40] [INFO] [orbit.hooks.hotkey] Hotkey triggered globally at (708, 58)
[14:56:40] [INFO] [orbit.services.profile] Matched profile 'Web Browser' for app 'brave.exe'
[14:56:40] [INFO] [orbit] Hotkey triggered at (566, 185) for active app 'brave.exe' using profile 'Web Browser'
[14:56:41] [INFO] [orbit] Hotkey released after 0.18s
[14:56:41] [INFO] [orbit] Keeping radial menu open until click or dismiss.
[14:56:42] [INFO] [orbit.ui.radial_view] Center Genel Menü clicked -> Opening General Profile
[14:56:43] [INFO] [orbit] Executing selected slice action: Yapıştır
[14:56:43] [INFO] [orbit.services.action] Executing action 'Yapıştır' (ID: a6)
[14:56:43] [INFO] [orbit.actions] Simulated shortcut: ctrl+v
[14:59:16] [INFO] [orbit.hooks.hotkey] Hotkey triggered globally at (1452, 288)
[14:59:16] [INFO] [orbit.services.profile] Matched profile 'Web Browser' for app 'brave.exe'
[14:59:16] [INFO] [orbit] Hotkey triggered at (1162, 230) for active app 'brave.exe' using profile 'Web Browser'
[14:59:16] [INFO] [orbit] Hotkey released after 0.32s
[14:59:16] [INFO] [orbit] Keeping radial menu open until click or dismiss.
[14:59:17] [INFO] [orbit.ui.radial_view] Center Genel Menü clicked -> Opening General Profile
[14:59:19] [INFO] [orbit] Executing selected slice action: GitHub
[14:59:19] [INFO] [orbit.services.action] Executing action 'GitHub' (ID: a7)
[14:59:19] [INFO] [orbit.actions] Opened URL: https://github.com
[14:59:34] [INFO] [orbit.hooks.hotkey] Hotkey triggered globally at (1223, 514)
[14:59:34] [INFO] [orbit] Hotkey triggered at (978, 411) for active app 'antigravity ide.exe' using profile 'Varsayılan'
[14:59:35] [INFO] [orbit] Hotkey released after 0.27s
[14:59:35] [INFO] [orbit] Keeping radial menu open until click or dismiss.
[14:59:35] [INFO] [orbit.ui.overlay] OverlayWindow lost focus -> requesting dismiss
[15:01:24] [INFO] [orbit] Initializing Orbit Radial Menu Application...
[15:01:24] [INFO] [orbit.platform.windows] Initialized WindowsPlatform
[15:01:24] [INFO] [orbit.services.profile] Loaded profile: Web Browser (8 items)
[15:01:24] [INFO] [orbit.services.profile] Loaded profile: Varsayılan (8 items)
[15:01:24] [INFO] [orbit.services.profile] Loaded profile: VS Code (8 items)
[15:01:24] [INFO] [orbit.services.profile] Active profile set to 'Varsayılan'
[15:01:24] [INFO] [orbit.services.plugin] Registered plugin 'Launcher Plugin' (v1.0.0)
[15:01:24] [INFO] [orbit.services.plugin] Registered plugin 'Media Control Plugin' (v1.0.0)
[15:01:24] [INFO] [orbit.services.plugin] Registered plugin 'Shell Command Plugin' (v1.0.0)
[15:01:24] [INFO] [orbit.hooks.hotkey] Global input listeners started (Primary: 'ctrl+space', Secondary: 'button4', Hold: True@1.0s).
[15:01:24] [INFO] [orbit.ui.system_tray] System Tray initialized.
[15:01:24] [INFO] [orbit] Orbit application running in system tray. Press Mouse 4 or Ctrl+Space to activate radial menu.
[15:01:29] [INFO] [orbit.hooks.hotkey] Hotkey triggered globally at (1148, 574)
[15:01:29] [INFO] [orbit.services.profile] Matched profile 'Web Browser' for app 'brave.exe'
[15:01:29] [INFO] [orbit] Hotkey triggered at (918, 459) for active app 'brave.exe' using profile 'Web Browser'
[15:01:29] [INFO] [orbit] Hotkey released after 0.43s
[15:01:29] [INFO] [orbit] Keeping radial menu open until click or dismiss.
[15:01:31] [INFO] [orbit.ui.radial_view] Center Genel Menü clicked -> Opening General Profile
[15:01:32] [INFO] [orbit.ui.radial_view] Center Back clicked -> Returning to parent ring
[15:01:33] [INFO] [orbit.ui.radial_view] Center Genel Menü clicked -> Opening General Profile
[15:01:34] [INFO] [orbit.ui.radial_view] Opening sub-ring 'Pencere Yönetimi'
[15:01:34] [INFO] [orbit] Executing selected slice action: Küçült
[15:01:34] [INFO] [orbit.services.action] Executing action 'Küçült' (ID: wa1)
[15:01:34] [INFO] [orbit.actions] Executing WindowControlAction 'minimize'
[15:01:34] [INFO] [orbit.actions] Simulated shortcut: cmd+down
[15:01:38] [INFO] [orbit.hooks.hotkey] Hotkey triggered globally at (979, 447)
[15:01:38] [INFO] [orbit.services.profile] Matched profile 'Web Browser' for app 'brave.exe'
[15:01:38] [INFO] [orbit] Hotkey triggered at (783, 358) for active app 'brave.exe' using profile 'Web Browser'
[15:01:38] [INFO] [orbit] Hotkey released after 0.33s
[15:01:38] [INFO] [orbit] Keeping radial menu open until click or dismiss.
[15:01:39] [INFO] [orbit.ui.radial_view] Center Genel Menü clicked -> Opening General Profile
[15:01:40] [INFO] [orbit.ui.radial_view] Opening sub-ring 'Pencere Yönetimi'
[15:01:42] [INFO] [orbit] Executing selected slice action: Küçült
[15:01:42] [INFO] [orbit.services.action] Executing action 'Küçült' (ID: wa1)
[15:01:42] [INFO] [orbit.actions] Executing WindowControlAction 'minimize'
[15:01:42] [INFO] [orbit.actions] Simulated shortcut: cmd+down
[15:01:47] [INFO] [orbit.hooks.hotkey] Hotkey triggered globally at (977, 544)
[15:01:47] [INFO] [orbit.services.profile] Matched profile 'Web Browser' for app 'brave.exe'
[15:01:47] [INFO] [orbit] Hotkey triggered at (782, 435) for active app 'brave.exe' using profile 'Web Browser'
[15:01:47] [INFO] [orbit] Hotkey released after 0.30s
[15:01:47] [INFO] [orbit] Keeping radial menu open until click or dismiss.
[15:01:48] [INFO] [orbit.ui.radial_view] Center Genel Menü clicked -> Opening General Profile
[15:01:49] [INFO] [orbit.ui.radial_view] Opening sub-ring 'Pencere Yönetimi'
[15:01:50] [INFO] [orbit] Executing selected slice action: Büyüt
[15:01:50] [INFO] [orbit.services.action] Executing action 'Büyüt' (ID: wa2)
[15:01:50] [INFO] [orbit.actions] Executing WindowControlAction 'maximize'
[15:01:50] [INFO] [orbit.actions] Simulated shortcut: cmd+up
[15:01:53] [INFO] [orbit.hooks.hotkey] Hotkey triggered globally at (952, 283)
[15:01:53] [INFO] [orbit.services.profile] Matched profile 'Web Browser' for app 'brave.exe'
[15:01:53] [INFO] [orbit] Hotkey triggered at (762, 226) for active app 'brave.exe' using profile 'Web Browser'
[15:01:53] [INFO] [orbit] Hotkey released after 0.31s
[15:01:53] [INFO] [orbit] Keeping radial menu open until click or dismiss.
[15:01:54] [INFO] [orbit.ui.radial_view] Center Genel Menü clicked -> Opening General Profile
[15:01:55] [INFO] [orbit.ui.radial_view] Opening sub-ring 'Pencere Yönetimi'
[15:01:57] [INFO] [orbit] Executing selected slice action: Büyüt
[15:01:57] [INFO] [orbit.services.action] Executing action 'Büyüt' (ID: wa2)
[15:01:57] [INFO] [orbit.actions] Executing WindowControlAction 'maximize'
[15:01:57] [INFO] [orbit.actions] Simulated shortcut: cmd+up
[15:01:59] [INFO] [orbit.hooks.hotkey] Hotkey triggered globally at (835, 371)
[15:01:59] [INFO] [orbit.services.profile] Matched profile 'Web Browser' for app 'brave.exe'
[15:01:59] [INFO] [orbit] Hotkey triggered at (668, 297) for active app 'brave.exe' using profile 'Web Browser'
[15:01:59] [INFO] [orbit] Hotkey released after 0.37s
[15:01:59] [INFO] [orbit] Keeping radial menu open until click or dismiss.
[15:02:01] [INFO] [orbit] Executing selected slice action: Sonraki Sekme
[15:02:01] [INFO] [orbit.services.action] Executing action 'Sonraki Sekme' (ID: ba5)
[15:02:01] [INFO] [orbit.actions] Simulated shortcut: ctrl+tab
[15:02:02] [INFO] [orbit.hooks.hotkey] Hotkey triggered globally at (453, 5)
[15:02:02] [INFO] [orbit] Hotkey triggered at (362, 185) for active app '' using profile 'Varsayılan'
[15:02:04] [INFO] [orbit] Hotkey released after 1.82s
[15:02:04] [INFO] [orbit] Keeping radial menu open until click or dismiss.
[15:02:05] [INFO] [orbit.ui.radial_view] Opening sub-ring 'Pencere Yönetimi'
[15:02:07] [INFO] [orbit] Executing selected slice action: Küçült
[15:02:07] [INFO] [orbit.services.action] Executing action 'Küçült' (ID: wa1)
[15:02:07] [INFO] [orbit.actions] Executing WindowControlAction 'minimize'
[15:02:07] [INFO] [orbit.actions] Simulated shortcut: cmd+down
[15:02:14] [INFO] [orbit.hooks.hotkey] Hotkey triggered globally at (743, 318)
[15:02:14] [INFO] [orbit.services.profile] Matched profile 'Web Browser' for app 'brave.exe'
[15:02:14] [INFO] [orbit] Hotkey triggered at (594, 254) for active app 'brave.exe' using profile 'Web Browser'
[15:02:14] [INFO] [orbit] Hotkey released after 0.26s
[15:02:14] [INFO] [orbit] Keeping radial menu open until click or dismiss.
[15:02:18] [INFO] [orbit.ui.radial_view] Center Genel Menü clicked -> Opening General Profile
[15:02:19] [INFO] [orbit.ui.radial_view] Opening sub-ring 'Pencere Yönetimi'
[15:02:20] [INFO] [orbit] Executing selected slice action: Sağa Yasla
[15:02:20] [INFO] [orbit.services.action] Executing action 'Sağa Yasla' (ID: wa4)
[15:02:20] [INFO] [orbit.actions] Executing WindowControlAction 'snap_right'
[15:02:20] [INFO] [orbit.actions] Simulated shortcut: cmd+right
[15:02:28] [INFO] [orbit.hooks.hotkey] Hotkey triggered globally at (665, 375)
[15:02:28] [INFO] [orbit.services.profile] Matched profile 'Web Browser' for app 'brave.exe'
[15:02:28] [INFO] [orbit] Hotkey triggered at (532, 300) for active app 'brave.exe' using profile 'Web Browser'
[15:02:28] [INFO] [orbit] Hotkey released after 0.28s
[15:02:28] [INFO] [orbit] Keeping radial menu open until click or dismiss.
[15:02:31] [INFO] [orbit] Executing selected slice action: Yer İmi Ekle
[15:02:31] [INFO] [orbit.services.action] Executing action 'Favori' (ID: ba7)
[15:02:31] [INFO] [orbit.actions] Simulated shortcut: ctrl+d
[15:02:33] [INFO] [orbit.hooks.hotkey] Hotkey triggered globally at (539, 306)
[15:02:33] [INFO] [orbit.services.profile] Matched profile 'Web Browser' for app 'brave.exe'
[15:02:33] [INFO] [orbit] Hotkey triggered at (431, 245) for active app 'brave.exe' using profile 'Web Browser'
[15:02:34] [INFO] [orbit] Hotkey released after 0.29s
[15:02:34] [INFO] [orbit] Keeping radial menu open until click or dismiss.
[15:02:35] [INFO] [orbit] Executing selected slice action: Sekme Kapat
[15:02:35] [INFO] [orbit.services.action] Executing action 'Kapat' (ID: ba8)
[15:02:35] [INFO] [orbit.actions] Simulated shortcut: ctrl+w
[15:02:37] [INFO] [orbit.hooks.hotkey] Hotkey triggered globally at (588, 328)
[15:02:37] [INFO] [orbit.services.profile] Matched profile 'Web Browser' for app 'brave.exe'
[15:02:37] [INFO] [orbit] Hotkey triggered at (470, 262) for active app 'brave.exe' using profile 'Web Browser'
[15:02:37] [INFO] [orbit] Hotkey released after 0.29s
[15:02:37] [INFO] [orbit] Keeping radial menu open until click or dismiss.
[15:02:38] [INFO] [orbit.ui.radial_view] Center Genel Menü clicked -> Opening General Profile
[15:02:38] [INFO] [orbit.actions] WheelAction 'Ses Ayarı' scrolled UP (mode=volume)
[15:02:38] [INFO] [orbit.actions] WheelAction 'Ses Ayarı' scrolled UP (mode=volume)
[15:02:38] [INFO] [orbit.actions] WheelAction 'Ses Ayarı' scrolled UP (mode=volume)
[15:02:39] [INFO] [orbit.actions] WheelAction 'Ses Ayarı' scrolled DOWN (mode=volume)
[15:02:39] [INFO] [orbit.actions] WheelAction 'Ses Ayarı' scrolled DOWN (mode=volume)
[15:02:39] [INFO] [orbit.actions] WheelAction 'Ses Ayarı' scrolled DOWN (mode=volume)
[15:02:39] [INFO] [orbit.actions] WheelAction 'Ses Ayarı' scrolled UP (mode=volume)
[15:02:39] [INFO] [orbit.actions] WheelAction 'Ses Ayarı' scrolled UP (mode=volume)
[15:02:39] [INFO] [orbit.actions] WheelAction 'Ses Ayarı' scrolled UP (mode=volume)
[15:02:39] [INFO] [orbit.actions] WheelAction 'Ses Ayarı' scrolled UP (mode=volume)
[15:02:39] [INFO] [orbit.actions] WheelAction 'Ses Ayarı' scrolled UP (mode=volume)
[15:02:39] [INFO] [orbit.actions] WheelAction 'Ses Ayarı' scrolled UP (mode=volume)
[15:02:39] [INFO] [orbit.actions] WheelAction 'Ses Ayarı' scrolled UP (mode=volume)
[15:02:39] [INFO] [orbit.actions] WheelAction 'Ses Ayarı' scrolled UP (mode=volume)
[15:02:39] [INFO] [orbit.actions] WheelAction 'Ses Ayarı' scrolled UP (mode=volume)
[15:02:39] [INFO] [orbit.actions] WheelAction 'Ses Ayarı' scrolled UP (mode=volume)
[15:02:39] [INFO] [orbit.actions] WheelAction 'Ses Ayarı' scrolled UP (mode=volume)
[15:02:39] [INFO] [orbit.actions] WheelAction 'Ses Ayarı' scrolled DOWN (mode=volume)
[15:02:39] [INFO] [orbit.actions] WheelAction 'Ses Ayarı' scrolled DOWN (mode=volume)
[15:02:39] [INFO] [orbit.actions] WheelAction 'Ses Ayarı' scrolled DOWN (mode=volume)
[15:02:39] [INFO] [orbit.actions] WheelAction 'Ses Ayarı' scrolled DOWN (mode=volume)
[15:02:40] [INFO] [orbit.actions] WheelAction 'Ses Ayarı' scrolled DOWN (mode=volume)
[15:02:40] [INFO] [orbit.actions] WheelAction 'Ses Ayarı' scrolled DOWN (mode=volume)
[15:02:40] [INFO] [orbit.actions] WheelAction 'Ses Ayarı' scrolled DOWN (mode=volume)
[15:02:40] [INFO] [orbit.actions] WheelAction 'Ses Ayarı' scrolled DOWN (mode=volume)
[15:02:40] [INFO] [orbit.actions] WheelAction 'Ses Ayarı' scrolled DOWN (mode=volume)
[15:02:40] [INFO] [orbit.actions] WheelAction 'Ses Ayarı' scrolled DOWN (mode=volume)
[15:02:40] [INFO] [orbit.actions] WheelAction 'Ses Ayarı' scrolled DOWN (mode=volume)
[15:02:40] [INFO] [orbit.actions] WheelAction 'Ses Ayarı' scrolled DOWN (mode=volume)
[15:02:40] [INFO] [orbit.actions] WheelAction 'Ses Ayarı' scrolled DOWN (mode=volume)
[15:02:40] [INFO] [orbit.actions] WheelAction 'Ses Ayarı' scrolled DOWN (mode=volume)
[15:02:40] [INFO] [orbit.actions] WheelAction 'Ses Ayarı' scrolled DOWN (mode=volume)
[15:02:40] [INFO] [orbit.actions] WheelAction 'Ses Ayarı' scrolled DOWN (mode=volume)
[15:02:40] [INFO] [orbit.actions] WheelAction 'Ses Ayarı' scrolled DOWN (mode=volume)
[15:02:40] [INFO] [orbit.actions] WheelAction 'Ses Ayarı' scrolled DOWN (mode=volume)
[15:02:40] [INFO] [orbit.actions] WheelAction 'Ses Ayarı' scrolled DOWN (mode=volume)
[15:02:40] [INFO] [orbit.actions] WheelAction 'Ses Ayarı' scrolled DOWN (mode=volume)
[15:02:40] [INFO] [orbit.actions] WheelAction 'Ses Ayarı' scrolled UP (mode=volume)
[15:02:41] [INFO] [orbit.actions] WheelAction 'Ses Ayarı' scrolled UP (mode=volume)
[15:02:41] [INFO] [orbit.actions] WheelAction 'Ses Ayarı' scrolled UP (mode=volume)
[15:02:41] [INFO] [orbit.actions] WheelAction 'Ses Ayarı' scrolled UP (mode=volume)
[15:02:41] [INFO] [orbit.actions] WheelAction 'Ses Ayarı' scrolled UP (mode=volume)
[15:02:41] [INFO] [orbit.actions] WheelAction 'Ses Ayarı' scrolled UP (mode=volume)
[15:02:41] [INFO] [orbit.actions] WheelAction 'Ses Ayarı' scrolled UP (mode=volume)
[15:02:41] [INFO] [orbit.actions] WheelAction 'Ses Ayarı' scrolled UP (mode=volume)
[15:02:41] [INFO] [orbit.actions] WheelAction 'Ses Ayarı' scrolled UP (mode=volume)
[15:02:41] [INFO] [orbit.actions] WheelAction 'Ses Ayarı' scrolled UP (mode=volume)
[15:02:41] [INFO] [orbit.actions] WheelAction 'Ses Ayarı' scrolled UP (mode=volume)
[15:02:41] [INFO] [orbit.actions] WheelAction 'Ses Ayarı' scrolled UP (mode=volume)
[15:02:41] [INFO] [orbit.actions] WheelAction 'Ses Ayarı' scrolled UP (mode=volume)
[15:02:41] [INFO] [orbit.actions] WheelAction 'Ses Ayarı' scrolled UP (mode=volume)
[15:02:41] [INFO] [orbit.actions] WheelAction 'Ses Ayarı' scrolled UP (mode=volume)
[15:02:41] [INFO] [orbit.actions] WheelAction 'Ses Ayarı' scrolled UP (mode=volume)
[15:02:41] [INFO] [orbit.actions] WheelAction 'Ses Ayarı' scrolled UP (mode=volume)
[15:02:41] [INFO] [orbit.actions] WheelAction 'Ses Ayarı' scrolled UP (mode=volume)
[15:02:41] [INFO] [orbit.actions] WheelAction 'Ses Ayarı' scrolled UP (mode=volume)
[15:02:41] [INFO] [orbit.actions] WheelAction 'Ses Ayarı' scrolled UP (mode=volume)
[15:02:41] [INFO] [orbit.actions] WheelAction 'Ses Ayarı' scrolled UP (mode=volume)
[15:02:42] [INFO] [orbit.actions] WheelAction 'Ses Ayarı' scrolled UP (mode=volume)
[15:02:42] [INFO] [orbit.actions] WheelAction 'Ses Ayarı' scrolled UP (mode=volume)
[15:02:42] [INFO] [orbit.actions] WheelAction 'Ses Ayarı' scrolled UP (mode=volume)
[15:02:42] [INFO] [orbit.actions] WheelAction 'Ses Ayarı' scrolled UP (mode=volume)
[15:02:42] [INFO] [orbit.actions] WheelAction 'Ses Ayarı' scrolled UP (mode=volume)
[15:02:42] [INFO] [orbit.actions] WheelAction 'Ses Ayarı' scrolled UP (mode=volume)
[15:02:42] [INFO] [orbit.actions] WheelAction 'Ses Ayarı' scrolled UP (mode=volume)
[15:02:42] [INFO] [orbit.actions] WheelAction 'Ses Ayarı' scrolled UP (mode=volume)
[15:02:42] [INFO] [orbit.actions] WheelAction 'Ses Ayarı' scrolled UP (mode=volume)
[15:02:42] [INFO] [orbit.actions] WheelAction 'Ses Ayarı' scrolled UP (mode=volume)
[15:02:42] [INFO] [orbit.actions] WheelAction 'Ses Ayarı' scrolled UP (mode=volume)
[15:02:42] [INFO] [orbit.actions] WheelAction 'Ses Ayarı' scrolled UP (mode=volume)
[15:02:42] [INFO] [orbit.actions] WheelAction 'Ses Ayarı' scrolled UP (mode=volume)
[15:02:42] [INFO] [orbit.actions] WheelAction 'Ses Ayarı' scrolled UP (mode=volume)
[15:02:42] [INFO] [orbit.actions] WheelAction 'Ses Ayarı' scrolled UP (mode=volume)
[15:02:42] [INFO] [orbit.actions] WheelAction 'Ses Ayarı' scrolled UP (mode=volume)
[15:02:42] [INFO] [orbit.actions] WheelAction 'Ses Ayarı' scrolled DOWN (mode=volume)
[15:02:42] [INFO] [orbit.actions] WheelAction 'Ses Ayarı' scrolled DOWN (mode=volume)
[15:02:42] [INFO] [orbit.actions] WheelAction 'Ses Ayarı' scrolled DOWN (mode=volume)
[15:02:42] [INFO] [orbit.actions] WheelAction 'Ses Ayarı' scrolled DOWN (mode=volume)
[15:02:42] [INFO] [orbit.actions] WheelAction 'Ses Ayarı' scrolled DOWN (mode=volume)
[15:02:42] [INFO] [orbit.actions] WheelAction 'Ses Ayarı' scrolled DOWN (mode=volume)
[15:02:42] [INFO] [orbit.actions] WheelAction 'Ses Ayarı' scrolled DOWN (mode=volume)
[15:02:43] [INFO] [orbit.actions] WheelAction 'Ses Ayarı' scrolled DOWN (mode=volume)
[15:02:43] [INFO] [orbit.actions] WheelAction 'Ses Ayarı' scrolled DOWN (mode=volume)
[15:02:43] [INFO] [orbit.actions] WheelAction 'Ses Ayarı' scrolled DOWN (mode=volume)
[15:02:43] [INFO] [orbit.actions] WheelAction 'Ses Ayarı' scrolled DOWN (mode=volume)
[15:02:43] [INFO] [orbit.actions] WheelAction 'Ses Ayarı' scrolled DOWN (mode=volume)
[15:02:43] [INFO] [orbit.actions] WheelAction 'Ses Ayarı' scrolled DOWN (mode=volume)
[15:02:43] [INFO] [orbit.actions] WheelAction 'Ses Ayarı' scrolled DOWN (mode=volume)
[15:02:43] [INFO] [orbit.actions] WheelAction 'Ses Ayarı' scrolled DOWN (mode=volume)
[15:02:43] [INFO] [orbit.actions] WheelAction 'Ses Ayarı' scrolled DOWN (mode=volume)
[15:02:43] [INFO] [orbit.actions] WheelAction 'Ses Ayarı' scrolled DOWN (mode=volume)
[15:02:43] [INFO] [orbit.actions] WheelAction 'Ses Ayarı' scrolled DOWN (mode=volume)
[15:02:43] [INFO] [orbit.actions] WheelAction 'Ses Ayarı' scrolled DOWN (mode=volume)
[15:02:43] [INFO] [orbit.actions] WheelAction 'Ses Ayarı' scrolled DOWN (mode=volume)
[15:02:43] [INFO] [orbit.actions] WheelAction 'Ses Ayarı' scrolled DOWN (mode=volume)
[15:02:43] [INFO] [orbit.actions] WheelAction 'Ses Ayarı' scrolled UP (mode=volume)
[15:02:43] [INFO] [orbit.actions] WheelAction 'Ses Ayarı' scrolled UP (mode=volume)
[15:02:43] [INFO] [orbit.actions] WheelAction 'Ses Ayarı' scrolled UP (mode=volume)
[15:02:44] [INFO] [orbit.actions] WheelAction 'Ses Ayarı' scrolled UP (mode=volume)
[15:02:44] [INFO] [orbit.actions] WheelAction 'Ses Ayarı' scrolled UP (mode=volume)
[15:02:45] [INFO] [orbit.actions] WheelAction 'Ses Ayarı' scrolled UP (mode=volume)
[15:02:51] [INFO] [orbit] Executing selected slice action: Terminal
[15:02:51] [INFO] [orbit.services.action] Executing action 'Terminal' (ID: a1)
[15:02:51] [INFO] [orbit.actions] Launched application: wt || cmd.exe /c start cmd || konsole || gnome-terminal || xterm
[15:04:53] [INFO] [orbit] Initializing Orbit Radial Menu Application...
[15:04:53] [INFO] [orbit.platform.windows] Initialized WindowsPlatform
[15:04:53] [INFO] [orbit.services.profile] Loaded profile: Web Browser (8 items)
[15:04:53] [INFO] [orbit.services.profile] Loaded profile: Varsayılan (8 items)
[15:04:53] [INFO] [orbit.services.profile] Loaded profile: VS Code (8 items)
[15:04:53] [INFO] [orbit.services.profile] Active profile set to 'Varsayılan'
[15:04:53] [INFO] [orbit.services.plugin] Registered plugin 'Launcher Plugin' (v1.0.0)
[15:04:53] [INFO] [orbit.services.plugin] Registered plugin 'Media Control Plugin' (v1.0.0)
[15:04:53] [INFO] [orbit.services.plugin] Registered plugin 'Shell Command Plugin' (v1.0.0)
[15:04:53] [INFO] [orbit.hooks.hotkey] Global input listeners started (Primary: 'ctrl+space', Secondary: 'button4', Hold: True@1.0s).
[15:04:53] [INFO] [orbit.ui.system_tray] System Tray initialized.
[15:04:53] [INFO] [orbit] Orbit application running in system tray. Press Mouse 4 or Ctrl+Space to activate radial menu.
[15:05:53] [INFO] [orbit.hooks.hotkey] Hotkey triggered globally at (1291, 452)
[15:05:53] [INFO] [orbit] Hotkey triggered at (1033, 362) for active app 'antigravity ide.exe' using profile 'Varsayılan'
[15:05:53] [INFO] [orbit] Hotkey released after 0.38s
[15:05:53] [INFO] [orbit] Keeping radial menu open until click or dismiss.
[15:05:55] [INFO] [orbit.ui.radial_view] Opening sub-ring 'Pencere Yönetimi'
[15:05:57] [INFO] [orbit] Executing selected slice action: Sağa Yasla
[15:05:57] [INFO] [orbit.services.action] Executing action 'Sağa Yasla' (ID: wa4)
[15:05:57] [INFO] [orbit.actions] Executing WindowControlAction 'snap_right'
[15:05:57] [INFO] [orbit.actions] Simulated shortcut: cmd+right
[15:06:00] [INFO] [orbit.hooks.hotkey] Hotkey triggered globally at (644, 312)
[15:06:00] [INFO] [orbit.services.profile] Matched profile 'Web Browser' for app 'brave.exe'
[15:06:00] [INFO] [orbit] Hotkey triggered at (515, 250) for active app 'brave.exe' using profile 'Web Browser'
[15:06:00] [INFO] [orbit] Hotkey released after 0.31s
[15:06:00] [INFO] [orbit] Keeping radial menu open until click or dismiss.
[15:06:02] [INFO] [orbit.ui.radial_view] Center Genel Menü clicked -> Opening General Profile
[15:06:03] [INFO] [orbit.ui.radial_view] Opening sub-ring 'Pencere Yönetimi'
[15:06:04] [INFO] [orbit] Executing selected slice action: Sola Yasla
[15:06:04] [INFO] [orbit.services.action] Executing action 'Sola Yasla' (ID: wa3)
[15:06:04] [INFO] [orbit.actions] Executing WindowControlAction 'snap_left'
[15:06:04] [INFO] [orbit.actions] Simulated shortcut: cmd+left
[15:06:30] [INFO] [orbit.hooks.hotkey] Hotkey triggered globally at (602, 408)
[15:06:30] [INFO] [orbit] Hotkey triggered at (482, 326) for active app 'explorer.exe' using profile 'Varsayılan'
[15:06:30] [INFO] [orbit] Hotkey released after 0.37s
[15:06:30] [INFO] [orbit] Keeping radial menu open until click or dismiss.
[15:06:33] [INFO] [orbit.ui.overlay] OverlayWindow lost focus -> requesting dismiss
[15:06:40] [INFO] [orbit.hooks.hotkey] Hotkeys updated -> Primary: 'button5', Secondary: 'button4'
[15:06:44] [INFO] [orbit.hooks.hotkey] Hotkey triggered globally at (840, 941)
[15:06:44] [INFO] [orbit] Hotkey triggered at (672, 753) for active app 'explorer.exe' using profile 'Varsayılan'
[15:06:44] [INFO] [orbit] Hotkey released after 0.27s
[15:06:44] [INFO] [orbit] Keeping radial menu open until click or dismiss.
[15:06:49] [INFO] [orbit.ui.overlay] OverlayWindow lost focus -> requesting dismiss
[15:06:52] [INFO] [orbit.hooks.hotkey] Hotkey triggered globally at (581, 586)
[15:06:52] [INFO] [orbit.services.profile] Matched profile 'Web Browser' for app 'brave.exe'
[15:06:52] [INFO] [orbit] Hotkey triggered at (465, 469) for active app 'brave.exe' using profile 'Web Browser'
[15:06:52] [INFO] [orbit] Hotkey released after 0.42s
[15:06:52] [INFO] [orbit] Keeping radial menu open until click or dismiss.
[15:06:55] [INFO] [orbit.ui.overlay] OverlayWindow lost focus -> requesting dismiss
[15:10:23] [INFO] [orbit.hooks.hotkey] Hotkey triggered globally at (1031, 425)
[15:10:23] [INFO] [orbit] Hotkey triggered at (825, 340) for active app 'antigravity ide.exe' using profile 'Varsayılan'
[15:10:23] [INFO] [orbit] Hotkey released after 0.29s
[15:10:23] [INFO] [orbit] Keeping radial menu open until click or dismiss.
[15:10:25] [INFO] [orbit.ui.overlay] OverlayWindow lost focus -> requesting dismiss
[15:10:30] [INFO] [orbit.hooks.hotkey] Hotkey triggered globally at (1366, 437)
[15:10:30] [INFO] [orbit] Hotkey triggered at (1093, 350) for active app 'antigravity ide.exe' using profile 'Varsayılan'
[15:10:30] [INFO] [orbit] Hotkey released after 0.26s
[15:10:30] [INFO] [orbit] Keeping radial menu open until click or dismiss.
[15:10:31] [INFO] [orbit.actions] WheelAction 'Ses Ayarı' scrolled UP (mode=volume)
[15:10:31] [INFO] [orbit.actions] WheelAction 'Ses Ayarı' scrolled UP (mode=volume)
[15:10:31] [INFO] [orbit.actions] WheelAction 'Ses Ayarı' scrolled UP (mode=volume)
[15:10:31] [INFO] [orbit.actions] WheelAction 'Ses Ayarı' scrolled UP (mode=volume)
[15:10:31] [INFO] [orbit.actions] WheelAction 'Ses Ayarı' scrolled UP (mode=volume)
[15:10:31] [INFO] [orbit.actions] WheelAction 'Ses Ayarı' scrolled DOWN (mode=volume)
[15:10:31] [INFO] [orbit.actions] WheelAction 'Ses Ayarı' scrolled DOWN (mode=volume)
[15:10:31] [INFO] [orbit.actions] WheelAction 'Ses Ayarı' scrolled DOWN (mode=volume)
[15:10:31] [INFO] [orbit.actions] WheelAction 'Ses Ayarı' scrolled DOWN (mode=volume)
[15:10:31] [INFO] [orbit.actions] WheelAction 'Ses Ayarı' scrolled UP (mode=volume)
[15:10:31] [INFO] [orbit.actions] WheelAction 'Ses Ayarı' scrolled UP (mode=volume)
[15:10:31] [INFO] [orbit.actions] WheelAction 'Ses Ayarı' scrolled UP (mode=volume)
[15:10:31] [INFO] [orbit.actions] WheelAction 'Ses Ayarı' scrolled UP (mode=volume)
[15:10:31] [INFO] [orbit.actions] WheelAction 'Ses Ayarı' scrolled UP (mode=volume)
[15:10:31] [INFO] [orbit.actions] WheelAction 'Ses Ayarı' scrolled UP (mode=volume)
[15:10:31] [INFO] [orbit.actions] WheelAction 'Ses Ayarı' scrolled UP (mode=volume)
[15:10:31] [INFO] [orbit.actions] WheelAction 'Ses Ayarı' scrolled UP (mode=volume)
[15:10:31] [INFO] [orbit.actions] WheelAction 'Ses Ayarı' scrolled DOWN (mode=volume)
[15:10:31] [INFO] [orbit.actions] WheelAction 'Ses Ayarı' scrolled DOWN (mode=volume)
[15:10:32] [INFO] [orbit.actions] WheelAction 'Ses Ayarı' scrolled DOWN (mode=volume)
[15:10:32] [INFO] [orbit.actions] WheelAction 'Ses Ayarı' scrolled DOWN (mode=volume)
[15:10:32] [INFO] [orbit.actions] WheelAction 'Ses Ayarı' scrolled DOWN (mode=volume)
[15:10:32] [INFO] [orbit.actions] WheelAction 'Ses Ayarı' scrolled DOWN (mode=volume)
[15:10:32] [INFO] [orbit.actions] WheelAction 'Ses Ayarı' scrolled DOWN (mode=volume)
[15:10:32] [INFO] [orbit.actions] WheelAction 'Ses Ayarı' scrolled DOWN (mode=volume)
[15:10:32] [INFO] [orbit.actions] WheelAction 'Ses Ayarı' scrolled UP (mode=volume)
[15:10:32] [INFO] [orbit.actions] WheelAction 'Ses Ayarı' scrolled UP (mode=volume)
[15:10:32] [INFO] [orbit.actions] WheelAction 'Ses Ayarı' scrolled UP (mode=volume)
[15:10:32] [INFO] [orbit.actions] WheelAction 'Ses Ayarı' scrolled UP (mode=volume)
[15:10:32] [INFO] [orbit.actions] WheelAction 'Ses Ayarı' scrolled UP (mode=volume)
[15:10:32] [INFO] [orbit.actions] WheelAction 'Ses Ayarı' scrolled UP (mode=volume)
[15:10:32] [INFO] [orbit.actions] WheelAction 'Ses Ayarı' scrolled UP (mode=volume)
[15:10:32] [INFO] [orbit.actions] WheelAction 'Ses Ayarı' scrolled UP (mode=volume)
[15:10:33] [INFO] [orbit.actions] WheelAction 'Ses Ayarı' scrolled DOWN (mode=volume)
[15:10:33] [INFO] [orbit.actions] WheelAction 'Ses Ayarı' scrolled DOWN (mode=volume)
[15:10:33] [INFO] [orbit.actions] WheelAction 'Ses Ayarı' scrolled DOWN (mode=volume)
[15:10:33] [INFO] [orbit.actions] WheelAction 'Ses Ayarı' scrolled UP (mode=volume)
[15:10:34] [INFO] [orbit.actions] WheelAction 'Ses Ayarı' scrolled UP (mode=volume)
[15:10:34] [INFO] [orbit.actions] WheelAction 'Ses Ayarı' scrolled DOWN (mode=volume)
[15:10:34] [INFO] [orbit.actions] WheelAction 'Ses Ayarı' scrolled DOWN (mode=volume)
[15:10:34] [INFO] [orbit.actions] WheelAction 'Ses Ayarı' scrolled DOWN (mode=volume)
[15:10:34] [INFO] [orbit.actions] WheelAction 'Ses Ayarı' scrolled DOWN (mode=volume)
[15:10:34] [INFO] [orbit.actions] WheelAction 'Ses Ayarı' scrolled DOWN (mode=volume)
[15:10:34] [INFO] [orbit.actions] WheelAction 'Ses Ayarı' scrolled DOWN (mode=volume)
[15:10:40] [INFO] [orbit.ui.overlay] OverlayWindow lost focus -> requesting dismiss
[15:10:45] [INFO] [orbit.hooks.hotkey] Hotkey triggered globally at (1845, 543)
[15:10:45] [INFO] [orbit] Hotkey triggered at (1476, 434) for active app 'explorer.exe' using profile 'Varsayılan'
[15:10:45] [INFO] [orbit] Hotkey released after 0.21s
[15:10:45] [INFO] [orbit] Keeping radial menu open until click or dismiss.
[15:10:47] [INFO] [orbit.ui.overlay] OverlayWindow lost focus -> requesting dismiss
[15:10:49] [INFO] [orbit.hooks.hotkey] Hotkey triggered globally at (2547, 22)
[15:10:49] [INFO] [orbit] Hotkey triggered at (1862, 185) for active app 'explorer.exe' using profile 'Varsayılan'
[15:10:50] [INFO] [orbit] Hotkey released after 0.34s
[15:10:50] [INFO] [orbit] Keeping radial menu open until click or dismiss.
[15:10:52] [INFO] [orbit.ui.overlay] OverlayWindow lost focus -> requesting dismiss
[15:20:12] [INFO] [orbit] Initializing Orbit Radial Menu Application...
[15:20:12] [INFO] [orbit.platform.windows] Initialized WindowsPlatform
[15:20:12] [INFO] [orbit.services.profile] Loaded profile: Web Browser (8 items)
[15:20:12] [INFO] [orbit.services.profile] Loaded profile: Varsayılan (8 items)
[15:20:12] [INFO] [orbit.services.profile] Loaded profile: Excel (8 items)
[15:20:12] [INFO] [orbit.services.profile] Loaded profile: PowerPoint (8 items)
[15:20:12] [INFO] [orbit.services.profile] Loaded profile: Varsayılan (4 items)
[15:20:12] [INFO] [orbit.services.profile] Loaded profile: VS Code (8 items)
[15:20:12] [INFO] [orbit.services.profile] Loaded profile: Word (8 items)
[15:20:12] [INFO] [orbit.services.profile] Active profile set to 'Varsayılan'
[15:20:12] [INFO] [orbit.services.plugin] Registered plugin 'Launcher Plugin' (v1.0.0)
[15:20:12] [INFO] [orbit.services.plugin] Registered plugin 'Media Control Plugin' (v1.0.0)
[15:20:12] [INFO] [orbit.services.plugin] Registered plugin 'Shell Command Plugin' (v1.0.0)
[15:20:12] [INFO] [orbit.hooks.hotkey] Global input listeners started (Primary: 'button5', Secondary: 'button4', Hold: True@1.0s).
[15:20:12] [INFO] [orbit.ui.system_tray] System Tray initialized.
[15:20:12] [INFO] [orbit] Orbit application running in system tray. Press Mouse 4 or Ctrl+Space to activate radial menu.
[15:20:40] [INFO] [orbit.hooks.hotkey] Hotkey triggered globally at (1072, 425)
[15:20:40] [INFO] [orbit] Hotkey triggered at (858, 340) for active app 'editors.exe' using profile 'Varsayılan'
[15:20:40] [INFO] [orbit] Hotkey released after 0.36s
[15:20:40] [INFO] [orbit] Keeping radial menu open until click or dismiss.
[15:20:56] [INFO] [orbit.ui.radial_view] Opening sub-ring 'Pencere Yönetimi'
[15:20:56] [INFO] [orbit.ui.radial_view] Center Back clicked -> Returning to parent ring
[15:21:11] [INFO] [orbit.hooks.hotkey] Hotkey triggered globally at (1025, 436)
[15:21:11] [INFO] [orbit] Hotkey triggered at (820, 349) for active app 'editors.exe' using profile 'Varsayılan'
[15:21:11] [INFO] [orbit] Hotkey released after 0.30s
[15:21:11] [INFO] [orbit] Keeping radial menu open until click or dismiss.
[15:21:15] [INFO] [orbit.ui.overlay] OverlayWindow lost focus -> requesting dismiss
[15:21:18] [INFO] [orbit.hooks.hotkey] Hotkey triggered globally at (786, 440)
[15:21:18] [INFO] [orbit] Hotkey triggered at (629, 352) for active app 'explorer.exe' using profile 'Varsayılan'
[15:21:19] [INFO] [orbit] Hotkey released after 0.34s
[15:21:19] [INFO] [orbit] Keeping radial menu open until click or dismiss.
[15:21:25] [INFO] [orbit.hooks.hotkey] Hotkey triggered globally at (905, 68)
[15:21:25] [INFO] [orbit] Hotkey pressed while active -> dismissing menu.
[15:21:25] [INFO] [orbit.ui.overlay] OverlayWindow lost focus -> requesting dismiss
[15:21:26] [INFO] [orbit] Hotkey released after 0.58s
[15:21:26] [INFO] [orbit] Executing selected slice action: Metin Yaz
[15:21:26] [INFO] [orbit.services.action] Executing action 'Metin Yaz' (ID: a8)
[15:21:26] [INFO] [orbit.actions] Typed text string: 'Hello from Orbit Actions Ring!'
[15:21:27] [INFO] [orbit.hooks.hotkey] Hotkey triggered globally at (905, 68)
[15:21:27] [INFO] [orbit.services.profile] Matched profile 'Web Browser' for app 'brave.exe'
[15:21:27] [INFO] [orbit] Hotkey triggered at (724, 185) for active app 'brave.exe' using profile 'Web Browser'
[15:21:28] [INFO] [orbit] Hotkey released after 0.30s
[15:21:28] [INFO] [orbit] Keeping radial menu open until click or dismiss.
[15:21:31] [INFO] [orbit.ui.radial_view] Center Genel Menü clicked -> Opening General Profile
[15:21:33] [INFO] [orbit.ui.overlay] OverlayWindow lost focus -> requesting dismiss
[15:25:43] [INFO] [orbit.hooks.hotkey] Hotkey triggered globally at (1001, 500)
[15:25:43] [INFO] [orbit] Hotkey triggered at (801, 400) for active app 'editors.exe' using profile 'Varsayılan'
[15:25:43] [INFO] [orbit] Hotkey released after 0.32s
[15:25:43] [INFO] [orbit] Keeping radial menu open until click or dismiss.
[15:25:44] [INFO] [orbit] Executing selected slice action: Metin Yaz
[15:25:44] [INFO] [orbit.services.action] Executing action 'Metin Yaz' (ID: a8)
[15:25:44] [INFO] [orbit.actions] Typed text string: 'Hello from Orbit Actions Ring!'
[15:25:47] [INFO] [orbit.hooks.hotkey] Hotkey triggered globally at (1193, 637)
[15:25:47] [INFO] [orbit] Hotkey triggered at (954, 510) for active app 'editors.exe' using profile 'Varsayılan'
[15:25:48] [INFO] [orbit] Hotkey released after 0.26s
[15:25:48] [INFO] [orbit] Keeping radial menu open until click or dismiss.
[15:26:29] [INFO] [orbit] Initializing Orbit Radial Menu Application...
[15:26:29] [INFO] [orbit.platform.windows] Initialized WindowsPlatform
[15:26:29] [INFO] [orbit.services.profile] Loaded profile: Web Browser (8 items)
[15:26:29] [INFO] [orbit.services.profile] Loaded profile: Varsayılan (8 items)
[15:26:29] [INFO] [orbit.services.profile] Loaded profile: Excel (8 items)
[15:26:29] [INFO] [orbit.services.profile] Loaded profile: PowerPoint (8 items)
[15:26:29] [INFO] [orbit.services.profile] Loaded profile: Varsayılan (4 items)
[15:26:29] [INFO] [orbit.services.profile] Loaded profile: VS Code (8 items)
[15:26:29] [INFO] [orbit.services.profile] Loaded profile: Word (8 items)
[15:26:29] [INFO] [orbit.services.profile] Active profile set to 'Varsayılan'
[15:26:29] [INFO] [orbit.services.plugin] Registered plugin 'Launcher Plugin' (v1.0.0)
[15:26:29] [INFO] [orbit.services.plugin] Registered plugin 'Media Control Plugin' (v1.0.0)
[15:26:29] [INFO] [orbit.services.plugin] Registered plugin 'Shell Command Plugin' (v1.0.0)
[15:26:29] [INFO] [orbit.hooks.hotkey] Global input listeners started (Primary: 'button5', Secondary: 'button4', Hold: True@1.0s).
[15:26:29] [INFO] [orbit.ui.system_tray] System Tray initialized.
[15:26:29] [INFO] [orbit] Orbit application running in system tray. Press Mouse 4 or Ctrl+Space to activate radial menu.
[15:26:31] [INFO] [orbit.hooks.hotkey] Hotkey triggered globally at (924, 598)
[15:26:31] [INFO] [orbit] Hotkey triggered at (739, 478) for active app 'editors.exe' using profile 'Varsayılan'
[15:26:32] [INFO] [orbit] Hotkey released after 0.32s
[15:26:32] [INFO] [orbit] Keeping radial menu open until click or dismiss.
[15:26:33] [INFO] [orbit] Executing selected slice action: Swipe Klavye
[15:26:33] [INFO] [orbit.services.action] Executing action 'Swipe Klavye' (ID: a8)
[15:26:33] [INFO] [orbit.actions] Toggled Swipe Keyboard
[15:26:36] [INFO] [orbit.swipe_keyboard] SwipeKeyboard typed: 'merhaba '
[15:26:40] [INFO] [orbit.swipe_keyboard] SwipeKeyboard typed: 'merhaba '
[15:26:42] [INFO] [orbit.swipe_keyboard] SwipeKeyboard typed: 'e'
[15:26:42] [INFO] [orbit.swipe_keyboard] SwipeKeyboard typed: 'e'
[15:26:42] [INFO] [orbit.swipe_keyboard] SwipeKeyboard typed: 'e'
[15:26:42] [INFO] [orbit.swipe_keyboard] SwipeKeyboard typed: 'e'
[15:26:43] [INFO] [orbit.swipe_keyboard] SwipeKeyboard typed: 'r'
[15:26:43] [INFO] [orbit.swipe_keyboard] SwipeKeyboard typed: 'r'
[15:26:43] [INFO] [orbit.swipe_keyboard] SwipeKeyboard typed: 't'
[15:26:43] [INFO] [orbit.swipe_keyboard] SwipeKeyboard typed: 'r'
[15:26:43] [INFO] [orbit.swipe_keyboard] SwipeKeyboard typed: 'r'
[15:26:44] [INFO] [orbit.swipe_keyboard] SwipeKeyboard typed: 'r'
[15:26:44] [INFO] [orbit.swipe_keyboard] SwipeKeyboard typed: 't'
[15:26:44] [INFO] [orbit.swipe_keyboard] SwipeKeyboard typed: 't'
[15:26:47] [INFO] [orbit.swipe_keyboard] SwipeKeyboard typed: 'mnhgtre '
[15:26:48] [INFO] [orbit.swipe_keyboard] SwipeKeyboard typed: 'er '
[15:26:50] [INFO] [orbit.swipe_keyboard] SwipeKeyboard typed: 'mnhgr '
[15:26:52] [INFO] [orbit.swipe_keyboard] SwipeKeyboard typed: 'y'
[15:26:52] [INFO] [orbit.swipe_keyboard] SwipeKeyboard typed: 'j'
[15:26:52] [INFO] [orbit.swipe_keyboard] SwipeKeyboard typed: 'ghjkjh '
[15:27:29] [INFO] [orbit.hooks.hotkey] Hotkey triggered globally at (966, 693)
[15:27:29] [INFO] [orbit] Hotkey triggered at (773, 554) for active app 'antigravity ide.exe' using profile 'Varsayılan'
[15:27:29] [INFO] [orbit] Hotkey released after 0.26s
[15:27:29] [INFO] [orbit] Keeping radial menu open until click or dismiss.
[15:27:31] [INFO] [orbit] Executing selected slice action: Swipe Klavye
[15:27:31] [INFO] [orbit.services.action] Executing action 'Swipe Klavye' (ID: a8)
[15:27:31] [INFO] [orbit.actions] Toggled Swipe Keyboard
[15:29:32] [INFO] [orbit.hooks.hotkey] Hotkey triggered globally at (873, 441)
[15:29:32] [INFO] [orbit] Hotkey triggered at (698, 353) for active app 'antigravity ide.exe' using profile 'Varsayılan'
[15:29:33] [INFO] [orbit] Hotkey released after 0.31s
[15:29:33] [INFO] [orbit] Keeping radial menu open until click or dismiss.
[15:29:39] [INFO] [orbit.ui.overlay] OverlayWindow lost focus -> requesting dismiss
[15:29:54] [INFO] [orbit.hooks.hotkey] Hotkey triggered globally at (886, 471)
[15:29:54] [INFO] [orbit] Hotkey triggered at (709, 377) for active app 'antigravity ide.exe' using profile 'Varsayılan'
[15:29:55] [INFO] [orbit] Hotkey released after 0.28s
[15:29:55] [INFO] [orbit] Keeping radial menu open until click or dismiss.
[15:30:04] [INFO] [orbit.ui.overlay] OverlayWindow lost focus -> requesting dismiss
[15:30:25] [INFO] [orbit.hooks.hotkey] Hotkey triggered globally at (840, 498)
[15:30:25] [INFO] [orbit.services.profile] Matched profile 'Web Browser' for app 'brave.exe'
[15:30:25] [INFO] [orbit] Hotkey triggered at (672, 398) for active app 'brave.exe' using profile 'Web Browser'
[15:30:25] [INFO] [orbit] Hotkey released after 0.29s
[15:30:25] [INFO] [orbit] Keeping radial menu open until click or dismiss.
[15:30:28] [INFO] [orbit.ui.radial_view] Center Genel Menü clicked -> Opening General Profile
[15:30:29] [INFO] [orbit.ui.overlay] OverlayWindow lost focus -> requesting dismiss
[15:33:36] [INFO] [orbit] Initializing Orbit Radial Menu Application...
[15:33:36] [INFO] [orbit.platform.windows] Initialized WindowsPlatform
[15:33:36] [INFO] [orbit.services.profile] Loaded profile: Web Browser (8 items)
[15:33:36] [INFO] [orbit.services.profile] Loaded profile: Varsayılan (5 items)
[15:33:36] [INFO] [orbit.services.profile] Loaded profile: Excel (8 items)
[15:33:36] [INFO] [orbit.services.profile] Loaded profile: PowerPoint (8 items)
[15:33:36] [INFO] [orbit.services.profile] Loaded profile: Varsayılan (4 items)
[15:33:36] [INFO] [orbit.services.profile] Loaded profile: VS Code (8 items)
[15:33:36] [INFO] [orbit.services.profile] Loaded profile: Word (8 items)
[15:33:36] [INFO] [orbit.services.profile] Active profile set to 'Varsayılan'
[15:33:36] [INFO] [orbit.services.plugin] Registered plugin 'Launcher Plugin' (v1.0.0)
[15:33:36] [INFO] [orbit.services.plugin] Registered plugin 'Media Control Plugin' (v1.0.0)
[15:33:36] [INFO] [orbit.services.plugin] Registered plugin 'Shell Command Plugin' (v1.0.0)
[15:33:36] [INFO] [orbit.hooks.hotkey] Global input listeners started (Primary: 'button5', Secondary: 'button4', Hold: True@1.0s).
[15:33:36] [INFO] [orbit.ui.system_tray] System Tray initialized.
[15:33:36] [INFO] [orbit] Orbit application running in system tray. Press Mouse 4 or Ctrl+Space to activate radial menu.
[15:33:38] [INFO] [orbit.hooks.hotkey] Hotkey triggered globally at (943, 721)
[15:33:38] [INFO] [orbit] Hotkey triggered at (754, 577) for active app 'editors.exe' using profile 'Varsayılan'
[15:33:38] [INFO] [orbit] Hotkey released after 0.30s
[15:33:38] [INFO] [orbit] Keeping radial menu open until click or dismiss.
[15:33:40] [INFO] [orbit] Executing selected slice action: Swipe Klavye
[15:33:40] [INFO] [orbit.services.action] Executing action 'Swipe Klavye' (ID: a8)
[15:33:40] [INFO] [orbit.actions] Toggled Swipe Keyboard
[15:33:41] [INFO] [orbit.swipe_keyboard] SwipeKeyboard single tapped: 't' with modifiers
[15:33:41] [INFO] [orbit.swipe_keyboard] SwipeKeyboard single tapped: 't' with modifiers
[15:33:42] [INFO] [orbit.swipe_keyboard] SwipeKeyboard single tapped: 'y' with modifiers
[15:33:42] [INFO] [orbit.swipe_keyboard] SwipeKeyboard single tapped: 'y' with modifiers
[15:33:42] [INFO] [orbit.swipe_keyboard] SwipeKeyboard single tapped: 'r' with modifiers
[15:33:42] [INFO] [orbit.swipe_keyboard] SwipeKeyboard single tapped: 'ç' with modifiers
[15:33:43] [INFO] [orbit.swipe_keyboard] SwipeKeyboard single tapped: 'm' with modifiers
[15:33:43] [INFO] [orbit.swipe_keyboard] SwipeKeyboard single tapped: 'm' with modifiers
[15:33:44] [INFO] [orbit.swipe_keyboard] SwipeKeyboard single tapped: 'BACKSPACE' with modifiers
[15:33:44] [INFO] [orbit.swipe_keyboard] SwipeKeyboard single tapped: 'BACKSPACE' with modifiers
[15:33:44] [INFO] [orbit.swipe_keyboard] SwipeKeyboard single tapped: 'BACKSPACE' with modifiers
[15:33:44] [INFO] [orbit.swipe_keyboard] SwipeKeyboard single tapped: 'BACKSPACE' with modifiers
[15:33:44] [INFO] [orbit.swipe_keyboard] SwipeKeyboard single tapped: 'BACKSPACE' with modifiers
[15:33:44] [INFO] [orbit.swipe_keyboard] SwipeKeyboard single tapped: 'BACKSPACE' with modifiers
[15:33:45] [INFO] [orbit.swipe_keyboard] SwipeKeyboard single tapped: 'BACKSPACE' with modifiers
[15:33:45] [INFO] [orbit.swipe_keyboard] SwipeKeyboard single tapped: 'BACKSPACE' with modifiers
[15:33:47] [INFO] [orbit.swipe_keyboard] SwipeKeyboard typed: 'merhaba '
[15:33:49] [INFO] [orbit.swipe_keyboard] SwipeKeyboard typed: 'kjhgfdsasdvbnmökjhgfds '
[15:33:51] [INFO] [orbit.swipe_keyboard] SwipeKeyboard single tapped: 'BACKSPACE' with modifiers
[15:33:52] [INFO] [orbit.swipe_keyboard] SwipeKeyboard single tapped: 'BACKSPACE' with modifiers
[15:33:52] [INFO] [orbit.swipe_keyboard] SwipeKeyboard single tapped: 'BACKSPACE' with modifiers
[15:33:52] [INFO] [orbit.swipe_keyboard] SwipeKeyboard single tapped: 'BACKSPACE' with modifiers
[15:33:52] [INFO] [orbit.swipe_keyboard] SwipeKeyboard single tapped: 'BACKSPACE' with modifiers
[15:33:52] [INFO] [orbit.swipe_keyboard] SwipeKeyboard single tapped: 'BACKSPACE' with modifiers
[15:33:53] [INFO] [orbit.swipe_keyboard] SwipeKeyboard single tapped: 'BACKSPACE' with modifiers
[15:33:53] [INFO] [orbit.swipe_keyboard] SwipeKeyboard single tapped: 'BACKSPACE' with modifiers
[15:33:53] [INFO] [orbit.swipe_keyboard] SwipeKeyboard single tapped: 'BACKSPACE' with modifiers
[15:33:55] [INFO] [orbit.swipe_keyboard] SwipeKeyboard single tapped: 'BACKSPACE' with modifiers
[15:33:57] [INFO] [orbit.swipe_keyboard] SwipeKeyboard single tapped: 'k' with modifiers
[15:33:57] [INFO] [orbit.swipe_keyboard] SwipeKeyboard single tapped: 'a' with modifiers
[15:33:58] [INFO] [orbit.swipe_keyboard] SwipeKeyboard single tapped: 'n' with modifiers
[15:33:58] [INFO] [orbit.swipe_keyboard] SwipeKeyboard typed: 'kj '
[15:33:58] [INFO] [orbit.swipe_keyboard] SwipeKeyboard single tapped: 'a' with modifiers
[15:34:00] [INFO] [orbit.swipe_keyboard] SwipeKeyboard single tapped: 'BACKSPACE' with modifiers
[15:34:00] [INFO] [orbit.swipe_keyboard] SwipeKeyboard single tapped: 'BACKSPACE' with modifiers
[15:34:00] [INFO] [orbit.swipe_keyboard] SwipeKeyboard single tapped: 'BACKSPACE' with modifiers
[15:34:01] [INFO] [orbit.swipe_keyboard] SwipeKeyboard single tapped: 'a' with modifiers
[15:34:08] [INFO] [orbit.swipe_keyboard] SwipeKeyboard single tapped: 'SPACE' with modifiers
[15:34:10] [INFO] [orbit.swipe_keyboard] SwipeKeyboard typed: 'nbvfdsasdvbvgfder '
[15:34:12] [INFO] [orbit.swipe_keyboard] SwipeKeyboard single tapped: 'SPACE' with modifiers
[15:34:13] [INFO] [orbit.swipe_keyboard] SwipeKeyboard single tapped: 'SPACE' with modifiers
[15:34:13] [INFO] [orbit.swipe_keyboard] SwipeKeyboard single tapped: 'SPACE' with modifiers
[15:34:13] [INFO] [orbit.swipe_keyboard] SwipeKeyboard single tapped: 'SPACE' with modifiers
[15:34:13] [INFO] [orbit.swipe_keyboard] SwipeKeyboard single tapped: 'SPACE' with modifiers
[15:34:13] [INFO] [orbit.swipe_keyboard] SwipeKeyboard single tapped: 'SPACE' with modifiers
[15:34:14] [INFO] [orbit.swipe_keyboard] SwipeKeyboard single tapped: 'SPACE' with modifiers
[15:34:14] [INFO] [orbit.swipe_keyboard] SwipeKeyboard single tapped: 'SPACE' with modifiers
[15:34:15] [INFO] [orbit.swipe_keyboard] SwipeKeyboard single tapped: 'BACKSPACE' with modifiers
[15:34:16] [INFO] [orbit.swipe_keyboard] SwipeKeyboard single tapped: 'BACKSPACE' with modifiers
[15:34:16] [INFO] [orbit.swipe_keyboard] SwipeKeyboard single tapped: 'BACKSPACE' with modifiers
[15:34:16] [INFO] [orbit.swipe_keyboard] SwipeKeyboard single tapped: 'BACKSPACE' with modifiers
[15:34:16] [INFO] [orbit.swipe_keyboard] SwipeKeyboard single tapped: 'BACKSPACE' with modifiers
[15:34:16] [INFO] [orbit.swipe_keyboard] SwipeKeyboard single tapped: 'BACKSPACE' with modifiers
[15:34:17] [INFO] [orbit.swipe_keyboard] SwipeKeyboard single tapped: 'BACKSPACE' with modifiers
[15:34:18] [INFO] [orbit.swipe_keyboard] SwipeKeyboard single tapped: 'BACKSPACE' with modifiers
[15:34:25] [INFO] [orbit.swipe_keyboard] SwipeKeyboard single tapped: 'c' with modifiers
[15:34:27] [INFO] [orbit.swipe_keyboard] SwipeKeyboard single tapped: 'v' with modifiers
[15:34:28] [INFO] [orbit.swipe_keyboard] SwipeKeyboard single tapped: 'v' with modifiers
[15:34:29] [INFO] [orbit.swipe_keyboard] SwipeKeyboard single tapped: 'v' with modifiers
[15:34:34] [INFO] [orbit.swipe_keyboard] SwipeKeyboard single tapped: 'b' with modifiers
[15:34:36] [INFO] [orbit.swipe_keyboard] SwipeKeyboard single tapped: 'a' with modifiers
[15:34:37] [INFO] [orbit.swipe_keyboard] SwipeKeyboard single tapped: 'b' with modifiers
[15:34:38] [INFO] [orbit.swipe_keyboard] SwipeKeyboard single tapped: 'g' with modifiers
[15:34:38] [INFO] [orbit.swipe_keyboard] SwipeKeyboard single tapped: 'b' with modifiers
[15:34:39] [INFO] [orbit.swipe_keyboard] SwipeKeyboard single tapped: 'b' with modifiers
[15:34:40] [INFO] [orbit.swipe_keyboard] SwipeKeyboard single tapped: 'v' with modifiers
[15:34:43] [INFO] [orbit.swipe_keyboard] SwipeKeyboard single tapped: 'SPACE' with modifiers
[15:34:44] [INFO] [orbit.swipe_keyboard] SwipeKeyboard single tapped: 'SPACE' with modifiers
[15:34:44] [INFO] [orbit.swipe_keyboard] SwipeKeyboard single tapped: 'SPACE' with modifiers
[15:34:44] [INFO] [orbit.swipe_keyboard] SwipeKeyboard single tapped: 'SPACE' with modifiers
[15:34:44] [INFO] [orbit.swipe_keyboard] SwipeKeyboard single tapped: 'SPACE' with modifiers
[15:34:44] [INFO] [orbit.swipe_keyboard] SwipeKeyboard single tapped: 'SPACE' with modifiers
[15:34:45] [INFO] [orbit.swipe_keyboard] SwipeKeyboard single tapped: 'SPACE' with modifiers
[15:34:45] [INFO] [orbit.swipe_keyboard] SwipeKeyboard single tapped: 'SPACE' with modifiers
[15:34:45] [INFO] [orbit.swipe_keyboard] SwipeKeyboard single tapped: 'BACKSPACE' with modifiers
[15:34:45] [INFO] [orbit.swipe_keyboard] SwipeKeyboard single tapped: 'BACKSPACE' with modifiers
[15:34:46] [INFO] [orbit.swipe_keyboard] SwipeKeyboard single tapped: 'BACKSPACE' with modifiers
[15:34:47] [INFO] [orbit.swipe_keyboard] SwipeKeyboard single tapped: 'BACKSPACE' with modifiers
[15:34:47] [INFO] [orbit.swipe_keyboard] SwipeKeyboard single tapped: 'BACKSPACE' with modifiers
[15:34:47] [INFO] [orbit.swipe_keyboard] SwipeKeyboard single tapped: 'BACKSPACE' with modifiers
[15:34:48] [INFO] [orbit.swipe_keyboard] SwipeKeyboard single tapped: 'BACKSPACE' with modifiers
[15:34:48] [INFO] [orbit.swipe_keyboard] SwipeKeyboard single tapped: 'BACKSPACE' with modifiers
[15:34:48] [INFO] [orbit.swipe_keyboard] SwipeKeyboard single tapped: 'BACKSPACE' with modifiers
[15:34:48] [INFO] [orbit.swipe_keyboard] SwipeKeyboard single tapped: 'BACKSPACE' with modifiers
[15:34:48] [INFO] [orbit.swipe_keyboard] SwipeKeyboard single tapped: 'BACKSPACE' with modifiers
[15:34:48] [INFO] [orbit.swipe_keyboard] SwipeKeyboard single tapped: 'BACKSPACE' with modifiers
[15:34:49] [INFO] [orbit.swipe_keyboard] SwipeKeyboard single tapped: 'BACKSPACE' with modifiers
[15:34:49] [INFO] [orbit.swipe_keyboard] SwipeKeyboard single tapped: 'BACKSPACE' with modifiers
[15:34:49] [INFO] [orbit.swipe_keyboard] SwipeKeyboard single tapped: 'BACKSPACE' with modifiers
[15:34:49] [INFO] [orbit.swipe_keyboard] SwipeKeyboard single tapped: 'BACKSPACE' with modifiers
[15:34:50] [INFO] [orbit.swipe_keyboard] SwipeKeyboard single tapped: 'BACKSPACE' with modifiers
[15:34:50] [INFO] [orbit.swipe_keyboard] SwipeKeyboard single tapped: 'BACKSPACE' with modifiers
[15:34:51] [INFO] [orbit.swipe_keyboard] SwipeKeyboard single tapped: 'BACKSPACE' with modifiers
[15:34:51] [INFO] [orbit.swipe_keyboard] SwipeKeyboard single tapped: 'BACKSPACE' with modifiers
[15:34:51] [INFO] [orbit.swipe_keyboard] SwipeKeyboard single tapped: 'BACKSPACE' with modifiers
[15:34:51] [INFO] [orbit.swipe_keyboard] SwipeKeyboard single tapped: 'BACKSPACE' with modifiers
[15:34:51] [INFO] [orbit.swipe_keyboard] SwipeKeyboard single tapped: 'BACKSPACE' with modifiers
[15:34:51] [INFO] [orbit.swipe_keyboard] SwipeKeyboard single tapped: 'BACKSPACE' with modifiers
[15:34:52] [INFO] [orbit.swipe_keyboard] SwipeKeyboard single tapped: 'BACKSPACE' with modifiers
[15:34:52] [INFO] [orbit.swipe_keyboard] SwipeKeyboard single tapped: 'BACKSPACE' with modifiers
[15:34:52] [INFO] [orbit.swipe_keyboard] SwipeKeyboard single tapped: 'BACKSPACE' with modifiers
[15:34:52] [INFO] [orbit.swipe_keyboard] SwipeKeyboard single tapped: 'BACKSPACE' with modifiers
[15:34:53] [INFO] [orbit.swipe_keyboard] SwipeKeyboard single tapped: 'BACKSPACE' with modifiers
[15:34:53] [INFO] [orbit.swipe_keyboard] SwipeKeyboard single tapped: 'BACKSPACE' with modifiers
[15:34:56] [INFO] [orbit.swipe_keyboard] SwipeKeyboard typed: 'kolkjhgfdsdty '
[15:34:57] [INFO] [orbit.swipe_keyboard] SwipeKeyboard single tapped: 'SPACE' with modifiers
[15:34:57] [INFO] [orbit.swipe_keyboard] SwipeKeyboard single tapped: 'SPACE' with modifiers
[15:34:57] [INFO] [orbit.swipe_keyboard] SwipeKeyboard single tapped: 'BACKSPACE' with modifiers
[15:34:58] [INFO] [orbit.swipe_keyboard] SwipeKeyboard single tapped: 'BACKSPACE' with modifiers
[15:34:58] [INFO] [orbit.swipe_keyboard] SwipeKeyboard single tapped: 'BACKSPACE' with modifiers
[15:34:58] [INFO] [orbit.swipe_keyboard] SwipeKeyboard single tapped: 'BACKSPACE' with modifiers
[15:34:59] [INFO] [orbit.swipe_keyboard] SwipeKeyboard single tapped: 'BACKSPACE' with modifiers
[15:35:01] [INFO] [orbit.swipe_keyboard] SwipeKeyboard single tapped: 'BACKSPACE' with modifiers
[15:35:01] [INFO] [orbit.swipe_keyboard] SwipeKeyboard single tapped: 'BACKSPACE' with modifiers
[15:35:04] [INFO] [orbit.swipe_keyboard] SwipeKeyboard typed: 'kolkjhgfdsasdrty '
[15:35:07] [INFO] [orbit.swipe_keyboard] SwipeKeyboard single tapped: 'BACKSPACE' with modifiers
[15:35:11] [INFO] [orbit.swipe_keyboard] SwipeKeyboard typed: 'kolkjhgfdsasdrty '
[15:35:12] [INFO] [orbit.swipe_keyboard] SwipeKeyboard single tapped: 'BACKSPACE' with modifiers
[15:35:13] [INFO] [orbit.swipe_keyboard] SwipeKeyboard single tapped: 'BACKSPACE' with modifiers
[15:35:13] [INFO] [orbit.swipe_keyboard] SwipeKeyboard single tapped: 'SPACE' with modifiers
[15:35:14] [INFO] [orbit.swipe_keyboard] SwipeKeyboard single tapped: 'ENTER' with modifiers
[15:35:17] [INFO] [orbit.swipe_keyboard] SwipeKeyboard typed: 'merhaba '
[15:35:23] [INFO] [orbit.swipe_keyboard] SwipeKeyboard typed: 'nbvcxsasdfghjıklkjhgfdsdfgyujhnjıjhgbvcxz '
[15:35:25] [INFO] [orbit.swipe_keyboard] SwipeKeyboard typed: 'kjhgfd '
[15:35:26] [INFO] [orbit.swipe_keyboard] SwipeKeyboard typed: 'ğpoıuytr '
[15:35:27] [INFO] [orbit.swipe_keyboard] SwipeKeyboard typed: 'işlkjhgf '
[15:35:28] [INFO] [orbit.swipe_keyboard] SwipeKeyboard typed: 'qascv '
[15:35:28] [INFO] [orbit.swipe_keyboard] SwipeKeyboard typed: 'dfvbn '
[15:35:36] [INFO] [orbit.hooks.hotkey] Hotkey triggered globally at (1051, 665)
[15:35:36] [INFO] [orbit] Hotkey triggered at (841, 532) for active app 'editors.exe' using profile 'Varsayılan'
[15:35:36] [INFO] [orbit] Hotkey released after 0.24s
[15:35:36] [INFO] [orbit] Keeping radial menu open until click or dismiss.
[15:35:36] [INFO] [orbit] Executing selected slice action: Swipe Klavye
[15:35:36] [INFO] [orbit.services.action] Executing action 'Swipe Klavye' (ID: a8)
[15:35:36] [INFO] [orbit.actions] Toggled Swipe Keyboard
[15:35:38] [INFO] [orbit.hooks.hotkey] Hotkey triggered globally at (1118, 569)
[15:35:38] [INFO] [orbit] Hotkey triggered at (894, 455) for active app 'editors.exe' using profile 'Varsayılan'
[15:35:38] [INFO] [orbit] Hotkey released after 0.22s
[15:35:38] [INFO] [orbit] Keeping radial menu open until click or dismiss.
[15:35:39] [INFO] [orbit.actions] WheelAction 'Ses Ayarı' scrolled UP (mode=volume)
[15:35:40] [INFO] [orbit.actions] WheelAction 'Ses Ayarı' scrolled UP (mode=volume)
[15:35:40] [INFO] [orbit.actions] WheelAction 'Ses Ayarı' scrolled UP (mode=volume)
[15:35:40] [INFO] [orbit.actions] WheelAction 'Ses Ayarı' scrolled DOWN (mode=volume)
[15:35:40] [INFO] [orbit.actions] WheelAction 'Ses Ayarı' scrolled DOWN (mode=volume)
[15:35:40] [INFO] [orbit.actions] WheelAction 'Ses Ayarı' scrolled DOWN (mode=volume)
[15:35:40] [INFO] [orbit.actions] WheelAction 'Ses Ayarı' scrolled DOWN (mode=volume)
[15:35:40] [INFO] [orbit.actions] WheelAction 'Ses Ayarı' scrolled DOWN (mode=volume)
[15:35:41] [INFO] [orbit] Executing selected slice action: Ses Ayarı
[15:35:41] [INFO] [orbit.services.action] Executing action 'Ses Ayarı' (ID: a3_vol)
[15:35:41] [INFO] [orbit.actions] WheelAction 'Ses Ayarı' scrolled UP (mode=volume)
[15:35:43] [INFO] [orbit.hooks.hotkey] Hotkey triggered globally at (1186, 704)
[15:35:43] [INFO] [orbit] Hotkey triggered at (950, 563) for active app 'editors.exe' using profile 'Varsayılan'
[15:35:43] [INFO] [orbit] Hotkey released after 0.31s
[15:35:43] [INFO] [orbit] Keeping radial menu open until click or dismiss.
[15:35:44] [INFO] [orbit.hooks.hotkey] Hotkey triggered globally at (1173, 687)
[15:35:44] [INFO] [orbit] Hotkey pressed while active -> dismissing menu.
[15:35:45] [INFO] [orbit] Hotkey released after 0.09s
[15:35:45] [INFO] [orbit] Keeping radial menu open until click or dismiss.
[15:35:46] [INFO] [orbit.hooks.hotkey] Hotkey triggered globally at (1323, 684)
[15:35:46] [INFO] [orbit] Hotkey triggered at (1058, 547) for active app 'editors.exe' using profile 'Varsayılan'
[15:35:46] [INFO] [orbit] Hotkey released after 0.15s
[15:35:46] [INFO] [orbit] Keeping radial menu open until click or dismiss.
[15:35:48] [INFO] [orbit.ui.radial_view] Opening sub-ring 'Pencere Yönetimi'
[15:35:51] [INFO] [orbit.ui.overlay] OverlayWindow lost focus -> requesting dismiss
[15:35:53] [INFO] [orbit.hooks.hotkey] Hotkey triggered globally at (1270, 687)
[15:35:53] [INFO] [orbit] Hotkey triggered at (1016, 550) for active app 'editors.exe' using profile 'Varsayılan'
[15:35:53] [INFO] [orbit] Hotkey released after 0.28s
[15:35:53] [INFO] [orbit] Keeping radial menu open until click or dismiss.
[15:35:54] [INFO] [orbit.ui.overlay] OverlayWindow lost focus -> requesting dismiss
[15:35:58] [INFO] [orbit.hooks.hotkey] Hotkey triggered globally at (1222, 610)
[15:35:58] [INFO] [orbit.services.profile] Matched profile 'Web Browser' for app 'brave.exe'
[15:35:58] [INFO] [orbit] Hotkey triggered at (978, 488) for active app 'brave.exe' using profile 'Web Browser'
[15:35:58] [INFO] [orbit] Hotkey released after 0.28s
[15:35:58] [INFO] [orbit] Keeping radial menu open until click or dismiss.
[15:35:59] [INFO] [orbit.ui.overlay] OverlayWindow lost focus -> requesting dismiss
[15:36:01] [INFO] [orbit.hooks.hotkey] Hotkey triggered globally at (1798, 442)
[15:36:01] [INFO] [orbit] Hotkey triggered at (1438, 354) for active app 'explorer.exe' using profile 'Varsayılan'
[15:36:01] [INFO] [orbit] Hotkey released after 0.57s
[15:36:01] [INFO] [orbit] Keeping radial menu open until click or dismiss.
[15:36:02] [INFO] [orbit.ui.overlay] OverlayWindow lost focus -> requesting dismiss
[15:36:24] [INFO] [orbit] Initializing Orbit Radial Menu Application...
[15:36:24] [INFO] [orbit.platform.windows] Initialized WindowsPlatform
[15:36:24] [INFO] [orbit.services.profile] Loaded profile: Web Browser (8 items)
[15:36:24] [INFO] [orbit.services.profile] Loaded profile: Varsayılan (5 items)
[15:36:24] [INFO] [orbit.services.profile] Loaded profile: Excel (8 items)
[15:36:24] [INFO] [orbit.services.profile] Loaded profile: PowerPoint (8 items)
[15:36:24] [INFO] [orbit.services.profile] Loaded profile: Varsayılan (4 items)
[15:36:24] [INFO] [orbit.services.profile] Loaded profile: VS Code (8 items)
[15:36:24] [INFO] [orbit.services.profile] Loaded profile: Word (8 items)
[15:36:24] [INFO] [orbit.services.profile] Active profile set to 'Varsayılan'
[15:36:24] [INFO] [orbit.services.plugin] Registered plugin 'Launcher Plugin' (v1.0.0)
[15:36:24] [INFO] [orbit.services.plugin] Registered plugin 'Media Control Plugin' (v1.0.0)
[15:36:24] [INFO] [orbit.services.plugin] Registered plugin 'Shell Command Plugin' (v1.0.0)
[15:36:24] [INFO] [orbit.hooks.hotkey] Global input listeners started (Primary: 'button5', Secondary: 'button4', Hold: True@1.0s).
[15:36:24] [INFO] [orbit.ui.system_tray] System Tray initialized.
[15:36:24] [INFO] [orbit] Orbit application running in system tray. Press Mouse 4 or Ctrl+Space to activate radial menu.
[15:36:26] [INFO] [orbit.hooks.hotkey] Hotkey triggered globally at (1239, 569)
[15:36:26] [INFO] [orbit] Hotkey triggered at (991, 455) for active app 'antigravity ide.exe' using profile 'Varsayılan'
[15:36:27] [INFO] [orbit] Hotkey released after 0.34s
[15:36:27] [INFO] [orbit] Keeping radial menu open until click or dismiss.
[15:36:27] [INFO] [orbit] Executing selected slice action: Swipe Klavye
[15:36:27] [INFO] [orbit.services.action] Executing action 'Swipe Klavye' (ID: a8)
[15:36:27] [INFO] [orbit.actions] Toggled Swipe Keyboard
[15:36:30] [INFO] [orbit.hooks.hotkey] Hotkey triggered globally at (1122, 601)
[15:36:30] [INFO] [orbit] Hotkey triggered at (898, 481) for active app 'antigravity ide.exe' using profile 'Varsayılan'
[15:36:30] [INFO] [orbit] Hotkey released after 0.32s
[15:36:30] [INFO] [orbit] Executing selected slice action: Swipe Klavye
[15:36:30] [INFO] [orbit.services.action] Executing action 'Swipe Klavye' (ID: a8)
[15:36:30] [INFO] [orbit.actions] Toggled Swipe Keyboard
[15:36:32] [INFO] [orbit.hooks.hotkey] Hotkey triggered globally at (1128, 586)
[15:36:32] [INFO] [orbit] Hotkey triggered at (902, 469) for active app 'antigravity ide.exe' using profile 'Varsayılan'
[15:36:32] [INFO] [orbit] Hotkey released after 0.28s
[15:36:32] [INFO] [orbit] Keeping radial menu open until click or dismiss.
[15:36:34] [INFO] [orbit.actions] WheelAction 'Ses Ayarı' scrolled UP (mode=volume)
[15:36:34] [INFO] [orbit.actions] WheelAction 'Ses Ayarı' scrolled UP (mode=volume)
[15:36:34] [INFO] [orbit.actions] WheelAction 'Ses Ayarı' scrolled UP (mode=volume)
[15:36:34] [INFO] [orbit.actions] WheelAction 'Ses Ayarı' scrolled UP (mode=volume)
[15:36:35] [INFO] [orbit.actions] WheelAction 'Ses Ayarı' scrolled DOWN (mode=volume)
[15:36:35] [INFO] [orbit.actions] WheelAction 'Ses Ayarı' scrolled DOWN (mode=volume)
[15:36:35] [INFO] [orbit.actions] WheelAction 'Ses Ayarı' scrolled DOWN (mode=volume)
[15:36:35] [INFO] [orbit.actions] WheelAction 'Ses Ayarı' scrolled DOWN (mode=volume)
[15:36:35] [INFO] [orbit.actions] WheelAction 'Ses Ayarı' scrolled DOWN (mode=volume)
[15:36:35] [INFO] [orbit.actions] WheelAction 'Ses Ayarı' scrolled UP (mode=volume)
[15:36:35] [INFO] [orbit.actions] WheelAction 'Ses Ayarı' scrolled UP (mode=volume)
[15:36:35] [INFO] [orbit.actions] WheelAction 'Ses Ayarı' scrolled UP (mode=volume)
[15:36:35] [INFO] [orbit.actions] WheelAction 'Ses Ayarı' scrolled UP (mode=volume)
[15:36:35] [INFO] [orbit.actions] WheelAction 'Ses Ayarı' scrolled UP (mode=volume)
[15:36:35] [INFO] [orbit.actions] WheelAction 'Ses Ayarı' scrolled UP (mode=volume)
[15:36:35] [INFO] [orbit.actions] WheelAction 'Ses Ayarı' scrolled DOWN (mode=volume)
[15:36:35] [INFO] [orbit.actions] WheelAction 'Ses Ayarı' scrolled DOWN (mode=volume)
[15:36:35] [INFO] [orbit.actions] WheelAction 'Ses Ayarı' scrolled DOWN (mode=volume)
[15:36:35] [INFO] [orbit.actions] WheelAction 'Ses Ayarı' scrolled UP (mode=volume)
[15:36:35] [INFO] [orbit.actions] WheelAction 'Ses Ayarı' scrolled UP (mode=volume)
[15:36:36] [INFO] [orbit.actions] WheelAction 'Ses Ayarı' scrolled UP (mode=volume)
[15:36:36] [INFO] [orbit.actions] WheelAction 'Ses Ayarı' scrolled DOWN (mode=volume)
[15:36:36] [INFO] [orbit.actions] WheelAction 'Ses Ayarı' scrolled DOWN (mode=volume)
[15:36:36] [INFO] [orbit.actions] WheelAction 'Ses Ayarı' scrolled DOWN (mode=volume)
[15:36:36] [INFO] [orbit.actions] WheelAction 'Ses Ayarı' scrolled DOWN (mode=volume)
[15:36:36] [INFO] [orbit.actions] WheelAction 'Ses Ayarı' scrolled UP (mode=volume)
[15:36:36] [INFO] [orbit.actions] WheelAction 'Ses Ayarı' scrolled UP (mode=volume)
[15:36:37] [INFO] [orbit.ui.overlay] OverlayWindow lost focus -> requesting dismiss
[15:37:14] [INFO] [orbit.hooks.hotkey] Hotkey triggered globally at (941, 496)
[15:37:14] [INFO] [orbit] Hotkey triggered at (753, 397) for active app 'editors.exe' using profile 'Varsayılan'
[15:37:14] [INFO] [orbit] Hotkey released after 0.07s
[15:37:14] [INFO] [orbit] Keeping radial menu open until click or dismiss.
[15:37:16] [INFO] [orbit.ui.overlay] OverlayWindow lost focus -> requesting dismiss
[15:37:29] [INFO] [orbit] Initializing Orbit Radial Menu Application...
[15:37:29] [INFO] [orbit.platform.windows] Initialized WindowsPlatform
[15:37:29] [INFO] [orbit.services.profile] Loaded profile: Web Browser (8 items)
[15:37:29] [INFO] [orbit.services.profile] Loaded profile: Varsayılan (5 items)
[15:37:29] [INFO] [orbit.services.profile] Loaded profile: Excel (8 items)
[15:37:29] [INFO] [orbit.services.profile] Loaded profile: PowerPoint (8 items)
[15:37:29] [INFO] [orbit.services.profile] Loaded profile: Varsayılan (4 items)
[15:37:29] [INFO] [orbit.services.profile] Loaded profile: VS Code (8 items)
[15:37:29] [INFO] [orbit.services.profile] Loaded profile: Word (8 items)
[15:37:29] [INFO] [orbit.services.profile] Active profile set to 'Varsayılan'
[15:37:29] [INFO] [orbit.services.plugin] Registered plugin 'Launcher Plugin' (v1.0.0)
[15:37:29] [INFO] [orbit.services.plugin] Registered plugin 'Media Control Plugin' (v1.0.0)
[15:37:29] [INFO] [orbit.services.plugin] Registered plugin 'Shell Command Plugin' (v1.0.0)
[15:37:29] [INFO] [orbit.hooks.hotkey] Global input listeners started (Primary: 'button5', Secondary: 'button4', Hold: True@1.0s).
[15:37:29] [INFO] [orbit.ui.system_tray] System Tray initialized.
[15:37:29] [INFO] [orbit] Orbit application running in system tray. Press Mouse 4 or Ctrl+Space to activate radial menu.
[15:37:31] [INFO] [orbit.hooks.hotkey] Hotkey triggered globally at (940, 722)
[15:37:31] [INFO] [orbit] Hotkey triggered at (752, 578) for active app 'antigravity ide.exe' using profile 'Varsayılan'
[15:37:32] [INFO] [orbit] Hotkey released after 0.30s
[15:37:32] [INFO] [orbit] Keeping radial menu open until click or dismiss.
[15:37:32] [INFO] [orbit.actions] WheelAction 'Ses Ayarı' scrolled UP (mode=volume)
[15:37:32] [INFO] [orbit.actions] WheelAction 'Ses Ayarı' scrolled UP (mode=volume)
[15:37:32] [INFO] [orbit.actions] WheelAction 'Ses Ayarı' scrolled UP (mode=volume)
[15:37:33] [INFO] [orbit.actions] WheelAction 'Ses Ayarı' scrolled DOWN (mode=volume)
[15:37:33] [INFO] [orbit.actions] WheelAction 'Ses Ayarı' scrolled DOWN (mode=volume)
[15:37:33] [INFO] [orbit.actions] WheelAction 'Ses Ayarı' scrolled DOWN (mode=volume)
[15:37:33] [INFO] [orbit.actions] WheelAction 'Ses Ayarı' scrolled DOWN (mode=volume)
[15:37:33] [INFO] [orbit.actions] WheelAction 'Ses Ayarı' scrolled UP (mode=volume)
[15:37:33] [INFO] [orbit.actions] WheelAction 'Ses Ayarı' scrolled UP (mode=volume)
[15:37:33] [INFO] [orbit.actions] WheelAction 'Ses Ayarı' scrolled UP (mode=volume)
[15:37:33] [INFO] [orbit.actions] WheelAction 'Ses Ayarı' scrolled UP (mode=volume)
[15:37:33] [INFO] [orbit.actions] WheelAction 'Ses Ayarı' scrolled UP (mode=volume)
[15:37:33] [INFO] [orbit.actions] WheelAction 'Ses Ayarı' scrolled UP (mode=volume)
[15:37:33] [INFO] [orbit.actions] WheelAction 'Ses Ayarı' scrolled DOWN (mode=volume)
[15:37:33] [INFO] [orbit.actions] WheelAction 'Ses Ayarı' scrolled DOWN (mode=volume)
[15:37:33] [INFO] [orbit.actions] WheelAction 'Ses Ayarı' scrolled DOWN (mode=volume)
[15:37:33] [INFO] [orbit.actions] WheelAction 'Ses Ayarı' scrolled DOWN (mode=volume)
[15:37:33] [INFO] [orbit.actions] WheelAction 'Ses Ayarı' scrolled DOWN (mode=volume)
[15:37:33] [INFO] [orbit.actions] WheelAction 'Ses Ayarı' scrolled DOWN (mode=volume)
[15:37:34] [INFO] [orbit.actions] WheelAction 'Ses Ayarı' scrolled UP (mode=volume)
[15:37:34] [INFO] [orbit.actions] WheelAction 'Ses Ayarı' scrolled UP (mode=volume)
[15:37:34] [INFO] [orbit.actions] WheelAction 'Ses Ayarı' scrolled UP (mode=volume)
[15:37:34] [INFO] [orbit.actions] WheelAction 'Ses Ayarı' scrolled UP (mode=volume)
[15:37:34] [INFO] [orbit.actions] WheelAction 'Ses Ayarı' scrolled UP (mode=volume)
[15:37:34] [INFO] [orbit.actions] WheelAction 'Ses Ayarı' scrolled UP (mode=volume)
[15:37:34] [INFO] [orbit.actions] WheelAction 'Ses Ayarı' scrolled DOWN (mode=volume)
[15:37:34] [INFO] [orbit.actions] WheelAction 'Ses Ayarı' scrolled DOWN (mode=volume)
[15:37:34] [INFO] [orbit.actions] WheelAction 'Ses Ayarı' scrolled DOWN (mode=volume)
[15:37:34] [INFO] [orbit.actions] WheelAction 'Ses Ayarı' scrolled DOWN (mode=volume)
[15:37:34] [INFO] [orbit.actions] WheelAction 'Ses Ayarı' scrolled DOWN (mode=volume)
[15:37:34] [INFO] [orbit.actions] WheelAction 'Ses Ayarı' scrolled DOWN (mode=volume)
[15:37:34] [INFO] [orbit.actions] WheelAction 'Ses Ayarı' scrolled DOWN (mode=volume)
[15:37:34] [INFO] [orbit.actions] WheelAction 'Ses Ayarı' scrolled UP (mode=volume)
[15:37:34] [INFO] [orbit.actions] WheelAction 'Ses Ayarı' scrolled UP (mode=volume)
[15:37:34] [INFO] [orbit.actions] WheelAction 'Ses Ayarı' scrolled UP (mode=volume)
[15:37:34] [INFO] [orbit.actions] WheelAction 'Ses Ayarı' scrolled UP (mode=volume)
[15:37:34] [INFO] [orbit.actions] WheelAction 'Ses Ayarı' scrolled UP (mode=volume)
[15:37:34] [INFO] [orbit.actions] WheelAction 'Ses Ayarı' scrolled UP (mode=volume)
[15:37:34] [INFO] [orbit.actions] WheelAction 'Ses Ayarı' scrolled UP (mode=volume)
[15:37:34] [INFO] [orbit.actions] WheelAction 'Ses Ayarı' scrolled UP (mode=volume)
[15:37:35] [INFO] [orbit.actions] WheelAction 'Ses Ayarı' scrolled DOWN (mode=volume)
[15:37:35] [INFO] [orbit.actions] WheelAction 'Ses Ayarı' scrolled DOWN (mode=volume)
[15:37:35] [INFO] [orbit.actions] WheelAction 'Ses Ayarı' scrolled DOWN (mode=volume)
[15:37:35] [INFO] [orbit.actions] WheelAction 'Ses Ayarı' scrolled DOWN (mode=volume)
[15:37:35] [INFO] [orbit.actions] WheelAction 'Ses Ayarı' scrolled DOWN (mode=volume)
[15:37:35] [INFO] [orbit.actions] WheelAction 'Ses Ayarı' scrolled DOWN (mode=volume)
[15:37:35] [INFO] [orbit.actions] WheelAction 'Ses Ayarı' scrolled DOWN (mode=volume)
[15:37:35] [INFO] [orbit.actions] WheelAction 'Ses Ayarı' scrolled DOWN (mode=volume)
[15:37:35] [INFO] [orbit.actions] WheelAction 'Ses Ayarı' scrolled UP (mode=volume)
[15:37:35] [INFO] [orbit.actions] WheelAction 'Ses Ayarı' scrolled UP (mode=volume)
[15:37:35] [INFO] [orbit.actions] WheelAction 'Ses Ayarı' scrolled UP (mode=volume)
[15:37:35] [INFO] [orbit.actions] WheelAction 'Ses Ayarı' scrolled UP (mode=volume)
[15:37:35] [INFO] [orbit.actions] WheelAction 'Ses Ayarı' scrolled UP (mode=volume)
[15:37:35] [INFO] [orbit.actions] WheelAction 'Ses Ayarı' scrolled UP (mode=volume)
[15:37:35] [INFO] [orbit.actions] WheelAction 'Ses Ayarı' scrolled UP (mode=volume)
[15:37:35] [INFO] [orbit.actions] WheelAction 'Ses Ayarı' scrolled UP (mode=volume)
[15:37:36] [INFO] [orbit.actions] WheelAction 'Ses Ayarı' scrolled DOWN (mode=volume)
[15:37:36] [INFO] [orbit.actions] WheelAction 'Ses Ayarı' scrolled DOWN (mode=volume)
[15:37:36] [INFO] [orbit.actions] WheelAction 'Ses Ayarı' scrolled DOWN (mode=volume)
[15:37:36] [INFO] [orbit.actions] WheelAction 'Ses Ayarı' scrolled DOWN (mode=volume)
[15:37:36] [INFO] [orbit.actions] WheelAction 'Ses Ayarı' scrolled DOWN (mode=volume)
[15:37:36] [INFO] [orbit.actions] WheelAction 'Ses Ayarı' scrolled DOWN (mode=volume)
[15:37:36] [INFO] [orbit.actions] WheelAction 'Ses Ayarı' scrolled DOWN (mode=volume)
[15:37:36] [INFO] [orbit.actions] WheelAction 'Ses Ayarı' scrolled DOWN (mode=volume)
[15:37:36] [INFO] [orbit.actions] WheelAction 'Ses Ayarı' scrolled DOWN (mode=volume)
[15:37:36] [INFO] [orbit.actions] WheelAction 'Ses Ayarı' scrolled DOWN (mode=volume)
[15:37:36] [INFO] [orbit.actions] WheelAction 'Ses Ayarı' scrolled DOWN (mode=volume)
[15:37:36] [INFO] [orbit.actions] WheelAction 'Ses Ayarı' scrolled DOWN (mode=volume)
[15:37:36] [INFO] [orbit.actions] WheelAction 'Ses Ayarı' scrolled DOWN (mode=volume)
[15:37:36] [INFO] [orbit.actions] WheelAction 'Ses Ayarı' scrolled DOWN (mode=volume)
[15:37:36] [INFO] [orbit.actions] WheelAction 'Ses Ayarı' scrolled DOWN (mode=volume)
[15:37:36] [INFO] [orbit.actions] WheelAction 'Ses Ayarı' scrolled DOWN (mode=volume)
[15:37:36] [INFO] [orbit.actions] WheelAction 'Ses Ayarı' scrolled DOWN (mode=volume)
[15:37:36] [INFO] [orbit.actions] WheelAction 'Ses Ayarı' scrolled DOWN (mode=volume)
[15:37:37] [INFO] [orbit.actions] WheelAction 'Ses Ayarı' scrolled DOWN (mode=volume)
[15:37:37] [INFO] [orbit.actions] WheelAction 'Ses Ayarı' scrolled DOWN (mode=volume)
[15:37:37] [INFO] [orbit.actions] WheelAction 'Ses Ayarı' scrolled DOWN (mode=volume)
[15:37:37] [INFO] [orbit.actions] WheelAction 'Ses Ayarı' scrolled DOWN (mode=volume)
[15:37:38] [INFO] [orbit.actions] WheelAction 'Ses Ayarı' scrolled UP (mode=volume)
[15:37:38] [INFO] [orbit.actions] WheelAction 'Ses Ayarı' scrolled DOWN (mode=volume)
[15:38:28] [INFO] [orbit.hooks.hotkey] Hotkey triggered globally at (1097, 490)
[15:38:28] [INFO] [orbit] Hotkey triggered at (878, 392) for active app 'antigravity ide.exe' using profile 'Varsayılan'
[15:38:29] [INFO] [orbit] Hotkey released after 0.26s
[15:38:29] [INFO] [orbit] Keeping radial menu open until click or dismiss.
[15:38:29] [INFO] [orbit] Executing selected slice action: Swipe Klavye
[15:38:29] [INFO] [orbit.services.action] Executing action 'Swipe Klavye' (ID: a8)
[15:38:29] [INFO] [orbit.actions] Toggled Swipe Keyboard
[15:38:31] [INFO] [orbit.hooks.hotkey] Hotkey triggered globally at (1173, 445)
[15:38:31] [INFO] [orbit] Hotkey triggered at (938, 356) for active app 'antigravity ide.exe' using profile 'Varsayılan'
[15:38:31] [INFO] [orbit] Hotkey released after 0.28s
[15:38:31] [INFO] [orbit] Keeping radial menu open until click or dismiss.
[15:38:31] [INFO] [orbit] Executing selected slice action: Swipe Klavye
[15:38:31] [INFO] [orbit.services.action] Executing action 'Swipe Klavye' (ID: a8)
[15:38:31] [INFO] [orbit.actions] Toggled Swipe Keyboard
[15:38:33] [INFO] [orbit.hooks.hotkey] Hotkey triggered globally at (1166, 441)
[15:38:33] [INFO] [orbit] Hotkey triggered at (933, 353) for active app 'antigravity ide.exe' using profile 'Varsayılan'
[15:38:33] [INFO] [orbit] Hotkey released after 0.25s
[15:38:33] [INFO] [orbit] Keeping radial menu open until click or dismiss.
[15:38:34] [INFO] [orbit] Executing selected slice action: Swipe Klavye
[15:38:34] [INFO] [orbit.services.action] Executing action 'Swipe Klavye' (ID: a8)
[15:38:34] [INFO] [orbit.actions] Toggled Swipe Keyboard
[15:38:35] [INFO] [orbit.swipe_keyboard] SwipeKeyboard typed: 'yhjklöm '
[15:38:35] [INFO] [orbit.swipe_keyboard] SwipeKeyboard typed: 'tghjm '
[15:38:36] [INFO] [orbit.swipe_keyboard] SwipeKeyboard typed: 'fghj '
[15:38:36] [INFO] [orbit.swipe_keyboard] SwipeKeyboard typed: 'fghj '
[15:38:36] [INFO] [orbit.swipe_keyboard] SwipeKeyboard single tapped: 'g' with modifiers
[15:38:37] [INFO] [orbit.swipe_keyboard] SwipeKeyboard single tapped: 'y' with modifiers
[15:38:37] [INFO] [orbit.swipe_keyboard] SwipeKeyboard single tapped: 'u' with modifiers
[15:38:37] [INFO] [orbit.swipe_keyboard] SwipeKeyboard single tapped: 'j' with modifiers
[15:38:37] [INFO] [orbit.swipe_keyboard] SwipeKeyboard single tapped: 'h' with modifiers
[15:38:39] [INFO] [orbit.hooks.hotkey] Hotkey triggered globally at (1140, 481)
[15:38:39] [INFO] [orbit] Hotkey triggered at (912, 385) for active app 'antigravity ide.exe' using profile 'Varsayılan'
[15:38:39] [INFO] [orbit] Hotkey released after 0.36s
[15:38:39] [INFO] [orbit] Keeping radial menu open until click or dismiss.
[15:38:39] [INFO] [orbit] Executing selected slice action: Swipe Klavye
[15:38:39] [INFO] [orbit.services.action] Executing action 'Swipe Klavye' (ID: a8)
[15:38:39] [INFO] [orbit.actions] Toggled Swipe Keyboard
[15:41:56] [INFO] [orbit] Initializing Orbit Radial Menu Application...
[15:41:56] [INFO] [orbit.platform.windows] Initialized WindowsPlatform
[15:41:56] [INFO] [orbit.services.profile] Loaded profile: Web Browser (8 items)
[15:41:56] [INFO] [orbit.services.profile] Loaded profile: Varsayılan (5 items)
[15:41:56] [INFO] [orbit.services.profile] Loaded profile: Excel (8 items)
[15:41:56] [INFO] [orbit.services.profile] Loaded profile: PowerPoint (8 items)
[15:41:56] [INFO] [orbit.services.profile] Loaded profile: Varsayılan (4 items)
[15:41:56] [INFO] [orbit.services.profile] Loaded profile: VS Code (8 items)
[15:41:56] [INFO] [orbit.services.profile] Loaded profile: Word (8 items)
[15:41:56] [INFO] [orbit.services.profile] Active profile set to 'Varsayılan'
[15:41:56] [INFO] [orbit.services.plugin] Registered plugin 'Launcher Plugin' (v1.0.0)
[15:41:56] [INFO] [orbit.services.plugin] Registered plugin 'Media Control Plugin' (v1.0.0)
[15:41:56] [INFO] [orbit.services.plugin] Registered plugin 'Shell Command Plugin' (v1.0.0)
[15:41:56] [INFO] [orbit.hooks.hotkey] Global input listeners started (Primary: 'button5', Secondary: 'button4', Hold: True@1.0s).
[15:41:56] [INFO] [orbit.ui.system_tray] System Tray initialized.
[15:41:56] [INFO] [orbit] Orbit application running in system tray. Press Mouse 4 or Ctrl+Space to activate radial menu.
[15:41:58] [INFO] [orbit.hooks.hotkey] Hotkey triggered globally at (1114, 506)
[15:41:58] [INFO] [orbit] Hotkey triggered at (891, 405) for active app 'antigravity ide.exe' using profile 'Varsayılan'
[15:41:59] [INFO] [orbit] Hotkey released after 0.28s
[15:41:59] [INFO] [orbit] Keeping radial menu open until click or dismiss.
[15:42:00] [INFO] [orbit] Executing selected slice action: Ekran Klavyesi
[15:42:00] [INFO] [orbit.services.action] Executing action 'Ekran Klavyesi' (ID: a8)
[15:42:00] [INFO] [orbit.actions] Launched Windows On-Screen Keyboard (osk.exe)
[15:42:06] [INFO] [orbit.hooks.hotkey] Hotkey triggered globally at (1313, 526)
[15:42:06] [INFO] [orbit] Hotkey triggered at (1050, 421) for active app 'antigravity ide.exe' using profile 'Varsayılan'
[15:42:06] [INFO] [orbit] Hotkey released after 0.26s
[15:42:06] [INFO] [orbit] Keeping radial menu open until click or dismiss.
[15:42:09] [INFO] [orbit.actions] WheelAction 'Ses Ayarı' scrolled UP (mode=volume)
[15:42:09] [INFO] [orbit.actions] WheelAction 'Ses Ayarı' scrolled UP (mode=volume)
[15:42:09] [INFO] [orbit.actions] WheelAction 'Ses Ayarı' scrolled UP (mode=volume)
[15:42:09] [INFO] [orbit.actions] WheelAction 'Ses Ayarı' scrolled DOWN (mode=volume)
[15:42:09] [INFO] [orbit.actions] WheelAction 'Ses Ayarı' scrolled DOWN (mode=volume)
[15:42:09] [INFO] [orbit.actions] WheelAction 'Ses Ayarı' scrolled DOWN (mode=volume)
[15:42:09] [INFO] [orbit.actions] WheelAction 'Ses Ayarı' scrolled DOWN (mode=volume)
[15:42:09] [INFO] [orbit.actions] WheelAction 'Ses Ayarı' scrolled UP (mode=volume)
[15:42:09] [INFO] [orbit.actions] WheelAction 'Ses Ayarı' scrolled UP (mode=volume)
[15:42:09] [INFO] [orbit.actions] WheelAction 'Ses Ayarı' scrolled UP (mode=volume)
[15:42:09] [INFO] [orbit.actions] WheelAction 'Ses Ayarı' scrolled UP (mode=volume)
[15:42:09] [INFO] [orbit.actions] WheelAction 'Ses Ayarı' scrolled UP (mode=volume)
[15:42:09] [INFO] [orbit.actions] WheelAction 'Ses Ayarı' scrolled DOWN (mode=volume)
[15:42:09] [INFO] [orbit.actions] WheelAction 'Ses Ayarı' scrolled DOWN (mode=volume)
[15:42:09] [INFO] [orbit.actions] WheelAction 'Ses Ayarı' scrolled DOWN (mode=volume)
[15:42:09] [INFO] [orbit.actions] WheelAction 'Ses Ayarı' scrolled DOWN (mode=volume)
[15:42:09] [INFO] [orbit.actions] WheelAction 'Ses Ayarı' scrolled DOWN (mode=volume)
[15:42:10] [INFO] [orbit.actions] WheelAction 'Ses Ayarı' scrolled UP (mode=volume)
[15:42:10] [INFO] [orbit.actions] WheelAction 'Ses Ayarı' scrolled UP (mode=volume)
[15:42:10] [INFO] [orbit.actions] WheelAction 'Ses Ayarı' scrolled UP (mode=volume)
[15:42:10] [INFO] [orbit.actions] WheelAction 'Ses Ayarı' scrolled UP (mode=volume)
[15:42:10] [INFO] [orbit.actions] WheelAction 'Ses Ayarı' scrolled DOWN (mode=volume)
[15:42:10] [INFO] [orbit.actions] WheelAction 'Ses Ayarı' scrolled DOWN (mode=volume)
[15:42:10] [INFO] [orbit.actions] WheelAction 'Ses Ayarı' scrolled DOWN (mode=volume)
[15:42:10] [INFO] [orbit.actions] WheelAction 'Ses Ayarı' scrolled DOWN (mode=volume)
[15:42:10] [INFO] [orbit.actions] WheelAction 'Ses Ayarı' scrolled DOWN (mode=volume)
[15:42:10] [INFO] [orbit.actions] WheelAction 'Ses Ayarı' scrolled DOWN (mode=volume)
[15:42:10] [INFO] [orbit.actions] WheelAction 'Ses Ayarı' scrolled UP (mode=volume)
[15:42:10] [INFO] [orbit.actions] WheelAction 'Ses Ayarı' scrolled UP (mode=volume)
[15:42:10] [INFO] [orbit.actions] WheelAction 'Ses Ayarı' scrolled UP (mode=volume)
[15:42:10] [INFO] [orbit.actions] WheelAction 'Ses Ayarı' scrolled UP (mode=volume)
[15:42:10] [INFO] [orbit.actions] WheelAction 'Ses Ayarı' scrolled UP (mode=volume)
[15:42:10] [INFO] [orbit.actions] WheelAction 'Ses Ayarı' scrolled UP (mode=volume)
[15:42:10] [INFO] [orbit.actions] WheelAction 'Ses Ayarı' scrolled UP (mode=volume)
[15:42:10] [INFO] [orbit.actions] WheelAction 'Ses Ayarı' scrolled UP (mode=volume)
[15:42:11] [INFO] [orbit.actions] WheelAction 'Ses Ayarı' scrolled UP (mode=volume)
[15:42:11] [INFO] [orbit.actions] WheelAction 'Ses Ayarı' scrolled UP (mode=volume)
[15:42:11] [INFO] [orbit.actions] WheelAction 'Ses Ayarı' scrolled UP (mode=volume)
[15:42:11] [INFO] [orbit.actions] WheelAction 'Ses Ayarı' scrolled UP (mode=volume)
[15:42:11] [INFO] [orbit.actions] WheelAction 'Ses Ayarı' scrolled UP (mode=volume)
[15:42:11] [INFO] [orbit.actions] WheelAction 'Ses Ayarı' scrolled UP (mode=volume)
[15:42:11] [INFO] [orbit.actions] WheelAction 'Ses Ayarı' scrolled UP (mode=volume)
[15:42:11] [INFO] [orbit.actions] WheelAction 'Ses Ayarı' scrolled UP (mode=volume)
[15:42:11] [INFO] [orbit.actions] WheelAction 'Ses Ayarı' scrolled UP (mode=volume)
[15:42:11] [INFO] [orbit.actions] WheelAction 'Ses Ayarı' scrolled DOWN (mode=volume)
[15:42:11] [INFO] [orbit.actions] WheelAction 'Ses Ayarı' scrolled DOWN (mode=volume)
[15:42:11] [INFO] [orbit.actions] WheelAction 'Ses Ayarı' scrolled DOWN (mode=volume)
[15:42:11] [INFO] [orbit.actions] WheelAction 'Ses Ayarı' scrolled DOWN (mode=volume)
[15:42:11] [INFO] [orbit.actions] WheelAction 'Ses Ayarı' scrolled DOWN (mode=volume)
[15:42:11] [INFO] [orbit.actions] WheelAction 'Ses Ayarı' scrolled DOWN (mode=volume)
[15:42:11] [INFO] [orbit.actions] WheelAction 'Ses Ayarı' scrolled DOWN (mode=volume)
[15:42:11] [INFO] [orbit.actions] WheelAction 'Ses Ayarı' scrolled DOWN (mode=volume)
[15:42:11] [INFO] [orbit.actions] WheelAction 'Ses Ayarı' scrolled DOWN (mode=volume)
[15:42:11] [INFO] [orbit.actions] WheelAction 'Ses Ayarı' scrolled UP (mode=volume)
[15:42:11] [INFO] [orbit.actions] WheelAction 'Ses Ayarı' scrolled UP (mode=volume)
[15:42:11] [INFO] [orbit.actions] WheelAction 'Ses Ayarı' scrolled UP (mode=volume)
[15:42:11] [INFO] [orbit.actions] WheelAction 'Ses Ayarı' scrolled UP (mode=volume)
[15:42:11] [INFO] [orbit.actions] WheelAction 'Ses Ayarı' scrolled UP (mode=volume)
[15:42:11] [INFO] [orbit.actions] WheelAction 'Ses Ayarı' scrolled UP (mode=volume)
[15:42:11] [INFO] [orbit.actions] WheelAction 'Ses Ayarı' scrolled UP (mode=volume)
[15:42:11] [INFO] [orbit.actions] WheelAction 'Ses Ayarı' scrolled UP (mode=volume)
[15:42:12] [INFO] [orbit.actions] WheelAction 'Ses Ayarı' scrolled DOWN (mode=volume)
[15:42:12] [INFO] [orbit.actions] WheelAction 'Ses Ayarı' scrolled DOWN (mode=volume)
[15:42:14] [INFO] [orbit] Executing selected slice action: Tarayıcı
[15:42:14] [INFO] [orbit.services.action] Executing action 'Tarayıcı' (ID: a2)
[15:42:14] [INFO] [orbit.actions] Opened URL: https://google.com
[15:44:10] [INFO] [orbit] Initializing Orbit Radial Menu Application...
[15:44:10] [INFO] [orbit.platform.windows] Initialized WindowsPlatform
[15:44:10] [INFO] [orbit.services.profile] Loaded profile: Web Browser (8 items)
[15:44:10] [INFO] [orbit.services.profile] Loaded profile: Varsayılan (7 items)
[15:44:10] [INFO] [orbit.services.profile] Loaded profile: Excel (8 items)
[15:44:10] [INFO] [orbit.services.profile] Loaded profile: PowerPoint (8 items)
[15:44:10] [INFO] [orbit.services.profile] Loaded profile: Varsayılan (4 items)
[15:44:10] [INFO] [orbit.services.profile] Loaded profile: VS Code (8 items)
[15:44:10] [INFO] [orbit.services.profile] Loaded profile: Word (8 items)
[15:44:10] [INFO] [orbit.services.profile] Active profile set to 'Varsayılan'
[15:44:10] [INFO] [orbit.services.plugin] Registered plugin 'Launcher Plugin' (v1.0.0)
[15:44:10] [INFO] [orbit.services.plugin] Registered plugin 'Media Control Plugin' (v1.0.0)
[15:44:10] [INFO] [orbit.services.plugin] Registered plugin 'Shell Command Plugin' (v1.0.0)
[15:44:10] [INFO] [orbit.hooks.hotkey] Global input listeners started (Primary: 'button5', Secondary: 'button4', Hold: True@1.0s).
[15:44:10] [INFO] [orbit.ui.system_tray] System Tray initialized.
[15:44:10] [INFO] [orbit] Orbit application running in system tray. Press Mouse 4 or Ctrl+Space to activate radial menu.
[15:44:12] [INFO] [orbit.hooks.hotkey] Hotkey triggered globally at (1241, 504)
[15:44:12] [INFO] [orbit] Hotkey triggered at (993, 403) for active app 'antigravity ide.exe' using profile 'Varsayılan'
[15:44:13] [INFO] [orbit] Hotkey released after 0.32s
[15:44:13] [INFO] [orbit] Keeping radial menu open until click or dismiss.
[15:44:14] [INFO] [orbit.ui.radial_view] Opening sub-ring 'Hazır Metinler'
[15:44:17] [INFO] [orbit.ui.radial_view] Center Back clicked -> Returning to parent ring
[15:44:18] [INFO] [orbit.ui.radial_view] Opening sub-ring 'Pano Geçmişi'
[15:44:19] [INFO] [orbit.ui.radial_view] Center Back clicked -> Returning to parent ring
[15:44:20] [INFO] [orbit.ui.overlay] OverlayWindow lost focus -> requesting dismiss
[15:44:25] [INFO] [orbit.services.clipboard] Clipboard captured: 'ewrrwerweewrewr
...'
[15:44:30] [INFO] [orbit.hooks.hotkey] Hotkey triggered globally at (966, 565)
[15:44:30] [INFO] [orbit] Hotkey triggered at (773, 452) for active app 'editors.exe' using profile 'Varsayılan'
[15:44:30] [INFO] [orbit] Hotkey released after 0.20s
[15:44:30] [INFO] [orbit] Keeping radial menu open until click or dismiss.
[15:44:35] [INFO] [orbit.services.clipboard] Clipboard captured: 'Dsfisdkfds
 
...'
[15:44:41] [INFO] [orbit.hooks.hotkey] Hotkey triggered globally at (1038, 460)
[15:44:41] [INFO] [orbit] Hotkey triggered at (830, 368) for active app 'editors.exe' using profile 'Varsayılan'
[15:44:42] [INFO] [orbit] Hotkey released after 0.21s
[15:44:42] [INFO] [orbit] Keeping radial menu open until click or dismiss.
[15:44:42] [INFO] [orbit.ui.radial_view] Opening sub-ring 'Pano Geçmişi'
[15:44:43] [INFO] [orbit] Executing selected slice action: ewrrwerweewr...
[15:44:43] [INFO] [orbit.services.action] Executing action 'ewrrwerweewr...' (ID: act_clip_1)
[15:44:43] [INFO] [orbit.actions] Typed text string: 'ewrrwerweewrewr
'
[15:44:50] [INFO] [orbit.hooks.hotkey] Hotkey triggered globally at (1061, 546)
[15:44:50] [INFO] [orbit] Hotkey triggered at (849, 437) for active app 'editors.exe' using profile 'Varsayılan'
[15:44:51] [INFO] [orbit] Hotkey released after 0.27s
[15:44:51] [INFO] [orbit] Keeping radial menu open until click or dismiss.
[15:44:51] [INFO] [orbit.ui.radial_view] Opening sub-ring 'Pano Geçmişi'
[15:44:52] [INFO] [orbit] Executing selected slice action: ewrrwerweewr...
[15:44:52] [INFO] [orbit.services.action] Executing action 'ewrrwerweewr...' (ID: act_clip_1)
[15:44:52] [INFO] [orbit.actions] Typed text string: 'ewrrwerweewrewr
'
[15:44:53] [INFO] [orbit.hooks.hotkey] Hotkey triggered globally at (1059, 567)
[15:44:53] [INFO] [orbit] Hotkey triggered at (847, 454) for active app 'editors.exe' using profile 'Varsayılan'
[15:44:54] [INFO] [orbit] Hotkey released after 0.26s
[15:44:54] [INFO] [orbit] Keeping radial menu open until click or dismiss.
[15:44:54] [INFO] [orbit.ui.radial_view] Opening sub-ring 'Pano Geçmişi'
[15:44:54] [INFO] [orbit] Executing selected slice action: Dsfisdkfds
 ...
[15:44:54] [INFO] [orbit.services.action] Executing action 'Dsfisdkfds
 ...' (ID: act_clip_0)
[15:44:54] [INFO] [orbit.actions] Typed text string: 'Dsfisdkfds
 
'
[15:44:58] [INFO] [orbit.hooks.hotkey] Hotkey triggered globally at (1275, 689)
[15:44:58] [INFO] [orbit] Hotkey triggered at (1020, 551) for active app 'editors.exe' using profile 'Varsayılan'
[15:44:58] [INFO] [orbit] Hotkey released after 0.24s
[15:44:58] [INFO] [orbit] Keeping radial menu open until click or dismiss.
[15:44:58] [INFO] [orbit.ui.radial_view] Opening sub-ring 'Pano Geçmişi'
[15:45:00] [INFO] [orbit] Executing selected slice action: Dsfisdkfds
 ...
[15:45:00] [INFO] [orbit.services.action] Executing action 'Dsfisdkfds
 ...' (ID: act_clip_0)
[15:45:00] [INFO] [orbit.actions] Typed text string: 'Dsfisdkfds
 
'
[15:45:10] [INFO] [orbit.hooks.hotkey] Hotkey triggered globally at (1348, 646)
[15:45:10] [INFO] [orbit] Hotkey triggered at (1078, 517) for active app 'editors.exe' using profile 'Varsayılan'
[15:45:10] [INFO] [orbit] Hotkey released after 0.28s
[15:45:10] [INFO] [orbit] Keeping radial menu open until click or dismiss.
[15:45:11] [INFO] [orbit.ui.radial_view] Opening sub-ring 'Hazır Metinler'
[15:45:11] [INFO] [orbit] Executing selected slice action: Saygılarımla
[15:45:11] [INFO] [orbit.services.action] Executing action 'Saygılarımla' (ID: act_snip_1)
[15:45:11] [INFO] [orbit.actions] Typed text string: 'Saygılarımla,
'
[15:45:14] [INFO] [orbit.hooks.hotkey] Hotkey triggered globally at (1059, 493)
[15:45:14] [INFO] [orbit] Hotkey triggered at (847, 394) for active app 'editors.exe' using profile 'Varsayılan'
[15:45:14] [INFO] [orbit] Hotkey released after 0.15s
[15:45:14] [INFO] [orbit] Keeping radial menu open until click or dismiss.
[15:45:15] [INFO] [orbit.ui.radial_view] Opening sub-ring 'Hazır Metinler'
[15:45:16] [INFO] [orbit] Executing selected slice action: Saygılarımla
[15:45:16] [INFO] [orbit.services.action] Executing action 'Saygılarımla' (ID: act_snip_1)
[15:45:16] [INFO] [orbit.actions] Typed text string: 'Saygılarımla,
'
[15:45:19] [INFO] [orbit.hooks.hotkey] Hotkey triggered globally at (719, 83)
[15:45:19] [INFO] [orbit.services.profile] Matched profile 'Web Browser' for app 'brave.exe'
[15:45:19] [INFO] [orbit] Hotkey triggered at (575, 185) for active app 'brave.exe' using profile 'Web Browser'
[15:45:19] [INFO] [orbit] Hotkey released after 0.23s
[15:45:19] [INFO] [orbit] Keeping radial menu open until click or dismiss.
[15:45:20] [INFO] [orbit.ui.radial_view] Center Genel Menü clicked -> Opening General Profile
[15:45:21] [INFO] [orbit.ui.radial_view] Opening sub-ring 'Pano Geçmişi'
[15:45:22] [INFO] [orbit] Executing selected slice action: Dsfisdkfds
 ...
[15:45:22] [INFO] [orbit.services.action] Executing action 'Dsfisdkfds
 ...' (ID: act_clip_0)
[15:45:22] [INFO] [orbit.actions] Typed text string: 'Dsfisdkfds
 
'
[15:45:39] [INFO] [orbit.hooks.hotkey] Hotkey triggered globally at (810, 466)
[15:45:39] [INFO] [orbit] Hotkey triggered at (648, 373) for active app 'notepad.exe' using profile 'Varsayılan'
[15:45:40] [INFO] [orbit] Hotkey released after 0.29s
[15:45:40] [INFO] [orbit] Keeping radial menu open until click or dismiss.
[15:45:40] [INFO] [orbit.ui.radial_view] Opening sub-ring 'Pano Geçmişi'
[15:45:41] [INFO] [orbit] Executing selected slice action: ewrrwerweewr...
[15:45:41] [INFO] [orbit.services.action] Executing action 'ewrrwerweewr...' (ID: act_clip_1)
[15:45:41] [INFO] [orbit.actions] Typed text string: 'ewrrwerweewrewr
'
[15:45:45] [INFO] [orbit.hooks.hotkey] Hotkey triggered globally at (390, 436)
[15:45:45] [INFO] [orbit] Hotkey triggered at (312, 349) for active app 'notepad.exe' using profile 'Varsayılan'
[15:45:45] [INFO] [orbit] Hotkey released after 0.20s
[15:45:45] [INFO] [orbit] Keeping radial menu open until click or dismiss.
[15:45:45] [INFO] [orbit.ui.radial_view] Opening sub-ring 'Pano Geçmişi'
[15:45:46] [INFO] [orbit] Executing selected slice action: Dsfisdkfds
 ...
[15:45:46] [INFO] [orbit.services.action] Executing action 'Dsfisdkfds
 ...' (ID: act_clip_0)
[15:45:46] [INFO] [orbit.actions] Typed text string: 'Dsfisdkfds
 
'
[15:45:48] [INFO] [orbit.hooks.hotkey] Hotkey triggered globally at (401, 472)
[15:45:48] [INFO] [orbit] Hotkey triggered at (321, 378) for active app 'notepad.exe' using profile 'Varsayılan'
[15:45:48] [INFO] [orbit] Hotkey released after 0.08s
[15:45:48] [INFO] [orbit] Keeping radial menu open until click or dismiss.
[15:45:49] [INFO] [orbit.ui.radial_view] Opening sub-ring 'Hazır Metinler'
[15:45:50] [INFO] [orbit] Executing selected slice action: Saygılarımla
[15:45:50] [INFO] [orbit.services.action] Executing action 'Saygılarımla' (ID: act_snip_1)
[15:45:50] [INFO] [orbit.actions] Typed text string: 'Saygılarımla,
'
[15:45:51] [INFO] [orbit.hooks.hotkey] Hotkey triggered globally at (408, 507)
[15:45:51] [INFO] [orbit] Hotkey triggered at (326, 406) for active app 'notepad.exe' using profile 'Varsayılan'
[15:45:51] [INFO] [orbit] Hotkey released after 0.28s
[15:45:51] [INFO] [orbit] Keeping radial menu open until click or dismiss.
[15:45:52] [INFO] [orbit.ui.radial_view] Opening sub-ring 'Hazır Metinler'
[15:45:52] [INFO] [orbit] Executing selected slice action: Bilgilerinize
[15:45:52] [INFO] [orbit.services.action] Executing action 'Bilgilerinize' (ID: act_snip_3)
[15:45:52] [INFO] [orbit.actions] Typed text string: 'Bilgilerinize sunarım.
'
[15:45:54] [INFO] [orbit.hooks.hotkey] Hotkey triggered globally at (363, 501)
[15:45:54] [INFO] [orbit] Hotkey triggered at (290, 401) for active app 'notepad.exe' using profile 'Varsayılan'
[15:45:54] [INFO] [orbit] Hotkey released after 0.26s
[15:45:54] [INFO] [orbit] Keeping radial menu open until click or dismiss.
[15:45:54] [INFO] [orbit.ui.radial_view] Opening sub-ring 'Hazır Metinler'
[15:45:55] [INFO] [orbit] Executing selected slice action: İyi Çalışmalar
[15:45:55] [INFO] [orbit.services.action] Executing action 'İyi Çalışmalar' (ID: act_snip_2)
[15:45:55] [INFO] [orbit.actions] Typed text string: 'İyi çalışmalar dilerim.
'
[15:47:45] [INFO] [orbit] Initializing Orbit Radial Menu Application...
[15:47:45] [INFO] [orbit.platform.windows] Initialized WindowsPlatform
[15:47:45] [INFO] [orbit.services.profile] Loaded profile: Web Browser (8 items)
[15:47:45] [INFO] [orbit.services.profile] Loaded profile: Varsayılan (6 items)
[15:47:45] [INFO] [orbit.services.profile] Loaded profile: Excel (8 items)
[15:47:45] [INFO] [orbit.services.profile] Loaded profile: PowerPoint (8 items)
[15:47:45] [INFO] [orbit.services.profile] Loaded profile: Varsayılan (4 items)
[15:47:45] [INFO] [orbit.services.profile] Loaded profile: VS Code (8 items)
[15:47:45] [INFO] [orbit.services.profile] Loaded profile: Word (8 items)
[15:47:45] [INFO] [orbit.services.profile] Active profile set to 'Varsayılan'
[15:47:45] [INFO] [orbit.services.plugin] Registered plugin 'Launcher Plugin' (v1.0.0)
[15:47:45] [INFO] [orbit.services.plugin] Registered plugin 'Media Control Plugin' (v1.0.0)
[15:47:45] [INFO] [orbit.services.plugin] Registered plugin 'Shell Command Plugin' (v1.0.0)
[15:47:45] [INFO] [orbit.hooks.hotkey] Global input listeners started (Primary: 'button5', Secondary: 'button4', Hold: True@1.0s).
[15:47:45] [INFO] [orbit.ui.system_tray] System Tray initialized.
[15:47:45] [INFO] [orbit] Orbit application running in system tray. Press Mouse 4 or Ctrl+Space to activate radial menu.
[15:47:47] [INFO] [orbit.hooks.hotkey] Hotkey triggered globally at (1103, 620)
[15:47:47] [INFO] [orbit] Hotkey triggered at (882, 496) for active app 'antigravity ide.exe' using profile 'Varsayılan'
[15:47:47] [INFO] [orbit] Hotkey released after 0.28s
[15:47:47] [INFO] [orbit] Keeping radial menu open until click or dismiss.
[15:47:50] [INFO] [orbit.ui.radial_view] Opening sub-ring 'Pano Geçmişi'
[15:47:51] [INFO] [orbit.ui.radial_view] Center Back clicked -> Returning to parent ring
[15:48:08] [INFO] [orbit.hooks.hotkey] Hotkey triggered globally at (1634, 662)
[15:48:08] [INFO] [orbit] Hotkey triggered at (1307, 530) for active app 'explorer.exe' using profile 'Varsayılan'
[15:48:08] [INFO] [orbit] Hotkey released after 0.31s
[15:48:08] [INFO] [orbit] Keeping radial menu open until click or dismiss.
[15:48:29] [INFO] [orbit.ui.overlay] OverlayWindow lost focus -> requesting dismiss
[15:14:34] [INFO] [orbit] Initializing Orbit Radial Menu Application...
[15:14:34] [INFO] [orbit.platform.windows] Initialized WindowsPlatform
[15:14:34] [INFO] [orbit.services.profile] Loaded profile: Web Browser (8 items)
[15:14:34] [INFO] [orbit.services.profile] Loaded profile: Varsayılan (6 items)
[15:14:34] [INFO] [orbit.services.profile] Loaded profile: Excel (8 items)
[15:14:34] [INFO] [orbit.services.profile] Loaded profile: PowerPoint (8 items)
[15:14:34] [INFO] [orbit.services.profile] Loaded profile: Varsayılan (4 items)
[15:14:34] [INFO] [orbit.services.profile] Loaded profile: VS Code (8 items)
[15:14:34] [INFO] [orbit.services.profile] Loaded profile: Word (8 items)
[15:14:34] [INFO] [orbit.services.profile] Active profile set to 'Varsayılan'
[15:14:34] [INFO] [orbit.services.plugin] Registered plugin 'Launcher Plugin' (v1.0.0)
[15:14:34] [INFO] [orbit.services.plugin] Registered plugin 'Media Control Plugin' (v1.0.0)
[15:14:34] [INFO] [orbit.services.plugin] Registered plugin 'Shell Command Plugin' (v1.0.0)
[15:14:34] [INFO] [orbit.hooks.hotkey] Global input listeners started (Primary: 'button5', Secondary: 'button4', Hold: True@1.0s).
[15:14:34] [INFO] [orbit.ui.system_tray] System Tray initialized.
[15:14:34] [INFO] [orbit] Orbit application running in system tray. Press Mouse 4 or Ctrl+Space to activate radial menu.
[15:14:50] [INFO] [orbit.hooks.hotkey] Hotkey triggered globally at (2247, 736)
[15:14:50] [INFO] [orbit] Hotkey triggered at (1798, 589) for active app 'explorer.exe' using profile 'Varsayılan'
[15:14:50] [INFO] [orbit] Hotkey released after 0.51s
[15:14:50] [INFO] [orbit] Keeping radial menu open until click or dismiss.
[15:15:00] [INFO] [orbit.hooks.hotkey] Hotkey triggered globally at (2187, 403)
[15:15:00] [INFO] [orbit] Hotkey triggered at (1750, 322) for active app 'explorer.exe' using profile 'Varsayılan'
[15:15:00] [INFO] [orbit] Hotkey released after 0.32s
[15:15:00] [INFO] [orbit] Keeping radial menu open until click or dismiss.
[15:15:04] [INFO] [orbit.ui.overlay] OverlayWindow lost focus -> requesting dismiss
[16:11:58] [INFO] [orbit] Initializing Orbit Radial Menu Application...
[16:11:58] [INFO] [orbit.platform.windows] Initialized WindowsPlatform
[16:11:58] [INFO] [orbit.services.profile] Loaded profile: Web Browser (8 items)
[16:11:58] [INFO] [orbit.services.profile] Loaded profile: Varsayılan (6 items)
[16:11:58] [INFO] [orbit.services.profile] Loaded profile: Excel (8 items)
[16:11:58] [INFO] [orbit.services.profile] Loaded profile: PowerPoint (8 items)
[16:11:58] [INFO] [orbit.services.profile] Loaded profile: VS Code (8 items)
[16:11:58] [INFO] [orbit.services.profile] Loaded profile: Word (8 items)
[16:11:58] [INFO] [orbit.services.profile] Active profile set to 'Varsayılan'
[16:11:58] [INFO] [orbit.services.plugin] Registered plugin 'Launcher Plugin' (v1.0.0)
[16:11:58] [INFO] [orbit.services.plugin] Registered plugin 'Media Control Plugin' (v1.0.0)
[16:11:58] [INFO] [orbit.services.plugin] Registered plugin 'Shell Command Plugin' (v1.0.0)
[16:11:58] [INFO] [orbit.hooks.hotkey] Global input listeners started (Primary: 'button5', Secondary: 'button4', Hold: True@1.0s).
[16:11:58] [INFO] [orbit.ui.system_tray] System Tray initialized.
[16:11:58] [INFO] [orbit] Orbit application running in system tray. Press Mouse 4 or Ctrl+Space to activate radial menu.
[16:12:10] [INFO] [orbit.hooks.hotkey] Hotkey triggered globally at (598, 262)
[16:12:10] [INFO] [orbit] Hotkey triggered at (478, 210) for active app 'explorer.exe' using profile 'Varsayılan'
[16:12:10] [INFO] [orbit] Hotkey released after 0.33s
[16:12:10] [INFO] [orbit] Keeping radial menu open until click or dismiss.
[16:12:16] [INFO] [orbit.ui.overlay] OverlayWindow lost focus -> requesting dismiss
[16:12:26] [INFO] [orbit.hooks.hotkey] Hotkey triggered globally at (440, 537)
[16:12:26] [INFO] [orbit] Hotkey triggered at (352, 430) for active app 'explorer.exe' using profile 'Varsayılan'
[16:12:26] [INFO] [orbit] Hotkey released after 0.38s
[16:12:26] [INFO] [orbit] Keeping radial menu open until click or dismiss.
[16:12:26] [INFO] [orbit.ui.overlay] OverlayWindow lost focus -> requesting dismiss
[16:12:28] [INFO] [orbit.hooks.hotkey] Hotkey triggered globally at (2064, 614)
[16:12:28] [INFO] [orbit] Hotkey triggered at (1651, 491) for active app 'explorer.exe' using profile 'Varsayılan'
[16:12:28] [INFO] [orbit] Hotkey released after 0.03s
[16:12:28] [INFO] [orbit] Keeping radial menu open until click or dismiss.
[16:12:29] [INFO] [orbit.ui.overlay] OverlayWindow lost focus -> requesting dismiss
[16:12:29] [INFO] [orbit] Live updated window opacity to 0.85
[16:12:33] [INFO] [orbit.hooks.hotkey] Hotkey triggered globally at (1901, 538)
[16:12:33] [INFO] [orbit] Hotkey triggered at (1521, 430) for active app 'explorer.exe' using profile 'Varsayılan'
[16:12:33] [INFO] [orbit] Hotkey released after 0.13s
[16:12:33] [INFO] [orbit] Keeping radial menu open until click or dismiss.
[16:12:34] [INFO] [orbit.ui.overlay] OverlayWindow lost focus -> requesting dismiss
[16:12:36] [INFO] [orbit.hooks.hotkey] Hotkey triggered globally at (1673, 639)
[16:12:36] [INFO] [orbit] Hotkey triggered at (1338, 511) for active app 'python.exe' using profile 'Varsayılan'
[16:12:36] [INFO] [orbit] Hotkey released after 0.20s
[16:12:36] [INFO] [orbit] Keeping radial menu open until click or dismiss.
[16:12:37] [INFO] [orbit.ui.overlay] OverlayWindow lost focus -> requesting dismiss
[16:12:40] [INFO] [orbit] Live updated animation speed to 150ms
[16:12:41] [INFO] [orbit.hooks.hotkey] Hotkey triggered globally at (1815, 751)
[16:12:41] [INFO] [orbit] Hotkey triggered at (1452, 601) for active app 'python.exe' using profile 'Varsayılan'
[16:12:41] [INFO] [orbit] Hotkey released after 0.26s
[16:12:41] [INFO] [orbit] Keeping radial menu open until click or dismiss.
[16:12:42] [INFO] [orbit.ui.overlay] OverlayWindow lost focus -> requesting dismiss
[16:12:43] [INFO] [orbit] Live updated animation speed to 380ms
[16:12:44] [INFO] [orbit.hooks.hotkey] Hotkey triggered globally at (2067, 685)
[16:12:44] [INFO] [orbit] Hotkey triggered at (1654, 548) for active app 'explorer.exe' using profile 'Varsayılan'
[16:12:45] [INFO] [orbit] Hotkey released after 0.32s
[16:12:45] [INFO] [orbit] Keeping radial menu open until click or dismiss.
[16:12:46] [INFO] [orbit.ui.overlay] OverlayWindow lost focus -> requesting dismiss
[16:12:52] [INFO] [orbit] Live updated window opacity to 0.9
[16:12:52] [INFO] [orbit] Live updated window opacity to 0.95
[16:12:52] [INFO] [orbit] Live updated window opacity to 1.0
[16:12:54] [INFO] [orbit.hooks.hotkey] Hotkey triggered globally at (1970, 506)
[16:12:54] [INFO] [orbit] Hotkey triggered at (1576, 405) for active app 'explorer.exe' using profile 'Varsayılan'
[16:12:55] [INFO] [orbit] Hotkey released after 0.28s
[16:12:55] [INFO] [orbit] Keeping radial menu open until click or dismiss.
[16:12:56] [INFO] [orbit.ui.overlay] OverlayWindow lost focus -> requesting dismiss
[16:12:59] [INFO] [orbit.hooks.hotkey] Hotkey triggered globally at (2022, 589)
[16:12:59] [INFO] [orbit] Hotkey triggered at (1618, 471) for active app 'explorer.exe' using profile 'Varsayılan'
[16:12:59] [INFO] [orbit] Hotkey released after 0.06s
[16:12:59] [INFO] [orbit] Keeping radial menu open until click or dismiss.
[16:13:00] [INFO] [orbit.ui.overlay] OverlayWindow lost focus -> requesting dismiss
[16:13:00] [INFO] [orbit] Live updated window opacity to 0.95
[16:13:00] [INFO] [orbit] Live updated window opacity to 0.9
[16:13:00] [INFO] [orbit] Live updated window opacity to 0.85
[16:13:01] [INFO] [orbit] Live updated window opacity to 0.8
[16:13:01] [INFO] [orbit] Live updated window opacity to 0.75
[16:13:01] [INFO] [orbit] Live updated window opacity to 0.7
[16:13:01] [INFO] [orbit] Live updated window opacity to 0.65
[16:13:01] [INFO] [orbit] Live updated window opacity to 0.6
[16:13:01] [INFO] [orbit] Live updated window opacity to 0.55
[16:13:01] [INFO] [orbit] Live updated window opacity to 0.5
[16:13:02] [INFO] [orbit] Live updated window opacity to 0.45
[16:13:02] [INFO] [orbit] Live updated window opacity to 0.4
[16:13:02] [INFO] [orbit] Live updated window opacity to 0.35
[16:13:02] [INFO] [orbit] Live updated window opacity to 0.3
[16:13:02] [INFO] [orbit] Live updated window opacity to 0.25
[16:13:04] [INFO] [orbit.hooks.hotkey] Hotkey triggered globally at (2007, 537)
[16:13:04] [INFO] [orbit] Hotkey triggered at (1606, 430) for active app 'explorer.exe' using profile 'Varsayılan'
[16:13:04] [INFO] [orbit] Hotkey released after 0.30s
[16:13:04] [INFO] [orbit] Keeping radial menu open until click or dismiss.
[16:13:05] [INFO] [orbit.ui.overlay] OverlayWindow lost focus -> requesting dismiss
[16:13:07] [INFO] [orbit.hooks.hotkey] Hotkey triggered globally at (2102, 587)
[16:13:07] [INFO] [orbit] Hotkey triggered at (1682, 470) for active app 'explorer.exe' using profile 'Varsayılan'
[16:13:07] [INFO] [orbit] Hotkey released after 0.19s
[16:13:07] [INFO] [orbit] Keeping radial menu open until click or dismiss.
[16:13:09] [INFO] [orbit.ui.overlay] OverlayWindow lost focus -> requesting dismiss
[16:13:10] [INFO] [orbit.hooks.hotkey] Hotkey triggered globally at (1954, 261)
[16:13:10] [INFO] [orbit] Hotkey triggered at (1563, 209) for active app 'explorer.exe' using profile 'Varsayılan'
[16:13:10] [INFO] [orbit] Hotkey released after 0.24s
[16:13:10] [INFO] [orbit] Keeping radial menu open until click or dismiss.
[16:13:14] [INFO] [orbit.ui.overlay] OverlayWindow lost focus -> requesting dismiss
[16:13:18] [INFO] [orbit] Live updated radial menu radius to 180.0
[16:13:19] [INFO] [orbit.hooks.hotkey] Hotkey triggered globally at (2030, 510)
[16:13:19] [INFO] [orbit] Hotkey triggered at (1624, 408) for active app 'explorer.exe' using profile 'Varsayılan'
[16:13:19] [INFO] [orbit] Hotkey released after 0.31s
[16:13:19] [INFO] [orbit] Keeping radial menu open until click or dismiss.
[16:13:20] [INFO] [orbit.ui.overlay] OverlayWindow lost focus -> requesting dismiss
[16:13:21] [INFO] [orbit] Live updated radial menu radius to 230.0
[16:13:23] [INFO] [orbit.hooks.hotkey] Hotkey triggered globally at (1965, 514)
[16:13:23] [INFO] [orbit] Hotkey triggered at (1572, 411) for active app 'explorer.exe' using profile 'Varsayılan'
[16:13:23] [INFO] [orbit] Hotkey released after 0.16s
[16:13:23] [INFO] [orbit] Keeping radial menu open until click or dismiss.
[16:13:25] [INFO] [orbit.ui.overlay] OverlayWindow lost focus -> requesting dismiss
[16:13:26] [INFO] [orbit] Live updated animation speed to 150ms
[16:13:28] [INFO] [orbit.hooks.hotkey] Hotkey triggered globally at (2109, 556)
[16:13:28] [INFO] [orbit] Hotkey triggered at (1687, 445) for active app 'explorer.exe' using profile 'Varsayılan'
[16:13:28] [INFO] [orbit] Hotkey released after 0.23s
[16:13:28] [INFO] [orbit] Keeping radial menu open until click or dismiss.
[16:13:30] [INFO] [orbit.ui.overlay] OverlayWindow lost focus -> requesting dismiss
[16:13:30] [INFO] [orbit] Live updated animation speed to 240ms
[16:13:34] [INFO] [orbit.hooks.hotkey] Hotkey triggered globally at (1938, 262)
[16:13:34] [INFO] [orbit] Hotkey triggered at (1550, 265.0) for active app 'explorer.exe' using profile 'Varsayılan'
[16:13:34] [INFO] [orbit] Hotkey released after 0.36s
[16:13:34] [INFO] [orbit] Keeping radial menu open until click or dismiss.
[16:13:36] [INFO] [orbit.ui.overlay] OverlayWindow lost focus -> requesting dismiss
[16:13:37] [INFO] [orbit] Live updated radial menu radius to 140.0
[16:13:38] [INFO] [orbit.hooks.hotkey] Hotkey triggered globally at (1967, 388)
[16:13:38] [INFO] [orbit] Hotkey triggered at (1574, 310) for active app 'explorer.exe' using profile 'Varsayılan'
[16:13:39] [INFO] [orbit] Hotkey released after 0.28s
[16:13:39] [INFO] [orbit] Keeping radial menu open until click or dismiss.
[16:13:43] [INFO] [orbit.ui.overlay] OverlayWindow lost focus -> requesting dismiss
[16:15:49] [INFO] [orbit] Initializing Orbit Radial Menu Application...
[16:15:49] [INFO] [orbit.platform.windows] Initialized WindowsPlatform
[16:15:49] [INFO] [orbit.services.profile] Loaded profile: Web Browser (8 items)
[16:15:49] [INFO] [orbit.services.profile] Loaded profile: Varsayılan (6 items)
[16:15:49] [INFO] [orbit.services.profile] Loaded profile: Excel (8 items)
[16:15:49] [INFO] [orbit.services.profile] Loaded profile: PowerPoint (8 items)
[16:15:49] [INFO] [orbit.services.profile] Loaded profile: VS Code (8 items)
[16:15:49] [INFO] [orbit.services.profile] Loaded profile: Word (8 items)
[16:15:49] [INFO] [orbit.services.profile] Active profile set to 'Varsayılan'
[16:15:49] [INFO] [orbit.services.plugin] Registered plugin 'Launcher Plugin' (v1.0.0)
[16:15:49] [INFO] [orbit.services.plugin] Registered plugin 'Media Control Plugin' (v1.0.0)
[16:15:49] [INFO] [orbit.services.plugin] Registered plugin 'Shell Command Plugin' (v1.0.0)
[16:15:50] [INFO] [orbit.hooks.hotkey] Global input listeners started (Primary: 'button5', Secondary: 'button4', Hold: True@1.0s).
[16:15:50] [INFO] [orbit.ui.system_tray] System Tray initialized.
[16:15:50] [INFO] [orbit] Orbit application running in system tray. Press Mouse 4 or Ctrl+Space to activate radial menu.
[16:15:53] [INFO] [orbit.hooks.hotkey] Hotkey triggered globally at (311, 699)
[16:15:53] [INFO] [orbit.services.profile] Matched profile 'Web Browser' for app 'brave.exe'
[16:15:53] [INFO] [orbit] Hotkey triggered at (249, 559) for active app 'brave.exe' using profile 'Web Browser'
[16:15:54] [INFO] [orbit] Hotkey released after 0.34s
[16:15:54] [INFO] [orbit] Keeping radial menu open until click or dismiss.
[16:15:55] [INFO] [orbit.ui.radial_view] Center Genel Menü clicked -> Opening General Profile
[16:15:56] [INFO] [orbit.ui.radial_view] Center Back clicked -> Returning to parent ring
[16:15:58] [INFO] [orbit.ui.overlay] OverlayWindow lost focus -> requesting dismiss
[16:16:00] [INFO] [orbit.hooks.hotkey] Hotkey triggered globally at (2050, 691)
[16:16:00] [INFO] [orbit] Hotkey triggered at (1640, 553) for active app 'explorer.exe' using profile 'Varsayılan'
[16:16:00] [INFO] [orbit] Hotkey released after 0.28s
[16:16:00] [INFO] [orbit] Keeping radial menu open until click or dismiss.
[16:16:04] [INFO] [orbit] Executing selected slice action: Terminal
[16:16:04] [INFO] [orbit.services.action] Executing action 'Terminal' (ID: a1)
[16:16:04] [INFO] [orbit.actions] Launched application: wt || cmd.exe /c start cmd || konsole || gnome-terminal || xterm
[16:16:07] [INFO] [orbit.hooks.hotkey] Hotkey triggered globally at (1035, 480)
[16:16:07] [INFO] [orbit] Hotkey triggered at (828, 384) for active app 'windowsterminal.exe' using profile 'Varsayılan'
[16:16:08] [INFO] [orbit] Hotkey released after 0.31s
[16:16:08] [INFO] [orbit] Keeping radial menu open until click or dismiss.
[16:16:09] [INFO] [orbit] Executing selected slice action: Ekran Klavyesi
[16:16:09] [INFO] [orbit.services.action] Executing action 'Ekran Klavyesi' (ID: a7)
[16:16:09] [INFO] [orbit.actions] Launched Windows On-Screen Keyboard (osk.exe)
[16:19:16] [INFO] [orbit] Initializing Orbit Radial Menu Application...
[16:19:16] [INFO] [orbit.platform.windows] Initialized WindowsPlatform
[16:19:16] [INFO] [orbit.services.profile] Loaded profile: Web Browser (8 items)
[16:19:16] [INFO] [orbit.services.profile] Loaded profile: Varsayılan (6 items)
[16:19:16] [INFO] [orbit.services.profile] Loaded profile: Excel (8 items)
[16:19:16] [INFO] [orbit.services.profile] Loaded profile: PowerPoint (8 items)
[16:19:16] [INFO] [orbit.services.profile] Loaded profile: VS Code (8 items)
[16:19:16] [INFO] [orbit.services.profile] Loaded profile: Word (8 items)
[16:19:16] [INFO] [orbit.services.profile] Active profile set to 'Varsayılan'
[16:19:16] [INFO] [orbit.services.plugin] Registered plugin 'Launcher Plugin' (v1.0.0)
[16:19:16] [INFO] [orbit.services.plugin] Registered plugin 'Media Control Plugin' (v1.0.0)
[16:19:16] [INFO] [orbit.services.plugin] Registered plugin 'Shell Command Plugin' (v1.0.0)
[16:19:16] [INFO] [orbit.hooks.hotkey] Global input listeners started (Primary: 'button5', Secondary: 'button4', Hold: True@1.0s).
[16:19:16] [INFO] [orbit.ui.system_tray] System Tray initialized.
[16:19:16] [INFO] [orbit] Orbit application running in system tray. Press Mouse 4 or Ctrl+Space to activate radial menu.
[16:19:19] [INFO] [orbit.hooks.hotkey] Hotkey triggered globally at (1379, 505)
[16:19:19] [INFO] [orbit] Hotkey triggered at (1103, 404) for active app 'antigravity ide.exe' using profile 'Varsayılan'
[16:19:19] [INFO] [orbit] Hotkey released after 0.33s
[16:19:19] [INFO] [orbit] Keeping radial menu open until click or dismiss.
[16:19:22] [INFO] [orbit] Executing selected slice action: Ses Ayarı
[16:19:22] [INFO] [orbit.services.action] Executing action 'Ses Ayarı' (ID: a3_vol)
[16:19:22] [INFO] [orbit.actions] WheelAction 'Ses Ayarı' scrolled UP (mode=volume)
[16:19:24] [INFO] [orbit.hooks.hotkey] Hotkey triggered globally at (1423, 631)
[16:19:24] [INFO] [orbit] Hotkey triggered at (1138, 505) for active app 'antigravity ide.exe' using profile 'Varsayılan'
[16:19:24] [INFO] [orbit] Hotkey released after 0.30s
[16:19:24] [INFO] [orbit] Keeping radial menu open until click or dismiss.
[16:19:25] [INFO] [orbit.actions] WheelAction 'Ses Ayarı' scrolled UP (mode=volume)
[16:19:25] [INFO] [orbit.actions] WheelAction 'Ses Ayarı' scrolled UP (mode=volume)
[16:19:25] [INFO] [orbit.actions] WheelAction 'Ses Ayarı' scrolled UP (mode=volume)
[16:19:25] [INFO] [orbit.actions] WheelAction 'Ses Ayarı' scrolled UP (mode=volume)
[16:19:25] [INFO] [orbit.actions] WheelAction 'Ses Ayarı' scrolled DOWN (mode=volume)
[16:19:25] [INFO] [orbit.actions] WheelAction 'Ses Ayarı' scrolled DOWN (mode=volume)
[16:19:25] [INFO] [orbit.actions] WheelAction 'Ses Ayarı' scrolled DOWN (mode=volume)
[16:19:25] [INFO] [orbit.actions] WheelAction 'Ses Ayarı' scrolled DOWN (mode=volume)
[16:19:25] [INFO] [orbit.actions] WheelAction 'Ses Ayarı' scrolled DOWN (mode=volume)
[16:19:25] [INFO] [orbit.actions] WheelAction 'Ses Ayarı' scrolled DOWN (mode=volume)
[16:19:25] [INFO] [orbit.actions] WheelAction 'Ses Ayarı' scrolled UP (mode=volume)
[16:19:25] [INFO] [orbit.actions] WheelAction 'Ses Ayarı' scrolled UP (mode=volume)
[16:19:25] [INFO] [orbit.actions] WheelAction 'Ses Ayarı' scrolled UP (mode=volume)
[16:19:25] [INFO] [orbit.actions] WheelAction 'Ses Ayarı' scrolled UP (mode=volume)
[16:19:25] [INFO] [orbit.actions] WheelAction 'Ses Ayarı' scrolled UP (mode=volume)
[16:19:25] [INFO] [orbit.actions] WheelAction 'Ses Ayarı' scrolled UP (mode=volume)
[16:19:25] [INFO] [orbit.actions] WheelAction 'Ses Ayarı' scrolled DOWN (mode=volume)
[16:19:25] [INFO] [orbit.actions] WheelAction 'Ses Ayarı' scrolled DOWN (mode=volume)
[16:19:25] [INFO] [orbit.actions] WheelAction 'Ses Ayarı' scrolled DOWN (mode=volume)
[16:19:25] [INFO] [orbit.actions] WheelAction 'Ses Ayarı' scrolled DOWN (mode=volume)
[16:19:25] [INFO] [orbit.actions] WheelAction 'Ses Ayarı' scrolled DOWN (mode=volume)
[16:19:26] [INFO] [orbit.actions] WheelAction 'Ses Ayarı' scrolled DOWN (mode=volume)
[16:19:26] [INFO] [orbit.actions] WheelAction 'Ses Ayarı' scrolled UP (mode=volume)
[16:19:26] [INFO] [orbit.actions] WheelAction 'Ses Ayarı' scrolled UP (mode=volume)
[16:19:26] [INFO] [orbit.actions] WheelAction 'Ses Ayarı' scrolled UP (mode=volume)
[16:19:26] [INFO] [orbit.actions] WheelAction 'Ses Ayarı' scrolled UP (mode=volume)
[16:19:26] [INFO] [orbit.actions] WheelAction 'Ses Ayarı' scrolled UP (mode=volume)
[16:19:26] [INFO] [orbit.actions] WheelAction 'Ses Ayarı' scrolled UP (mode=volume)
[16:19:26] [INFO] [orbit.actions] WheelAction 'Ses Ayarı' scrolled UP (mode=volume)
[16:19:26] [INFO] [orbit.actions] WheelAction 'Ses Ayarı' scrolled UP (mode=volume)
[16:19:26] [INFO] [orbit.actions] WheelAction 'Ses Ayarı' scrolled UP (mode=volume)
[16:19:26] [INFO] [orbit.actions] WheelAction 'Ses Ayarı' scrolled UP (mode=volume)
[16:19:26] [INFO] [orbit.actions] WheelAction 'Ses Ayarı' scrolled UP (mode=volume)
[16:19:26] [INFO] [orbit.actions] WheelAction 'Ses Ayarı' scrolled UP (mode=volume)
[16:19:26] [INFO] [orbit.actions] WheelAction 'Ses Ayarı' scrolled UP (mode=volume)
[16:19:26] [INFO] [orbit.actions] WheelAction 'Ses Ayarı' scrolled UP (mode=volume)
[16:19:27] [INFO] [orbit.actions] WheelAction 'Ses Ayarı' scrolled DOWN (mode=volume)
[16:19:27] [INFO] [orbit.actions] WheelAction 'Ses Ayarı' scrolled DOWN (mode=volume)
[16:19:27] [INFO] [orbit.actions] WheelAction 'Ses Ayarı' scrolled DOWN (mode=volume)
[16:19:27] [INFO] [orbit.actions] WheelAction 'Ses Ayarı' scrolled DOWN (mode=volume)
[16:19:27] [INFO] [orbit.actions] WheelAction 'Ses Ayarı' scrolled DOWN (mode=volume)
[16:19:28] [INFO] [orbit.actions] WheelAction 'Ses Ayarı' scrolled UP (mode=volume)
[16:19:28] [INFO] [orbit.actions] WheelAction 'Ses Ayarı' scrolled UP (mode=volume)
[16:19:29] [INFO] [orbit.actions] WheelAction 'Ses Ayarı' scrolled DOWN (mode=volume)
[16:19:30] [INFO] [orbit.actions] WheelAction 'Ses Ayarı' scrolled DOWN (mode=volume)
[16:20:02] [INFO] [orbit.ui.overlay] OverlayWindow lost focus -> requesting dismiss
[16:20:07] [INFO] [orbit.platform.windows] Initialized WindowsPlatform
[16:20:07] [INFO] [orbit.platform.windows] Windows Registry autostart enabled: "C:\Users\Developer\Desktop\orbit\.venv\Scripts\python.exe" "c:/Users/Developer/Desktop/orbit/main.py"
[16:20:18] [INFO] [orbit.services.clipboard] Clipboard captured: 'HKEY_CURRENT_USER\So...'
[16:20:31] [INFO] [orbit.platform.windows] Initialized WindowsPlatform
[16:20:31] [INFO] [orbit.platform.windows] Windows Registry autostart disabled
[16:22:17] [INFO] [orbit] Initializing Orbit Radial Menu Application...
[16:22:17] [INFO] [orbit.platform.windows] Initialized WindowsPlatform
[16:22:17] [INFO] [orbit.services.profile] Loaded profile: Web Browser (8 items)
[16:22:17] [INFO] [orbit.services.profile] Loaded profile: Varsayılan (6 items)
[16:22:17] [INFO] [orbit.services.profile] Loaded profile: Excel (8 items)
[16:22:17] [INFO] [orbit.services.profile] Loaded profile: PowerPoint (8 items)
[16:22:17] [INFO] [orbit.services.profile] Loaded profile: VS Code (8 items)
[16:22:17] [INFO] [orbit.services.profile] Loaded profile: Word (8 items)
[16:22:17] [INFO] [orbit.services.profile] Active profile set to 'Varsayılan'
[16:22:17] [INFO] [orbit.services.plugin] Registered plugin 'Launcher Plugin' (v1.0.0)
[16:22:17] [INFO] [orbit.services.plugin] Registered plugin 'Media Control Plugin' (v1.0.0)
[16:22:17] [INFO] [orbit.services.plugin] Registered plugin 'Shell Command Plugin' (v1.0.0)
[16:22:17] [INFO] [orbit.hooks.hotkey] Global input listeners started (Primary: 'button5', Secondary: 'button4', Hold: True@1.0s).
[16:22:17] [INFO] [orbit.ui.system_tray] System Tray initialized.
[16:22:17] [INFO] [orbit] Orbit application running in system tray. Press Mouse 4 or Ctrl+Space to activate radial menu.
[16:22:30] [INFO] [orbit.hooks.hotkey] Hotkey triggered globally at (1397, 621)
[16:22:30] [INFO] [orbit] Hotkey triggered at (1118, 497) for active app 'antigravity ide.exe' using profile 'Varsayılan'
[16:22:30] [INFO] [orbit] Hotkey released after 0.32s
[16:22:30] [INFO] [orbit] Keeping radial menu open until click or dismiss.
[16:22:40] [INFO] [orbit.actions] WheelAction 'Ses Ayarı' scrolled UP (mode=volume)
[16:22:40] [INFO] [orbit.actions] WheelAction 'Ses Ayarı' scrolled UP (mode=volume)
[16:22:40] [INFO] [orbit.actions] WheelAction 'Ses Ayarı' scrolled UP (mode=volume)
[16:22:40] [INFO] [orbit.actions] WheelAction 'Ses Ayarı' scrolled DOWN (mode=volume)
[16:22:40] [INFO] [orbit.actions] WheelAction 'Ses Ayarı' scrolled DOWN (mode=volume)
[16:22:40] [INFO] [orbit.actions] WheelAction 'Ses Ayarı' scrolled DOWN (mode=volume)
[16:22:40] [INFO] [orbit.actions] WheelAction 'Ses Ayarı' scrolled DOWN (mode=volume)
[16:22:41] [INFO] [orbit.actions] WheelAction 'Ses Ayarı' scrolled DOWN (mode=volume)
[16:22:41] [INFO] [orbit.actions] WheelAction 'Ses Ayarı' scrolled UP (mode=volume)
[16:22:41] [INFO] [orbit.actions] WheelAction 'Ses Ayarı' scrolled UP (mode=volume)
[16:22:41] [INFO] [orbit.actions] WheelAction 'Ses Ayarı' scrolled UP (mode=volume)
[16:22:41] [INFO] [orbit.actions] WheelAction 'Ses Ayarı' scrolled UP (mode=volume)
[16:22:41] [INFO] [orbit.actions] WheelAction 'Ses Ayarı' scrolled UP (mode=volume)
[16:22:41] [INFO] [orbit.actions] WheelAction 'Ses Ayarı' scrolled UP (mode=volume)
[16:22:41] [INFO] [orbit.actions] WheelAction 'Ses Ayarı' scrolled UP (mode=volume)
[16:22:41] [INFO] [orbit.actions] WheelAction 'Ses Ayarı' scrolled DOWN (mode=volume)
[16:22:41] [INFO] [orbit.actions] WheelAction 'Ses Ayarı' scrolled DOWN (mode=volume)
[16:22:41] [INFO] [orbit.actions] WheelAction 'Ses Ayarı' scrolled DOWN (mode=volume)
[16:22:41] [INFO] [orbit.actions] WheelAction 'Ses Ayarı' scrolled DOWN (mode=volume)
[16:22:41] [INFO] [orbit.actions] WheelAction 'Ses Ayarı' scrolled DOWN (mode=volume)
[16:22:41] [INFO] [orbit.actions] WheelAction 'Ses Ayarı' scrolled DOWN (mode=volume)
[16:22:41] [INFO] [orbit.actions] WheelAction 'Ses Ayarı' scrolled DOWN (mode=volume)
[16:22:41] [INFO] [orbit.actions] WheelAction 'Ses Ayarı' scrolled DOWN (mode=volume)
[16:22:42] [INFO] [orbit.actions] WheelAction 'Ses Ayarı' scrolled DOWN (mode=volume)
[16:22:42] [INFO] [orbit.actions] WheelAction 'Ses Ayarı' scrolled DOWN (mode=volume)
[16:22:42] [INFO] [orbit.actions] WheelAction 'Ses Ayarı' scrolled DOWN (mode=volume)
[16:22:42] [INFO] [orbit.actions] WheelAction 'Ses Ayarı' scrolled UP (mode=volume)
[16:22:42] [INFO] [orbit.actions] WheelAction 'Ses Ayarı' scrolled UP (mode=volume)
[16:22:42] [INFO] [orbit.actions] WheelAction 'Ses Ayarı' scrolled UP (mode=volume)
[16:22:42] [INFO] [orbit.actions] WheelAction 'Ses Ayarı' scrolled DOWN (mode=volume)
[16:22:42] [INFO] [orbit.actions] WheelAction 'Ses Ayarı' scrolled DOWN (mode=volume)
[16:22:42] [INFO] [orbit.actions] WheelAction 'Ses Ayarı' scrolled DOWN (mode=volume)
[16:22:42] [INFO] [orbit.actions] WheelAction 'Ses Ayarı' scrolled DOWN (mode=volume)
[16:22:42] [INFO] [orbit.actions] WheelAction 'Ses Ayarı' scrolled UP (mode=volume)
[16:22:42] [INFO] [orbit.actions] WheelAction 'Ses Ayarı' scrolled UP (mode=volume)
[16:22:42] [INFO] [orbit.actions] WheelAction 'Ses Ayarı' scrolled UP (mode=volume)
[16:22:42] [INFO] [orbit.actions] WheelAction 'Ses Ayarı' scrolled UP (mode=volume)
[16:22:42] [INFO] [orbit.actions] WheelAction 'Ses Ayarı' scrolled UP (mode=volume)
[16:22:43] [INFO] [orbit.actions] WheelAction 'Ses Ayarı' scrolled DOWN (mode=volume)
[16:22:43] [INFO] [orbit.actions] WheelAction 'Ses Ayarı' scrolled DOWN (mode=volume)
[16:22:43] [INFO] [orbit.actions] WheelAction 'Ses Ayarı' scrolled DOWN (mode=volume)
[16:22:43] [INFO] [orbit.actions] WheelAction 'Ses Ayarı' scrolled DOWN (mode=volume)
[16:22:43] [INFO] [orbit.actions] WheelAction 'Ses Ayarı' scrolled DOWN (mode=volume)
[16:22:43] [INFO] [orbit.actions] WheelAction 'Ses Ayarı' scrolled UP (mode=volume)
[16:22:43] [INFO] [orbit.actions] WheelAction 'Ses Ayarı' scrolled UP (mode=volume)
[16:22:43] [INFO] [orbit.actions] WheelAction 'Ses Ayarı' scrolled UP (mode=volume)
[16:22:43] [INFO] [orbit.actions] WheelAction 'Ses Ayarı' scrolled UP (mode=volume)
[16:22:43] [INFO] [orbit.actions] WheelAction 'Ses Ayarı' scrolled UP (mode=volume)
[16:22:43] [INFO] [orbit.actions] WheelAction 'Ses Ayarı' scrolled DOWN (mode=volume)
[16:22:43] [INFO] [orbit.actions] WheelAction 'Ses Ayarı' scrolled DOWN (mode=volume)
[16:22:43] [INFO] [orbit.actions] WheelAction 'Ses Ayarı' scrolled DOWN (mode=volume)
[16:22:43] [INFO] [orbit.actions] WheelAction 'Ses Ayarı' scrolled DOWN (mode=volume)
[16:22:43] [INFO] [orbit.actions] WheelAction 'Ses Ayarı' scrolled DOWN (mode=volume)
[16:22:43] [INFO] [orbit.actions] WheelAction 'Ses Ayarı' scrolled DOWN (mode=volume)
[16:22:43] [INFO] [orbit.actions] WheelAction 'Ses Ayarı' scrolled UP (mode=volume)
[16:22:43] [INFO] [orbit.actions] WheelAction 'Ses Ayarı' scrolled UP (mode=volume)
[16:22:43] [INFO] [orbit.actions] WheelAction 'Ses Ayarı' scrolled UP (mode=volume)
[16:22:43] [INFO] [orbit.actions] WheelAction 'Ses Ayarı' scrolled UP (mode=volume)
[16:22:43] [INFO] [orbit.actions] WheelAction 'Ses Ayarı' scrolled UP (mode=volume)
[16:22:43] [INFO] [orbit.actions] WheelAction 'Ses Ayarı' scrolled UP (mode=volume)
[16:22:43] [INFO] [orbit.actions] WheelAction 'Ses Ayarı' scrolled UP (mode=volume)
[16:22:43] [INFO] [orbit.actions] WheelAction 'Ses Ayarı' scrolled DOWN (mode=volume)
[16:22:43] [INFO] [orbit.actions] WheelAction 'Ses Ayarı' scrolled DOWN (mode=volume)
[16:22:43] [INFO] [orbit.actions] WheelAction 'Ses Ayarı' scrolled DOWN (mode=volume)
[16:22:43] [INFO] [orbit.actions] WheelAction 'Ses Ayarı' scrolled DOWN (mode=volume)
[16:22:44] [INFO] [orbit.actions] WheelAction 'Ses Ayarı' scrolled DOWN (mode=volume)
[16:22:44] [INFO] [orbit.actions] WheelAction 'Ses Ayarı' scrolled DOWN (mode=volume)
[16:22:44] [INFO] [orbit.actions] WheelAction 'Ses Ayarı' scrolled DOWN (mode=volume)
[16:22:44] [INFO] [orbit.actions] WheelAction 'Ses Ayarı' scrolled UP (mode=volume)
[16:22:44] [INFO] [orbit.actions] WheelAction 'Ses Ayarı' scrolled UP (mode=volume)
[16:22:44] [INFO] [orbit.actions] WheelAction 'Ses Ayarı' scrolled UP (mode=volume)
[16:22:44] [INFO] [orbit.actions] WheelAction 'Ses Ayarı' scrolled UP (mode=volume)
[16:22:44] [INFO] [orbit.actions] WheelAction 'Ses Ayarı' scrolled UP (mode=volume)
[16:22:44] [INFO] [orbit.actions] WheelAction 'Ses Ayarı' scrolled UP (mode=volume)
[16:22:44] [INFO] [orbit.actions] WheelAction 'Ses Ayarı' scrolled UP (mode=volume)
[16:22:44] [INFO] [orbit.actions] WheelAction 'Ses Ayarı' scrolled DOWN (mode=volume)
[16:22:44] [INFO] [orbit.actions] WheelAction 'Ses Ayarı' scrolled DOWN (mode=volume)
[16:22:44] [INFO] [orbit.actions] WheelAction 'Ses Ayarı' scrolled DOWN (mode=volume)
[16:22:44] [INFO] [orbit.actions] WheelAction 'Ses Ayarı' scrolled DOWN (mode=volume)
[16:22:44] [INFO] [orbit.actions] WheelAction 'Ses Ayarı' scrolled DOWN (mode=volume)
[16:22:44] [INFO] [orbit.actions] WheelAction 'Ses Ayarı' scrolled DOWN (mode=volume)
[16:22:44] [INFO] [orbit.actions] WheelAction 'Ses Ayarı' scrolled DOWN (mode=volume)
[16:22:44] [INFO] [orbit.actions] WheelAction 'Ses Ayarı' scrolled UP (mode=volume)
[16:22:44] [INFO] [orbit.actions] WheelAction 'Ses Ayarı' scrolled UP (mode=volume)
[16:22:44] [INFO] [orbit.actions] WheelAction 'Ses Ayarı' scrolled UP (mode=volume)
[16:22:44] [INFO] [orbit.actions] WheelAction 'Ses Ayarı' scrolled UP (mode=volume)
[16:22:44] [INFO] [orbit.actions] WheelAction 'Ses Ayarı' scrolled UP (mode=volume)
[16:22:44] [INFO] [orbit.actions] WheelAction 'Ses Ayarı' scrolled UP (mode=volume)
[16:22:44] [INFO] [orbit.actions] WheelAction 'Ses Ayarı' scrolled UP (mode=volume)
[16:22:44] [INFO] [orbit.actions] WheelAction 'Ses Ayarı' scrolled DOWN (mode=volume)
[16:22:44] [INFO] [orbit.actions] WheelAction 'Ses Ayarı' scrolled DOWN (mode=volume)
[16:22:44] [INFO] [orbit.actions] WheelAction 'Ses Ayarı' scrolled DOWN (mode=volume)
[16:22:44] [INFO] [orbit.actions] WheelAction 'Ses Ayarı' scrolled DOWN (mode=volume)
[16:22:44] [INFO] [orbit.actions] WheelAction 'Ses Ayarı' scrolled DOWN (mode=volume)
[16:22:44] [INFO] [orbit.actions] WheelAction 'Ses Ayarı' scrolled DOWN (mode=volume)
[16:22:44] [INFO] [orbit.actions] WheelAction 'Ses Ayarı' scrolled DOWN (mode=volume)
[16:22:44] [INFO] [orbit.actions] WheelAction 'Ses Ayarı' scrolled UP (mode=volume)
[16:22:44] [INFO] [orbit.actions] WheelAction 'Ses Ayarı' scrolled UP (mode=volume)
[16:22:44] [INFO] [orbit.actions] WheelAction 'Ses Ayarı' scrolled UP (mode=volume)
[16:22:44] [INFO] [orbit.actions] WheelAction 'Ses Ayarı' scrolled UP (mode=volume)
[16:22:44] [INFO] [orbit.actions] WheelAction 'Ses Ayarı' scrolled UP (mode=volume)
[16:22:44] [INFO] [orbit.actions] WheelAction 'Ses Ayarı' scrolled UP (mode=volume)
[16:22:44] [INFO] [orbit.actions] WheelAction 'Ses Ayarı' scrolled UP (mode=volume)
[16:22:45] [INFO] [orbit.actions] WheelAction 'Ses Ayarı' scrolled DOWN (mode=volume)
[16:22:45] [INFO] [orbit.actions] WheelAction 'Ses Ayarı' scrolled DOWN (mode=volume)
[16:22:45] [INFO] [orbit.actions] WheelAction 'Ses Ayarı' scrolled DOWN (mode=volume)
[16:22:45] [INFO] [orbit.actions] WheelAction 'Ses Ayarı' scrolled DOWN (mode=volume)
[16:22:45] [INFO] [orbit.actions] WheelAction 'Ses Ayarı' scrolled DOWN (mode=volume)
[16:22:45] [INFO] [orbit.actions] WheelAction 'Ses Ayarı' scrolled DOWN (mode=volume)
[16:22:45] [INFO] [orbit.actions] WheelAction 'Ses Ayarı' scrolled DOWN (mode=volume)
[16:22:45] [INFO] [orbit.actions] WheelAction 'Ses Ayarı' scrolled UP (mode=volume)
[16:22:45] [INFO] [orbit.actions] WheelAction 'Ses Ayarı' scrolled UP (mode=volume)
[16:22:45] [INFO] [orbit.actions] WheelAction 'Ses Ayarı' scrolled UP (mode=volume)
[16:22:45] [INFO] [orbit.actions] WheelAction 'Ses Ayarı' scrolled UP (mode=volume)
[16:22:45] [INFO] [orbit.actions] WheelAction 'Ses Ayarı' scrolled UP (mode=volume)
[16:22:45] [INFO] [orbit.actions] WheelAction 'Ses Ayarı' scrolled UP (mode=volume)
[16:22:45] [INFO] [orbit.actions] WheelAction 'Ses Ayarı' scrolled UP (mode=volume)
[16:22:45] [INFO] [orbit.actions] WheelAction 'Ses Ayarı' scrolled DOWN (mode=volume)
[16:22:45] [INFO] [orbit.actions] WheelAction 'Ses Ayarı' scrolled DOWN (mode=volume)
[16:22:45] [INFO] [orbit.actions] WheelAction 'Ses Ayarı' scrolled DOWN (mode=volume)
[16:22:45] [INFO] [orbit.actions] WheelAction 'Ses Ayarı' scrolled DOWN (mode=volume)
[16:22:45] [INFO] [orbit.actions] WheelAction 'Ses Ayarı' scrolled DOWN (mode=volume)
[16:22:45] [INFO] [orbit.actions] WheelAction 'Ses Ayarı' scrolled DOWN (mode=volume)
[16:22:45] [INFO] [orbit.actions] WheelAction 'Ses Ayarı' scrolled DOWN (mode=volume)
[16:22:45] [INFO] [orbit.actions] WheelAction 'Ses Ayarı' scrolled DOWN (mode=volume)
[16:22:45] [INFO] [orbit.actions] WheelAction 'Ses Ayarı' scrolled DOWN (mode=volume)
[16:22:46] [INFO] [orbit.actions] WheelAction 'Ses Ayarı' scrolled UP (mode=volume)
[16:22:47] [INFO] [orbit.actions] WheelAction 'Ses Ayarı' scrolled UP (mode=volume)
[16:22:48] [INFO] [orbit.actions] WheelAction 'Ses Ayarı' scrolled UP (mode=volume)
[16:22:49] [INFO] [orbit.actions] WheelAction 'Ses Ayarı' scrolled DOWN (mode=volume)
[16:22:50] [INFO] [orbit.actions] WheelAction 'Ses Ayarı' scrolled DOWN (mode=volume)
[16:22:50] [INFO] [orbit.actions] WheelAction 'Ses Ayarı' scrolled DOWN (mode=volume)
[16:22:50] [INFO] [orbit.actions] WheelAction 'Ses Ayarı' scrolled DOWN (mode=volume)
[16:22:50] [INFO] [orbit.actions] WheelAction 'Ses Ayarı' scrolled DOWN (mode=volume)
[16:22:50] [INFO] [orbit.actions] WheelAction 'Ses Ayarı' scrolled DOWN (mode=volume)
[16:22:50] [INFO] [orbit.actions] WheelAction 'Ses Ayarı' scrolled DOWN (mode=volume)
[16:22:50] [INFO] [orbit.actions] WheelAction 'Ses Ayarı' scrolled DOWN (mode=volume)
[16:22:50] [INFO] [orbit.actions] WheelAction 'Ses Ayarı' scrolled DOWN (mode=volume)
[16:22:50] [INFO] [orbit.actions] WheelAction 'Ses Ayarı' scrolled DOWN (mode=volume)
[16:22:50] [INFO] [orbit.actions] WheelAction 'Ses Ayarı' scrolled DOWN (mode=volume)
[16:22:50] [INFO] [orbit.actions] WheelAction 'Ses Ayarı' scrolled DOWN (mode=volume)
[16:22:50] [INFO] [orbit.actions] WheelAction 'Ses Ayarı' scrolled DOWN (mode=volume)
[16:22:50] [INFO] [orbit.actions] WheelAction 'Ses Ayarı' scrolled DOWN (mode=volume)
[16:22:50] [INFO] [orbit.actions] WheelAction 'Ses Ayarı' scrolled DOWN (mode=volume)
[16:22:51] [INFO] [orbit.actions] WheelAction 'Ses Ayarı' scrolled DOWN (mode=volume)
[16:22:51] [INFO] [orbit.actions] WheelAction 'Ses Ayarı' scrolled DOWN (mode=volume)
[16:22:51] [INFO] [orbit.actions] WheelAction 'Ses Ayarı' scrolled DOWN (mode=volume)
[16:22:51] [INFO] [orbit.actions] WheelAction 'Ses Ayarı' scrolled DOWN (mode=volume)
[16:22:51] [INFO] [orbit.actions] WheelAction 'Ses Ayarı' scrolled DOWN (mode=volume)
[16:22:51] [INFO] [orbit.actions] WheelAction 'Ses Ayarı' scrolled DOWN (mode=volume)
[16:22:51] [INFO] [orbit.actions] WheelAction 'Ses Ayarı' scrolled DOWN (mode=volume)
[16:22:51] [INFO] [orbit.actions] WheelAction 'Ses Ayarı' scrolled DOWN (mode=volume)
[16:22:52] [INFO] [orbit.actions] WheelAction 'Ses Ayarı' scrolled UP (mode=volume)
[16:22:53] [INFO] [orbit.actions] WheelAction 'Ses Ayarı' scrolled UP (mode=volume)
[16:22:54] [INFO] [orbit.actions] WheelAction 'Ses Ayarı' scrolled UP (mode=volume)
[16:22:54] [INFO] [orbit.actions] WheelAction 'Ses Ayarı' scrolled UP (mode=volume)
[16:22:54] [INFO] [orbit.actions] WheelAction 'Ses Ayarı' scrolled UP (mode=volume)
[16:22:54] [INFO] [orbit.actions] WheelAction 'Ses Ayarı' scrolled UP (mode=volume)
[16:22:54] [INFO] [orbit.actions] WheelAction 'Ses Ayarı' scrolled UP (mode=volume)
[16:22:54] [INFO] [orbit.actions] WheelAction 'Ses Ayarı' scrolled UP (mode=volume)
[16:22:54] [INFO] [orbit.actions] WheelAction 'Ses Ayarı' scrolled UP (mode=volume)
[16:22:54] [INFO] [orbit.actions] WheelAction 'Ses Ayarı' scrolled UP (mode=volume)
[16:22:54] [INFO] [orbit.actions] WheelAction 'Ses Ayarı' scrolled UP (mode=volume)
[16:22:54] [INFO] [orbit.actions] WheelAction 'Ses Ayarı' scrolled UP (mode=volume)
[16:22:54] [INFO] [orbit.actions] WheelAction 'Ses Ayarı' scrolled UP (mode=volume)
[16:22:54] [INFO] [orbit.actions] WheelAction 'Ses Ayarı' scrolled UP (mode=volume)
[16:22:55] [INFO] [orbit.actions] WheelAction 'Ses Ayarı' scrolled UP (mode=volume)
[16:22:55] [INFO] [orbit.actions] WheelAction 'Ses Ayarı' scrolled UP (mode=volume)
[16:22:55] [INFO] [orbit.actions] WheelAction 'Ses Ayarı' scrolled UP (mode=volume)
[16:22:55] [INFO] [orbit.actions] WheelAction 'Ses Ayarı' scrolled UP (mode=volume)
[16:22:55] [INFO] [orbit.actions] WheelAction 'Ses Ayarı' scrolled UP (mode=volume)
[16:22:56] [INFO] [orbit.actions] WheelAction 'Ses Ayarı' scrolled UP (mode=volume)
[16:22:56] [INFO] [orbit.actions] WheelAction 'Ses Ayarı' scrolled UP (mode=volume)
[16:22:57] [INFO] [orbit.actions] WheelAction 'Ses Ayarı' scrolled UP (mode=volume)
[16:22:57] [INFO] [orbit.actions] WheelAction 'Ses Ayarı' scrolled UP (mode=volume)
[16:22:57] [INFO] [orbit.actions] WheelAction 'Ses Ayarı' scrolled UP (mode=volume)
[16:22:57] [INFO] [orbit.actions] WheelAction 'Ses Ayarı' scrolled UP (mode=volume)
[16:22:57] [INFO] [orbit.actions] WheelAction 'Ses Ayarı' scrolled UP (mode=volume)
[16:22:57] [INFO] [orbit.actions] WheelAction 'Ses Ayarı' scrolled UP (mode=volume)
[16:22:57] [INFO] [orbit.actions] WheelAction 'Ses Ayarı' scrolled UP (mode=volume)
[16:22:57] [INFO] [orbit.actions] WheelAction 'Ses Ayarı' scrolled UP (mode=volume)
[16:22:57] [INFO] [orbit.actions] WheelAction 'Ses Ayarı' scrolled UP (mode=volume)
[16:22:57] [INFO] [orbit.actions] WheelAction 'Ses Ayarı' scrolled UP (mode=volume)
[16:22:57] [INFO] [orbit.actions] WheelAction 'Ses Ayarı' scrolled UP (mode=volume)
[16:22:57] [INFO] [orbit.actions] WheelAction 'Ses Ayarı' scrolled UP (mode=volume)
[16:22:57] [INFO] [orbit.actions] WheelAction 'Ses Ayarı' scrolled UP (mode=volume)
[16:22:57] [INFO] [orbit.actions] WheelAction 'Ses Ayarı' scrolled UP (mode=volume)
[16:22:57] [INFO] [orbit.actions] WheelAction 'Ses Ayarı' scrolled UP (mode=volume)
[16:22:57] [INFO] [orbit.actions] WheelAction 'Ses Ayarı' scrolled UP (mode=volume)
[16:22:57] [INFO] [orbit.actions] WheelAction 'Ses Ayarı' scrolled UP (mode=volume)
[16:22:57] [INFO] [orbit.actions] WheelAction 'Ses Ayarı' scrolled UP (mode=volume)
[16:22:57] [INFO] [orbit.actions] WheelAction 'Ses Ayarı' scrolled UP (mode=volume)
[16:22:58] [INFO] [orbit.actions] WheelAction 'Ses Ayarı' scrolled UP (mode=volume)
[16:22:58] [INFO] [orbit.actions] WheelAction 'Ses Ayarı' scrolled UP (mode=volume)
[16:22:58] [INFO] [orbit.actions] WheelAction 'Ses Ayarı' scrolled UP (mode=volume)
[16:22:58] [INFO] [orbit.actions] WheelAction 'Ses Ayarı' scrolled UP (mode=volume)
[16:22:58] [INFO] [orbit.actions] WheelAction 'Ses Ayarı' scrolled UP (mode=volume)
[16:22:58] [INFO] [orbit.actions] WheelAction 'Ses Ayarı' scrolled UP (mode=volume)
[16:22:58] [INFO] [orbit.actions] WheelAction 'Ses Ayarı' scrolled UP (mode=volume)
[16:22:58] [INFO] [orbit.actions] WheelAction 'Ses Ayarı' scrolled UP (mode=volume)
[16:22:58] [INFO] [orbit.actions] WheelAction 'Ses Ayarı' scrolled UP (mode=volume)
[16:22:58] [INFO] [orbit.actions] WheelAction 'Ses Ayarı' scrolled UP (mode=volume)
[16:22:58] [INFO] [orbit.actions] WheelAction 'Ses Ayarı' scrolled UP (mode=volume)
[16:22:58] [INFO] [orbit.actions] WheelAction 'Ses Ayarı' scrolled UP (mode=volume)
[16:22:58] [INFO] [orbit.actions] WheelAction 'Ses Ayarı' scrolled UP (mode=volume)
[16:22:58] [INFO] [orbit.actions] WheelAction 'Ses Ayarı' scrolled UP (mode=volume)
[16:22:58] [INFO] [orbit.actions] WheelAction 'Ses Ayarı' scrolled UP (mode=volume)
[16:22:58] [INFO] [orbit.actions] WheelAction 'Ses Ayarı' scrolled UP (mode=volume)
[16:22:58] [INFO] [orbit.actions] WheelAction 'Ses Ayarı' scrolled UP (mode=volume)
[16:22:58] [INFO] [orbit.actions] WheelAction 'Ses Ayarı' scrolled UP (mode=volume)
[16:22:58] [INFO] [orbit.actions] WheelAction 'Ses Ayarı' scrolled UP (mode=volume)
[16:22:59] [INFO] [orbit.actions] WheelAction 'Ses Ayarı' scrolled UP (mode=volume)
[16:22:59] [INFO] [orbit.actions] WheelAction 'Ses Ayarı' scrolled UP (mode=volume)
[16:22:59] [INFO] [orbit.actions] WheelAction 'Ses Ayarı' scrolled UP (mode=volume)
[16:22:59] [INFO] [orbit.actions] WheelAction 'Ses Ayarı' scrolled UP (mode=volume)
[16:22:59] [INFO] [orbit.actions] WheelAction 'Ses Ayarı' scrolled UP (mode=volume)
[16:22:59] [INFO] [orbit.actions] WheelAction 'Ses Ayarı' scrolled UP (mode=volume)
[16:22:59] [INFO] [orbit.actions] WheelAction 'Ses Ayarı' scrolled DOWN (mode=volume)
[16:22:59] [INFO] [orbit.actions] WheelAction 'Ses Ayarı' scrolled DOWN (mode=volume)
[16:22:59] [INFO] [orbit.actions] WheelAction 'Ses Ayarı' scrolled DOWN (mode=volume)
[16:22:59] [INFO] [orbit.actions] WheelAction 'Ses Ayarı' scrolled DOWN (mode=volume)
[16:22:59] [INFO] [orbit.actions] WheelAction 'Ses Ayarı' scrolled DOWN (mode=volume)
[16:22:59] [INFO] [orbit.actions] WheelAction 'Ses Ayarı' scrolled DOWN (mode=volume)
[16:22:59] [INFO] [orbit.actions] WheelAction 'Ses Ayarı' scrolled DOWN (mode=volume)
[16:22:59] [INFO] [orbit.actions] WheelAction 'Ses Ayarı' scrolled DOWN (mode=volume)
[16:22:59] [INFO] [orbit.actions] WheelAction 'Ses Ayarı' scrolled DOWN (mode=volume)
[16:22:59] [INFO] [orbit.actions] WheelAction 'Ses Ayarı' scrolled DOWN (mode=volume)
[16:23:00] [INFO] [orbit.actions] WheelAction 'Ses Ayarı' scrolled DOWN (mode=volume)
[16:23:00] [INFO] [orbit.actions] WheelAction 'Ses Ayarı' scrolled DOWN (mode=volume)
[16:23:00] [INFO] [orbit.actions] WheelAction 'Ses Ayarı' scrolled DOWN (mode=volume)
[16:23:00] [INFO] [orbit.actions] WheelAction 'Ses Ayarı' scrolled DOWN (mode=volume)
[16:23:00] [INFO] [orbit.actions] WheelAction 'Ses Ayarı' scrolled DOWN (mode=volume)
[16:23:00] [INFO] [orbit.actions] WheelAction 'Ses Ayarı' scrolled DOWN (mode=volume)
[16:23:00] [INFO] [orbit.actions] WheelAction 'Ses Ayarı' scrolled DOWN (mode=volume)
[16:23:00] [INFO] [orbit.actions] WheelAction 'Ses Ayarı' scrolled DOWN (mode=volume)
[16:23:00] [INFO] [orbit.actions] WheelAction 'Ses Ayarı' scrolled DOWN (mode=volume)
[16:23:00] [INFO] [orbit.actions] WheelAction 'Ses Ayarı' scrolled DOWN (mode=volume)
[16:23:00] [INFO] [orbit.actions] WheelAction 'Ses Ayarı' scrolled DOWN (mode=volume)
[16:23:00] [INFO] [orbit.actions] WheelAction 'Ses Ayarı' scrolled DOWN (mode=volume)
[16:23:00] [INFO] [orbit.actions] WheelAction 'Ses Ayarı' scrolled UP (mode=volume)
[16:23:00] [INFO] [orbit.actions] WheelAction 'Ses Ayarı' scrolled UP (mode=volume)
[16:23:00] [INFO] [orbit.actions] WheelAction 'Ses Ayarı' scrolled UP (mode=volume)
[16:23:00] [INFO] [orbit.actions] WheelAction 'Ses Ayarı' scrolled UP (mode=volume)
[16:23:00] [INFO] [orbit.actions] WheelAction 'Ses Ayarı' scrolled UP (mode=volume)
[16:23:00] [INFO] [orbit.actions] WheelAction 'Ses Ayarı' scrolled UP (mode=volume)
[16:23:00] [INFO] [orbit.actions] WheelAction 'Ses Ayarı' scrolled UP (mode=volume)
[16:23:00] [INFO] [orbit.actions] WheelAction 'Ses Ayarı' scrolled UP (mode=volume)
[16:23:01] [INFO] [orbit.actions] WheelAction 'Ses Ayarı' scrolled UP (mode=volume)
[16:23:01] [INFO] [orbit.actions] WheelAction 'Ses Ayarı' scrolled DOWN (mode=volume)
[16:23:01] [INFO] [orbit.actions] WheelAction 'Ses Ayarı' scrolled DOWN (mode=volume)
[16:23:01] [INFO] [orbit.actions] WheelAction 'Ses Ayarı' scrolled DOWN (mode=volume)
[16:23:01] [INFO] [orbit.actions] WheelAction 'Ses Ayarı' scrolled DOWN (mode=volume)
[16:23:01] [INFO] [orbit.actions] WheelAction 'Ses Ayarı' scrolled DOWN (mode=volume)
[16:23:01] [INFO] [orbit.actions] WheelAction 'Ses Ayarı' scrolled DOWN (mode=volume)
[16:23:01] [INFO] [orbit.actions] WheelAction 'Ses Ayarı' scrolled DOWN (mode=volume)
[16:23:01] [INFO] [orbit.actions] WheelAction 'Ses Ayarı' scrolled DOWN (mode=volume)
[16:23:01] [INFO] [orbit.actions] WheelAction 'Ses Ayarı' scrolled DOWN (mode=volume)
[16:23:01] [INFO] [orbit.actions] WheelAction 'Ses Ayarı' scrolled UP (mode=volume)
[16:23:02] [INFO] [orbit.actions] WheelAction 'Ses Ayarı' scrolled UP (mode=volume)
[16:23:02] [INFO] [orbit.actions] WheelAction 'Ses Ayarı' scrolled UP (mode=volume)
[16:23:02] [INFO] [orbit.actions] WheelAction 'Ses Ayarı' scrolled UP (mode=volume)
[16:23:02] [INFO] [orbit.actions] WheelAction 'Ses Ayarı' scrolled UP (mode=volume)
[16:23:02] [INFO] [orbit.actions] WheelAction 'Ses Ayarı' scrolled UP (mode=volume)
[16:23:02] [INFO] [orbit.actions] WheelAction 'Ses Ayarı' scrolled UP (mode=volume)
[16:23:02] [INFO] [orbit.actions] WheelAction 'Ses Ayarı' scrolled UP (mode=volume)
[16:23:03] [INFO] [orbit.actions] WheelAction 'Ses Ayarı' scrolled UP (mode=volume)
[16:23:03] [INFO] [orbit.actions] WheelAction 'Ses Ayarı' scrolled UP (mode=volume)
[16:23:03] [INFO] [orbit.actions] WheelAction 'Ses Ayarı' scrolled UP (mode=volume)
[16:23:03] [INFO] [orbit.actions] WheelAction 'Ses Ayarı' scrolled UP (mode=volume)
[16:23:03] [INFO] [orbit.actions] WheelAction 'Ses Ayarı' scrolled UP (mode=volume)
[16:23:03] [INFO] [orbit.actions] WheelAction 'Ses Ayarı' scrolled UP (mode=volume)
[16:23:03] [INFO] [orbit.actions] WheelAction 'Ses Ayarı' scrolled DOWN (mode=volume)
[16:23:03] [INFO] [orbit.actions] WheelAction 'Ses Ayarı' scrolled DOWN (mode=volume)
[16:23:03] [INFO] [orbit.actions] WheelAction 'Ses Ayarı' scrolled DOWN (mode=volume)
[16:23:03] [INFO] [orbit.actions] WheelAction 'Ses Ayarı' scrolled DOWN (mode=volume)
[16:23:03] [INFO] [orbit.actions] WheelAction 'Ses Ayarı' scrolled DOWN (mode=volume)
[16:23:03] [INFO] [orbit.actions] WheelAction 'Ses Ayarı' scrolled DOWN (mode=volume)
[16:23:03] [INFO] [orbit.actions] WheelAction 'Ses Ayarı' scrolled DOWN (mode=volume)
[16:23:03] [INFO] [orbit.actions] WheelAction 'Ses Ayarı' scrolled UP (mode=volume)
[16:23:03] [INFO] [orbit.actions] WheelAction 'Ses Ayarı' scrolled UP (mode=volume)
[16:23:03] [INFO] [orbit.actions] WheelAction 'Ses Ayarı' scrolled UP (mode=volume)
[16:23:03] [INFO] [orbit.actions] WheelAction 'Ses Ayarı' scrolled UP (mode=volume)
[16:23:03] [INFO] [orbit.actions] WheelAction 'Ses Ayarı' scrolled UP (mode=volume)
[16:23:03] [INFO] [orbit.actions] WheelAction 'Ses Ayarı' scrolled UP (mode=volume)
[16:23:03] [INFO] [orbit.actions] WheelAction 'Ses Ayarı' scrolled UP (mode=volume)
[16:23:03] [INFO] [orbit.actions] WheelAction 'Ses Ayarı' scrolled UP (mode=volume)
[16:23:03] [INFO] [orbit.actions] WheelAction 'Ses Ayarı' scrolled DOWN (mode=volume)
[16:23:03] [INFO] [orbit.actions] WheelAction 'Ses Ayarı' scrolled DOWN (mode=volume)
[16:23:03] [INFO] [orbit.actions] WheelAction 'Ses Ayarı' scrolled DOWN (mode=volume)
[16:23:03] [INFO] [orbit.actions] WheelAction 'Ses Ayarı' scrolled DOWN (mode=volume)
[16:23:03] [INFO] [orbit.actions] WheelAction 'Ses Ayarı' scrolled DOWN (mode=volume)
[16:23:03] [INFO] [orbit.actions] WheelAction 'Ses Ayarı' scrolled DOWN (mode=volume)
[16:23:03] [INFO] [orbit.actions] WheelAction 'Ses Ayarı' scrolled DOWN (mode=volume)
[16:23:04] [INFO] [orbit.actions] WheelAction 'Ses Ayarı' scrolled DOWN (mode=volume)
[16:23:04] [INFO] [orbit.actions] WheelAction 'Ses Ayarı' scrolled UP (mode=volume)
[16:23:04] [INFO] [orbit.actions] WheelAction 'Ses Ayarı' scrolled UP (mode=volume)
[16:23:04] [INFO] [orbit.actions] WheelAction 'Ses Ayarı' scrolled UP (mode=volume)
[16:23:04] [INFO] [orbit.actions] WheelAction 'Ses Ayarı' scrolled UP (mode=volume)
[16:23:04] [INFO] [orbit.actions] WheelAction 'Ses Ayarı' scrolled UP (mode=volume)
[16:23:04] [INFO] [orbit.actions] WheelAction 'Ses Ayarı' scrolled UP (mode=volume)
[16:23:04] [INFO] [orbit.actions] WheelAction 'Ses Ayarı' scrolled DOWN (mode=volume)
[16:23:04] [INFO] [orbit.actions] WheelAction 'Ses Ayarı' scrolled DOWN (mode=volume)
[16:23:04] [INFO] [orbit.actions] WheelAction 'Ses Ayarı' scrolled DOWN (mode=volume)
[16:23:04] [INFO] [orbit.actions] WheelAction 'Ses Ayarı' scrolled DOWN (mode=volume)
[16:23:04] [INFO] [orbit.actions] WheelAction 'Ses Ayarı' scrolled DOWN (mode=volume)
[16:23:04] [INFO] [orbit.actions] WheelAction 'Ses Ayarı' scrolled DOWN (mode=volume)
[16:23:04] [INFO] [orbit.actions] WheelAction 'Ses Ayarı' scrolled UP (mode=volume)
[16:23:04] [INFO] [orbit.actions] WheelAction 'Ses Ayarı' scrolled UP (mode=volume)
[16:23:04] [INFO] [orbit.actions] WheelAction 'Ses Ayarı' scrolled UP (mode=volume)
[16:23:04] [INFO] [orbit.actions] WheelAction 'Ses Ayarı' scrolled UP (mode=volume)
[16:23:04] [INFO] [orbit.actions] WheelAction 'Ses Ayarı' scrolled UP (mode=volume)
[16:23:04] [INFO] [orbit.actions] WheelAction 'Ses Ayarı' scrolled UP (mode=volume)
[16:23:04] [INFO] [orbit.actions] WheelAction 'Ses Ayarı' scrolled DOWN (mode=volume)
[16:23:04] [INFO] [orbit.actions] WheelAction 'Ses Ayarı' scrolled DOWN (mode=volume)
[16:23:06] [INFO] [orbit.actions] WheelAction 'Ses Ayarı' scrolled DOWN (mode=volume)
[16:23:06] [INFO] [orbit.actions] WheelAction 'Ses Ayarı' scrolled DOWN (mode=volume)
[16:23:06] [INFO] [orbit.actions] WheelAction 'Ses Ayarı' scrolled DOWN (mode=volume)
[16:23:06] [INFO] [orbit.actions] WheelAction 'Ses Ayarı' scrolled DOWN (mode=volume)
[16:23:06] [INFO] [orbit.actions] WheelAction 'Ses Ayarı' scrolled DOWN (mode=volume)
[16:23:46] [INFO] [orbit.actions] WheelAction 'Ses Ayarı' scrolled UP (mode=volume)
[16:23:46] [INFO] [orbit.actions] WheelAction 'Ses Ayarı' scrolled UP (mode=volume)
[16:23:47] [INFO] [orbit.actions] WheelAction 'Ses Ayarı' scrolled UP (mode=volume)
[16:23:47] [INFO] [orbit.actions] WheelAction 'Ses Ayarı' scrolled UP (mode=volume)
[16:23:47] [INFO] [orbit.actions] WheelAction 'Ses Ayarı' scrolled UP (mode=volume)
[16:23:47] [INFO] [orbit.actions] WheelAction 'Ses Ayarı' scrolled UP (mode=volume)
[16:23:47] [INFO] [orbit.actions] WheelAction 'Ses Ayarı' scrolled UP (mode=volume)
[16:23:47] [INFO] [orbit.actions] WheelAction 'Ses Ayarı' scrolled UP (mode=volume)
[16:23:47] [INFO] [orbit.actions] WheelAction 'Ses Ayarı' scrolled UP (mode=volume)
[16:23:47] [INFO] [orbit.actions] WheelAction 'Ses Ayarı' scrolled UP (mode=volume)
[16:23:48] [INFO] [orbit.actions] WheelAction 'Ses Ayarı' scrolled UP (mode=volume)
[16:23:48] [INFO] [orbit.actions] WheelAction 'Ses Ayarı' scrolled UP (mode=volume)
[16:23:48] [INFO] [orbit.actions] WheelAction 'Ses Ayarı' scrolled UP (mode=volume)
[16:23:49] [INFO] [orbit.actions] WheelAction 'Ses Ayarı' scrolled UP (mode=volume)
[16:23:49] [INFO] [orbit.actions] WheelAction 'Ses Ayarı' scrolled UP (mode=volume)
[16:23:49] [INFO] [orbit.actions] WheelAction 'Ses Ayarı' scrolled UP (mode=volume)
[16:23:49] [INFO] [orbit.actions] WheelAction 'Ses Ayarı' scrolled DOWN (mode=volume)
[16:23:49] [INFO] [orbit.actions] WheelAction 'Ses Ayarı' scrolled DOWN (mode=volume)
[16:23:50] [INFO] [orbit.actions] WheelAction 'Ses Ayarı' scrolled DOWN (mode=volume)
[16:23:50] [INFO] [orbit.actions] WheelAction 'Ses Ayarı' scrolled DOWN (mode=volume)
[16:23:50] [INFO] [orbit.actions] WheelAction 'Ses Ayarı' scrolled DOWN (mode=volume)
[16:23:50] [INFO] [orbit.actions] WheelAction 'Ses Ayarı' scrolled DOWN (mode=volume)
[16:23:50] [INFO] [orbit.actions] WheelAction 'Ses Ayarı' scrolled DOWN (mode=volume)
[16:23:50] [INFO] [orbit.actions] WheelAction 'Ses Ayarı' scrolled DOWN (mode=volume)
[16:23:50] [INFO] [orbit.actions] WheelAction 'Ses Ayarı' scrolled DOWN (mode=volume)
[16:23:50] [INFO] [orbit.actions] WheelAction 'Ses Ayarı' scrolled DOWN (mode=volume)
[16:23:50] [INFO] [orbit.actions] WheelAction 'Ses Ayarı' scrolled DOWN (mode=volume)
[16:23:50] [INFO] [orbit.actions] WheelAction 'Ses Ayarı' scrolled DOWN (mode=volume)
[16:23:50] [INFO] [orbit.actions] WheelAction 'Ses Ayarı' scrolled DOWN (mode=volume)
[16:23:50] [INFO] [orbit.actions] WheelAction 'Ses Ayarı' scrolled DOWN (mode=volume)
[16:23:50] [INFO] [orbit.actions] WheelAction 'Ses Ayarı' scrolled DOWN (mode=volume)
[16:23:50] [INFO] [orbit.actions] WheelAction 'Ses Ayarı' scrolled DOWN (mode=volume)
[16:23:50] [INFO] [orbit.actions] WheelAction 'Ses Ayarı' scrolled DOWN (mode=volume)
[16:23:50] [INFO] [orbit.actions] WheelAction 'Ses Ayarı' scrolled DOWN (mode=volume)
[16:23:50] [INFO] [orbit.actions] WheelAction 'Ses Ayarı' scrolled DOWN (mode=volume)
[16:23:50] [INFO] [orbit.actions] WheelAction 'Ses Ayarı' scrolled DOWN (mode=volume)
[16:23:50] [INFO] [orbit.actions] WheelAction 'Ses Ayarı' scrolled DOWN (mode=volume)
[16:23:51] [INFO] [orbit.actions] WheelAction 'Ses Ayarı' scrolled DOWN (mode=volume)
[16:23:51] [INFO] [orbit.actions] WheelAction 'Ses Ayarı' scrolled DOWN (mode=volume)
[16:23:51] [INFO] [orbit.actions] WheelAction 'Ses Ayarı' scrolled DOWN (mode=volume)
[16:23:51] [INFO] [orbit.actions] WheelAction 'Ses Ayarı' scrolled DOWN (mode=volume)
[16:23:51] [INFO] [orbit.actions] WheelAction 'Ses Ayarı' scrolled DOWN (mode=volume)
[16:23:51] [INFO] [orbit.actions] WheelAction 'Ses Ayarı' scrolled DOWN (mode=volume)
[16:23:51] [INFO] [orbit.actions] WheelAction 'Ses Ayarı' scrolled DOWN (mode=volume)
[16:23:51] [INFO] [orbit.actions] WheelAction 'Ses Ayarı' scrolled DOWN (mode=volume)
[16:23:51] [INFO] [orbit.actions] WheelAction 'Ses Ayarı' scrolled UP (mode=volume)
[16:23:52] [INFO] [orbit.actions] WheelAction 'Ses Ayarı' scrolled UP (mode=volume)
[16:23:52] [INFO] [orbit.actions] WheelAction 'Ses Ayarı' scrolled UP (mode=volume)
[16:23:52] [INFO] [orbit.actions] WheelAction 'Ses Ayarı' scrolled UP (mode=volume)
[16:23:52] [INFO] [orbit.actions] WheelAction 'Ses Ayarı' scrolled UP (mode=volume)
[16:23:53] [INFO] [orbit.actions] WheelAction 'Ses Ayarı' scrolled UP (mode=volume)
[16:23:53] [INFO] [orbit.actions] WheelAction 'Ses Ayarı' scrolled UP (mode=volume)
[16:23:53] [INFO] [orbit.actions] WheelAction 'Ses Ayarı' scrolled UP (mode=volume)
[16:23:53] [INFO] [orbit.actions] WheelAction 'Ses Ayarı' scrolled UP (mode=volume)
[16:24:06] [INFO] [orbit.actions] WheelAction 'Ses Ayarı' scrolled UP (mode=volume)
[16:24:06] [INFO] [orbit.actions] WheelAction 'Ses Ayarı' scrolled UP (mode=volume)
[16:24:06] [INFO] [orbit.actions] WheelAction 'Ses Ayarı' scrolled UP (mode=volume)
[16:24:06] [INFO] [orbit.actions] WheelAction 'Ses Ayarı' scrolled UP (mode=volume)
[16:24:06] [INFO] [orbit.actions] WheelAction 'Ses Ayarı' scrolled UP (mode=volume)
[16:24:06] [INFO] [orbit.actions] WheelAction 'Ses Ayarı' scrolled DOWN (mode=volume)
[16:24:06] [INFO] [orbit.actions] WheelAction 'Ses Ayarı' scrolled DOWN (mode=volume)
[16:24:06] [INFO] [orbit.actions] WheelAction 'Ses Ayarı' scrolled DOWN (mode=volume)
[16:24:06] [INFO] [orbit.actions] WheelAction 'Ses Ayarı' scrolled DOWN (mode=volume)
[16:24:06] [INFO] [orbit.actions] WheelAction 'Ses Ayarı' scrolled DOWN (mode=volume)
[16:24:06] [INFO] [orbit.actions] WheelAction 'Ses Ayarı' scrolled DOWN (mode=volume)
[16:24:07] [INFO] [orbit.actions] WheelAction 'Ses Ayarı' scrolled DOWN (mode=volume)
[16:24:07] [INFO] [orbit.actions] WheelAction 'Ses Ayarı' scrolled UP (mode=volume)
[16:24:07] [INFO] [orbit.actions] WheelAction 'Ses Ayarı' scrolled UP (mode=volume)
[16:24:07] [INFO] [orbit.actions] WheelAction 'Ses Ayarı' scrolled UP (mode=volume)
[16:24:07] [INFO] [orbit.actions] WheelAction 'Ses Ayarı' scrolled UP (mode=volume)
[16:24:07] [INFO] [orbit.actions] WheelAction 'Ses Ayarı' scrolled UP (mode=volume)
[16:24:07] [INFO] [orbit.actions] WheelAction 'Ses Ayarı' scrolled DOWN (mode=volume)
[16:24:07] [INFO] [orbit.actions] WheelAction 'Ses Ayarı' scrolled DOWN (mode=volume)
[16:24:07] [INFO] [orbit.actions] WheelAction 'Ses Ayarı' scrolled DOWN (mode=volume)
[16:24:07] [INFO] [orbit.actions] WheelAction 'Ses Ayarı' scrolled DOWN (mode=volume)
[16:24:07] [INFO] [orbit.actions] WheelAction 'Ses Ayarı' scrolled DOWN (mode=volume)
[16:24:07] [INFO] [orbit.actions] WheelAction 'Ses Ayarı' scrolled UP (mode=volume)
[16:24:07] [INFO] [orbit.actions] WheelAction 'Ses Ayarı' scrolled UP (mode=volume)
[16:24:07] [INFO] [orbit.actions] WheelAction 'Ses Ayarı' scrolled UP (mode=volume)
[16:24:07] [INFO] [orbit.actions] WheelAction 'Ses Ayarı' scrolled UP (mode=volume)
[16:24:07] [INFO] [orbit.actions] WheelAction 'Ses Ayarı' scrolled UP (mode=volume)
[16:24:07] [INFO] [orbit.actions] WheelAction 'Ses Ayarı' scrolled UP (mode=volume)
[16:24:07] [INFO] [orbit.actions] WheelAction 'Ses Ayarı' scrolled UP (mode=volume)
[16:24:07] [INFO] [orbit.actions] WheelAction 'Ses Ayarı' scrolled DOWN (mode=volume)
[16:24:07] [INFO] [orbit.actions] WheelAction 'Ses Ayarı' scrolled DOWN (mode=volume)
[16:24:07] [INFO] [orbit.actions] WheelAction 'Ses Ayarı' scrolled DOWN (mode=volume)
[16:24:07] [INFO] [orbit.actions] WheelAction 'Ses Ayarı' scrolled DOWN (mode=volume)
[16:24:07] [INFO] [orbit.actions] WheelAction 'Ses Ayarı' scrolled UP (mode=volume)
[16:24:07] [INFO] [orbit.actions] WheelAction 'Ses Ayarı' scrolled UP (mode=volume)
[16:24:07] [INFO] [orbit.actions] WheelAction 'Ses Ayarı' scrolled UP (mode=volume)
[16:24:07] [INFO] [orbit.actions] WheelAction 'Ses Ayarı' scrolled UP (mode=volume)
[16:24:07] [INFO] [orbit.actions] WheelAction 'Ses Ayarı' scrolled UP (mode=volume)
[16:24:07] [INFO] [orbit.actions] WheelAction 'Ses Ayarı' scrolled UP (mode=volume)
[16:24:07] [INFO] [orbit.actions] WheelAction 'Ses Ayarı' scrolled UP (mode=volume)
[16:24:07] [INFO] [orbit.actions] WheelAction 'Ses Ayarı' scrolled UP (mode=volume)
[16:24:07] [INFO] [orbit.actions] WheelAction 'Ses Ayarı' scrolled DOWN (mode=volume)
[16:24:07] [INFO] [orbit.actions] WheelAction 'Ses Ayarı' scrolled DOWN (mode=volume)
[16:24:07] [INFO] [orbit.actions] WheelAction 'Ses Ayarı' scrolled DOWN (mode=volume)
[16:24:07] [INFO] [orbit.actions] WheelAction 'Ses Ayarı' scrolled DOWN (mode=volume)
[16:24:07] [INFO] [orbit.actions] WheelAction 'Ses Ayarı' scrolled DOWN (mode=volume)
[16:24:07] [INFO] [orbit.actions] WheelAction 'Ses Ayarı' scrolled DOWN (mode=volume)
[16:24:08] [INFO] [orbit.actions] WheelAction 'Ses Ayarı' scrolled DOWN (mode=volume)
[16:24:08] [INFO] [orbit.actions] WheelAction 'Ses Ayarı' scrolled DOWN (mode=volume)
[16:24:08] [INFO] [orbit.actions] WheelAction 'Ses Ayarı' scrolled DOWN (mode=volume)
[16:24:08] [INFO] [orbit.actions] WheelAction 'Ses Ayarı' scrolled DOWN (mode=volume)
[16:24:08] [INFO] [orbit.actions] WheelAction 'Ses Ayarı' scrolled DOWN (mode=volume)
[16:24:08] [INFO] [orbit.actions] WheelAction 'Ses Ayarı' scrolled DOWN (mode=volume)
[16:24:08] [INFO] [orbit.actions] WheelAction 'Ses Ayarı' scrolled DOWN (mode=volume)
[16:24:11] [INFO] [orbit.actions] WheelAction 'Ses Ayarı' scrolled UP (mode=volume)
[16:24:11] [INFO] [orbit.actions] WheelAction 'Ses Ayarı' scrolled UP (mode=volume)
[16:24:12] [INFO] [orbit.actions] WheelAction 'Ses Ayarı' scrolled UP (mode=volume)
[16:24:12] [INFO] [orbit.actions] WheelAction 'Ses Ayarı' scrolled UP (mode=volume)
[16:24:12] [INFO] [orbit.actions] WheelAction 'Ses Ayarı' scrolled UP (mode=volume)
[16:24:12] [INFO] [orbit.actions] WheelAction 'Ses Ayarı' scrolled UP (mode=volume)
[16:24:12] [INFO] [orbit.actions] WheelAction 'Ses Ayarı' scrolled DOWN (mode=volume)
[16:24:12] [INFO] [orbit.actions] WheelAction 'Ses Ayarı' scrolled DOWN (mode=volume)
[16:24:12] [INFO] [orbit.actions] WheelAction 'Ses Ayarı' scrolled DOWN (mode=volume)
[16:24:12] [INFO] [orbit.actions] WheelAction 'Ses Ayarı' scrolled DOWN (mode=volume)
[16:24:12] [INFO] [orbit.actions] WheelAction 'Ses Ayarı' scrolled DOWN (mode=volume)
[16:24:12] [INFO] [orbit.actions] WheelAction 'Ses Ayarı' scrolled DOWN (mode=volume)
[16:24:12] [INFO] [orbit.actions] WheelAction 'Ses Ayarı' scrolled DOWN (mode=volume)
[16:24:12] [INFO] [orbit.actions] WheelAction 'Ses Ayarı' scrolled UP (mode=volume)
[16:24:12] [INFO] [orbit.actions] WheelAction 'Ses Ayarı' scrolled UP (mode=volume)
[16:24:12] [INFO] [orbit.actions] WheelAction 'Ses Ayarı' scrolled UP (mode=volume)
[16:24:12] [INFO] [orbit.actions] WheelAction 'Ses Ayarı' scrolled UP (mode=volume)
[16:24:12] [INFO] [orbit.actions] WheelAction 'Ses Ayarı' scrolled UP (mode=volume)
[16:24:12] [INFO] [orbit.actions] WheelAction 'Ses Ayarı' scrolled UP (mode=volume)
[16:24:12] [INFO] [orbit.actions] WheelAction 'Ses Ayarı' scrolled UP (mode=volume)
[16:24:12] [INFO] [orbit.actions] WheelAction 'Ses Ayarı' scrolled DOWN (mode=volume)
[16:24:12] [INFO] [orbit.actions] WheelAction 'Ses Ayarı' scrolled DOWN (mode=volume)
[16:24:12] [INFO] [orbit.actions] WheelAction 'Ses Ayarı' scrolled DOWN (mode=volume)
[16:24:12] [INFO] [orbit.actions] WheelAction 'Ses Ayarı' scrolled DOWN (mode=volume)
[16:24:12] [INFO] [orbit.actions] WheelAction 'Ses Ayarı' scrolled DOWN (mode=volume)
[16:24:12] [INFO] [orbit.actions] WheelAction 'Ses Ayarı' scrolled UP (mode=volume)
[16:24:12] [INFO] [orbit.actions] WheelAction 'Ses Ayarı' scrolled UP (mode=volume)
[16:24:12] [INFO] [orbit.actions] WheelAction 'Ses Ayarı' scrolled UP (mode=volume)
[16:24:12] [INFO] [orbit.actions] WheelAction 'Ses Ayarı' scrolled UP (mode=volume)
[16:24:12] [INFO] [orbit.actions] WheelAction 'Ses Ayarı' scrolled UP (mode=volume)
[16:24:12] [INFO] [orbit.actions] WheelAction 'Ses Ayarı' scrolled UP (mode=volume)
[16:24:13] [INFO] [orbit.actions] WheelAction 'Ses Ayarı' scrolled DOWN (mode=volume)
[16:24:13] [INFO] [orbit.actions] WheelAction 'Ses Ayarı' scrolled DOWN (mode=volume)
[16:24:17] [INFO] [orbit.actions] WheelAction 'Ses Ayarı' scrolled UP (mode=volume)
[16:24:17] [INFO] [orbit.actions] WheelAction 'Ses Ayarı' scrolled UP (mode=volume)
[16:24:17] [INFO] [orbit.actions] WheelAction 'Ses Ayarı' scrolled UP (mode=volume)
[16:24:17] [INFO] [orbit.actions] WheelAction 'Ses Ayarı' scrolled UP (mode=volume)
[16:24:17] [INFO] [orbit.actions] WheelAction 'Ses Ayarı' scrolled UP (mode=volume)
[16:24:17] [INFO] [orbit.actions] WheelAction 'Ses Ayarı' scrolled DOWN (mode=volume)
[16:24:17] [INFO] [orbit.actions] WheelAction 'Ses Ayarı' scrolled DOWN (mode=volume)
[16:24:17] [INFO] [orbit.actions] WheelAction 'Ses Ayarı' scrolled DOWN (mode=volume)
[16:24:17] [INFO] [orbit.actions] WheelAction 'Ses Ayarı' scrolled DOWN (mode=volume)
[16:24:17] [INFO] [orbit.actions] WheelAction 'Ses Ayarı' scrolled DOWN (mode=volume)
[16:24:17] [INFO] [orbit.actions] WheelAction 'Ses Ayarı' scrolled UP (mode=volume)
[16:24:17] [INFO] [orbit.actions] WheelAction 'Ses Ayarı' scrolled UP (mode=volume)
[16:24:17] [INFO] [orbit.actions] WheelAction 'Ses Ayarı' scrolled UP (mode=volume)
[16:24:17] [INFO] [orbit.actions] WheelAction 'Ses Ayarı' scrolled UP (mode=volume)
[16:24:18] [INFO] [orbit.actions] WheelAction 'Ses Ayarı' scrolled DOWN (mode=volume)
[16:24:18] [INFO] [orbit.actions] WheelAction 'Ses Ayarı' scrolled DOWN (mode=volume)
[16:24:18] [INFO] [orbit.actions] WheelAction 'Ses Ayarı' scrolled DOWN (mode=volume)
[16:24:18] [INFO] [orbit.actions] WheelAction 'Ses Ayarı' scrolled DOWN (mode=volume)
[16:24:18] [INFO] [orbit.actions] WheelAction 'Ses Ayarı' scrolled UP (mode=volume)
[16:24:18] [INFO] [orbit.actions] WheelAction 'Ses Ayarı' scrolled UP (mode=volume)
[16:24:18] [INFO] [orbit.actions] WheelAction 'Ses Ayarı' scrolled UP (mode=volume)
[16:24:18] [INFO] [orbit.actions] WheelAction 'Ses Ayarı' scrolled UP (mode=volume)
[16:24:18] [INFO] [orbit.actions] WheelAction 'Ses Ayarı' scrolled UP (mode=volume)
[16:24:18] [INFO] [orbit.actions] WheelAction 'Ses Ayarı' scrolled UP (mode=volume)
[16:24:18] [INFO] [orbit.actions] WheelAction 'Ses Ayarı' scrolled DOWN (mode=volume)
[16:24:18] [INFO] [orbit.actions] WheelAction 'Ses Ayarı' scrolled DOWN (mode=volume)
[16:24:18] [INFO] [orbit.actions] WheelAction 'Ses Ayarı' scrolled DOWN (mode=volume)
[16:24:18] [INFO] [orbit.actions] WheelAction 'Ses Ayarı' scrolled DOWN (mode=volume)
[16:24:18] [INFO] [orbit.actions] WheelAction 'Ses Ayarı' scrolled UP (mode=volume)
[16:24:18] [INFO] [orbit.actions] WheelAction 'Ses Ayarı' scrolled UP (mode=volume)
[16:24:18] [INFO] [orbit.actions] WheelAction 'Ses Ayarı' scrolled UP (mode=volume)
[16:24:18] [INFO] [orbit.actions] WheelAction 'Ses Ayarı' scrolled UP (mode=volume)
[16:24:18] [INFO] [orbit.actions] WheelAction 'Ses Ayarı' scrolled UP (mode=volume)
[16:24:18] [INFO] [orbit.actions] WheelAction 'Ses Ayarı' scrolled UP (mode=volume)
[16:24:18] [INFO] [orbit.actions] WheelAction 'Ses Ayarı' scrolled UP (mode=volume)
[16:24:18] [INFO] [orbit.actions] WheelAction 'Ses Ayarı' scrolled DOWN (mode=volume)
[16:24:18] [INFO] [orbit.actions] WheelAction 'Ses Ayarı' scrolled DOWN (mode=volume)
[16:24:18] [INFO] [orbit.actions] WheelAction 'Ses Ayarı' scrolled DOWN (mode=volume)
[16:24:18] [INFO] [orbit.actions] WheelAction 'Ses Ayarı' scrolled DOWN (mode=volume)
[16:24:18] [INFO] [orbit.actions] WheelAction 'Ses Ayarı' scrolled DOWN (mode=volume)
[16:24:18] [INFO] [orbit.actions] WheelAction 'Ses Ayarı' scrolled UP (mode=volume)
[16:24:18] [INFO] [orbit.actions] WheelAction 'Ses Ayarı' scrolled UP (mode=volume)
[16:24:18] [INFO] [orbit.actions] WheelAction 'Ses Ayarı' scrolled UP (mode=volume)
[16:24:18] [INFO] [orbit.actions] WheelAction 'Ses Ayarı' scrolled UP (mode=volume)
[16:24:18] [INFO] [orbit.actions] WheelAction 'Ses Ayarı' scrolled UP (mode=volume)
[16:24:18] [INFO] [orbit.actions] WheelAction 'Ses Ayarı' scrolled DOWN (mode=volume)
[16:24:18] [INFO] [orbit.actions] WheelAction 'Ses Ayarı' scrolled DOWN (mode=volume)
[16:24:18] [INFO] [orbit.actions] WheelAction 'Ses Ayarı' scrolled DOWN (mode=volume)
[16:24:18] [INFO] [orbit.actions] WheelAction 'Ses Ayarı' scrolled DOWN (mode=volume)
[16:24:18] [INFO] [orbit.actions] WheelAction 'Ses Ayarı' scrolled DOWN (mode=volume)
[16:24:18] [INFO] [orbit.actions] WheelAction 'Ses Ayarı' scrolled UP (mode=volume)
[16:24:18] [INFO] [orbit.actions] WheelAction 'Ses Ayarı' scrolled UP (mode=volume)
[16:24:18] [INFO] [orbit.actions] WheelAction 'Ses Ayarı' scrolled UP (mode=volume)
[16:24:18] [INFO] [orbit.actions] WheelAction 'Ses Ayarı' scrolled UP (mode=volume)
[16:24:18] [INFO] [orbit.actions] WheelAction 'Ses Ayarı' scrolled UP (mode=volume)
[16:24:18] [INFO] [orbit.actions] WheelAction 'Ses Ayarı' scrolled UP (mode=volume)
[16:24:19] [INFO] [orbit.actions] WheelAction 'Ses Ayarı' scrolled DOWN (mode=volume)
[16:24:19] [INFO] [orbit.actions] WheelAction 'Ses Ayarı' scrolled DOWN (mode=volume)
[16:24:19] [INFO] [orbit.actions] WheelAction 'Ses Ayarı' scrolled DOWN (mode=volume)
[16:24:19] [INFO] [orbit.actions] WheelAction 'Ses Ayarı' scrolled DOWN (mode=volume)
[16:24:19] [INFO] [orbit.actions] WheelAction 'Ses Ayarı' scrolled DOWN (mode=volume)
[16:24:19] [INFO] [orbit.actions] WheelAction 'Ses Ayarı' scrolled DOWN (mode=volume)
[16:24:19] [INFO] [orbit.actions] WheelAction 'Ses Ayarı' scrolled DOWN (mode=volume)
[16:24:19] [INFO] [orbit.actions] WheelAction 'Ses Ayarı' scrolled DOWN (mode=volume)
[16:24:19] [INFO] [orbit.actions] WheelAction 'Ses Ayarı' scrolled DOWN (mode=volume)
[16:24:19] [INFO] [orbit.actions] WheelAction 'Ses Ayarı' scrolled DOWN (mode=volume)
[16:24:19] [INFO] [orbit.actions] WheelAction 'Ses Ayarı' scrolled DOWN (mode=volume)
[16:24:19] [INFO] [orbit.actions] WheelAction 'Ses Ayarı' scrolled DOWN (mode=volume)
[16:24:19] [INFO] [orbit.actions] WheelAction 'Ses Ayarı' scrolled DOWN (mode=volume)
[16:24:19] [INFO] [orbit.actions] WheelAction 'Ses Ayarı' scrolled DOWN (mode=volume)
[16:24:21] [INFO] [orbit.actions] WheelAction 'Ses Ayarı' scrolled UP (mode=volume)
[16:24:21] [INFO] [orbit.actions] WheelAction 'Ses Ayarı' scrolled UP (mode=volume)
[16:24:21] [INFO] [orbit.actions] WheelAction 'Ses Ayarı' scrolled UP (mode=volume)
[16:24:21] [INFO] [orbit.actions] WheelAction 'Ses Ayarı' scrolled UP (mode=volume)
[16:24:21] [INFO] [orbit.actions] WheelAction 'Ses Ayarı' scrolled UP (mode=volume)
[16:24:21] [INFO] [orbit.actions] WheelAction 'Ses Ayarı' scrolled UP (mode=volume)
[16:24:21] [INFO] [orbit.actions] WheelAction 'Ses Ayarı' scrolled UP (mode=volume)
[16:24:21] [INFO] [orbit.actions] WheelAction 'Ses Ayarı' scrolled DOWN (mode=volume)
[16:24:21] [INFO] [orbit.actions] WheelAction 'Ses Ayarı' scrolled DOWN (mode=volume)
[16:24:21] [INFO] [orbit.actions] WheelAction 'Ses Ayarı' scrolled DOWN (mode=volume)
[16:24:21] [INFO] [orbit.actions] WheelAction 'Ses Ayarı' scrolled DOWN (mode=volume)
[16:24:21] [INFO] [orbit.actions] WheelAction 'Ses Ayarı' scrolled DOWN (mode=volume)
[16:24:22] [INFO] [orbit.actions] WheelAction 'Ses Ayarı' scrolled DOWN (mode=volume)
[16:24:22] [INFO] [orbit.actions] WheelAction 'Ses Ayarı' scrolled DOWN (mode=volume)
[16:24:22] [INFO] [orbit.actions] WheelAction 'Ses Ayarı' scrolled DOWN (mode=volume)
[16:24:22] [INFO] [orbit.actions] WheelAction 'Ses Ayarı' scrolled DOWN (mode=volume)
[16:24:22] [INFO] [orbit.actions] WheelAction 'Ses Ayarı' scrolled DOWN (mode=volume)
[16:24:22] [INFO] [orbit.actions] WheelAction 'Ses Ayarı' scrolled DOWN (mode=volume)
[16:24:22] [INFO] [orbit.actions] WheelAction 'Ses Ayarı' scrolled DOWN (mode=volume)
[16:24:22] [INFO] [orbit.actions] WheelAction 'Ses Ayarı' scrolled DOWN (mode=volume)
[16:24:22] [INFO] [orbit.actions] WheelAction 'Ses Ayarı' scrolled DOWN (mode=volume)
[16:25:39] [INFO] [orbit] Initializing Orbit Radial Menu Application...
[16:25:39] [INFO] [orbit.platform.windows] Initialized WindowsPlatform
[16:25:39] [INFO] [orbit.services.profile] Loaded profile: Web Browser (8 items)
[16:25:39] [INFO] [orbit.services.profile] Loaded profile: Varsayılan (6 items)
[16:25:39] [INFO] [orbit.services.profile] Loaded profile: Excel (8 items)
[16:25:39] [INFO] [orbit.services.profile] Loaded profile: PowerPoint (8 items)
[16:25:39] [INFO] [orbit.services.profile] Loaded profile: VS Code (8 items)
[16:25:39] [INFO] [orbit.services.profile] Loaded profile: Word (8 items)
[16:25:39] [INFO] [orbit.services.profile] Active profile set to 'Varsayılan'
[16:25:39] [INFO] [orbit.services.plugin] Registered plugin 'Launcher Plugin' (v1.0.0)
[16:25:39] [INFO] [orbit.services.plugin] Registered plugin 'Media Control Plugin' (v1.0.0)
[16:25:39] [INFO] [orbit.services.plugin] Registered plugin 'Shell Command Plugin' (v1.0.0)
[16:25:39] [INFO] [orbit.hooks.hotkey] Global input listeners started (Primary: 'button5', Secondary: 'button4', Hold: True@1.0s).
[16:25:39] [INFO] [orbit.ui.system_tray] System Tray initialized.
[16:25:39] [INFO] [orbit] Orbit application running in system tray. Press Mouse 4 or Ctrl+Space to activate radial menu.
[16:25:41] [INFO] [orbit.hooks.hotkey] Hotkey triggered globally at (1505, 442)
[16:25:41] [INFO] [orbit] Hotkey triggered at (1204, 354) for active app 'antigravity ide.exe' using profile 'Varsayılan'
[16:25:41] [INFO] [orbit] Hotkey released after 0.24s
[16:25:41] [INFO] [orbit] Keeping radial menu open until click or dismiss.
[16:25:42] [INFO] [orbit.actions] WheelAction 'Ses Ayarı' scrolled UP (mode=volume)
[16:25:42] [INFO] [orbit.platform.windows] Initialized WindowsPlatform
[16:25:42] [INFO] [orbit.actions] WheelAction 'Ses Ayarı' scrolled UP (mode=volume)
[16:25:42] [INFO] [orbit.platform.windows] Initialized WindowsPlatform
[16:25:43] [INFO] [orbit.actions] WheelAction 'Ses Ayarı' scrolled UP (mode=volume)
[16:25:43] [INFO] [orbit.platform.windows] Initialized WindowsPlatform
[16:25:43] [INFO] [orbit.actions] WheelAction 'Ses Ayarı' scrolled UP (mode=volume)
[16:25:43] [INFO] [orbit.platform.windows] Initialized WindowsPlatform
[16:25:43] [INFO] [orbit.actions] WheelAction 'Ses Ayarı' scrolled UP (mode=volume)
[16:25:43] [INFO] [orbit.platform.windows] Initialized WindowsPlatform
[16:25:43] [INFO] [orbit.actions] WheelAction 'Ses Ayarı' scrolled UP (mode=volume)
[16:25:43] [INFO] [orbit.platform.windows] Initialized WindowsPlatform
[16:25:43] [INFO] [orbit.actions] WheelAction 'Ses Ayarı' scrolled UP (mode=volume)
[16:25:43] [INFO] [orbit.platform.windows] Initialized WindowsPlatform
[16:25:43] [INFO] [orbit.actions] WheelAction 'Ses Ayarı' scrolled UP (mode=volume)
[16:25:43] [INFO] [orbit.platform.windows] Initialized WindowsPlatform
[16:25:43] [INFO] [orbit.actions] WheelAction 'Ses Ayarı' scrolled UP (mode=volume)
[16:25:43] [INFO] [orbit.platform.windows] Initialized WindowsPlatform
[16:25:43] [INFO] [orbit.actions] WheelAction 'Ses Ayarı' scrolled UP (mode=volume)
[16:25:43] [INFO] [orbit.platform.windows] Initialized WindowsPlatform
[16:25:43] [INFO] [orbit.actions] WheelAction 'Ses Ayarı' scrolled DOWN (mode=volume)
[16:25:43] [INFO] [orbit.platform.windows] Initialized WindowsPlatform
[16:25:43] [INFO] [orbit.actions] WheelAction 'Ses Ayarı' scrolled DOWN (mode=volume)
[16:25:43] [INFO] [orbit.platform.windows] Initialized WindowsPlatform
[16:25:43] [INFO] [orbit.actions] WheelAction 'Ses Ayarı' scrolled DOWN (mode=volume)
[16:25:43] [INFO] [orbit.platform.windows] Initialized WindowsPlatform
[16:25:43] [INFO] [orbit.actions] WheelAction 'Ses Ayarı' scrolled DOWN (mode=volume)
[16:25:43] [INFO] [orbit.platform.windows] Initialized WindowsPlatform
[16:25:43] [INFO] [orbit.actions] WheelAction 'Ses Ayarı' scrolled DOWN (mode=volume)
[16:25:43] [INFO] [orbit.platform.windows] Initialized WindowsPlatform
[16:25:43] [INFO] [orbit.actions] WheelAction 'Ses Ayarı' scrolled DOWN (mode=volume)
[16:25:43] [INFO] [orbit.platform.windows] Initialized WindowsPlatform
[16:25:43] [INFO] [orbit.actions] WheelAction 'Ses Ayarı' scrolled DOWN (mode=volume)
[16:25:43] [INFO] [orbit.platform.windows] Initialized WindowsPlatform
[16:25:43] [INFO] [orbit.actions] WheelAction 'Ses Ayarı' scrolled DOWN (mode=volume)
[16:25:43] [INFO] [orbit.platform.windows] Initialized WindowsPlatform
[16:25:43] [INFO] [orbit.actions] WheelAction 'Ses Ayarı' scrolled DOWN (mode=volume)
[16:25:43] [INFO] [orbit.platform.windows] Initialized WindowsPlatform
[16:25:43] [INFO] [orbit.actions] WheelAction 'Ses Ayarı' scrolled DOWN (mode=volume)
[16:25:43] [INFO] [orbit.platform.windows] Initialized WindowsPlatform
[16:25:43] [INFO] [orbit.actions] WheelAction 'Ses Ayarı' scrolled DOWN (mode=volume)
[16:25:43] [INFO] [orbit.platform.windows] Initialized WindowsPlatform
[16:25:44] [INFO] [orbit.actions] WheelAction 'Ses Ayarı' scrolled DOWN (mode=volume)
[16:25:44] [INFO] [orbit.platform.windows] Initialized WindowsPlatform
[16:25:44] [INFO] [orbit.actions] WheelAction 'Ses Ayarı' scrolled DOWN (mode=volume)
[16:25:44] [INFO] [orbit.platform.windows] Initialized WindowsPlatform
[16:25:44] [INFO] [orbit.actions] WheelAction 'Ses Ayarı' scrolled DOWN (mode=volume)
[16:25:44] [INFO] [orbit.platform.windows] Initialized WindowsPlatform
[16:25:44] [INFO] [orbit.actions] WheelAction 'Ses Ayarı' scrolled DOWN (mode=volume)
[16:25:44] [INFO] [orbit.platform.windows] Initialized WindowsPlatform
[16:25:44] [INFO] [orbit.actions] WheelAction 'Ses Ayarı' scrolled DOWN (mode=volume)
[16:25:44] [INFO] [orbit.platform.windows] Initialized WindowsPlatform
[16:25:44] [INFO] [orbit.actions] WheelAction 'Ses Ayarı' scrolled DOWN (mode=volume)
[16:25:44] [INFO] [orbit.platform.windows] Initialized WindowsPlatform
[16:25:44] [INFO] [orbit.actions] WheelAction 'Ses Ayarı' scrolled DOWN (mode=volume)
[16:25:44] [INFO] [orbit.platform.windows] Initialized WindowsPlatform
[16:25:44] [INFO] [orbit.actions] WheelAction 'Ses Ayarı' scrolled DOWN (mode=volume)
[16:25:44] [INFO] [orbit.platform.windows] Initialized WindowsPlatform
[16:25:44] [INFO] [orbit.actions] WheelAction 'Ses Ayarı' scrolled DOWN (mode=volume)
[16:25:44] [INFO] [orbit.platform.windows] Initialized WindowsPlatform
[16:25:44] [INFO] [orbit.actions] WheelAction 'Ses Ayarı' scrolled UP (mode=volume)
[16:25:44] [INFO] [orbit.platform.windows] Initialized WindowsPlatform
[16:25:44] [INFO] [orbit.actions] WheelAction 'Ses Ayarı' scrolled UP (mode=volume)
[16:25:44] [INFO] [orbit.platform.windows] Initialized WindowsPlatform
[16:25:44] [INFO] [orbit.actions] WheelAction 'Ses Ayarı' scrolled UP (mode=volume)
[16:25:44] [INFO] [orbit.platform.windows] Initialized WindowsPlatform
[16:25:44] [INFO] [orbit.actions] WheelAction 'Ses Ayarı' scrolled UP (mode=volume)
[16:25:44] [INFO] [orbit.platform.windows] Initialized WindowsPlatform
[16:25:44] [INFO] [orbit.actions] WheelAction 'Ses Ayarı' scrolled UP (mode=volume)
[16:25:44] [INFO] [orbit.platform.windows] Initialized WindowsPlatform
[16:25:44] [INFO] [orbit.actions] WheelAction 'Ses Ayarı' scrolled UP (mode=volume)
[16:25:44] [INFO] [orbit.platform.windows] Initialized WindowsPlatform
[16:25:44] [INFO] [orbit.actions] WheelAction 'Ses Ayarı' scrolled UP (mode=volume)
[16:25:44] [INFO] [orbit.platform.windows] Initialized WindowsPlatform
[16:25:44] [INFO] [orbit.actions] WheelAction 'Ses Ayarı' scrolled UP (mode=volume)
[16:25:44] [INFO] [orbit.platform.windows] Initialized WindowsPlatform
[16:25:45] [INFO] [orbit.actions] WheelAction 'Ses Ayarı' scrolled UP (mode=volume)
[16:25:45] [INFO] [orbit.platform.windows] Initialized WindowsPlatform
[16:25:45] [INFO] [orbit.actions] WheelAction 'Ses Ayarı' scrolled UP (mode=volume)
[16:25:45] [INFO] [orbit.platform.windows] Initialized WindowsPlatform
[16:25:45] [INFO] [orbit.actions] WheelAction 'Ses Ayarı' scrolled UP (mode=volume)
[16:25:45] [INFO] [orbit.platform.windows] Initialized WindowsPlatform
[16:25:45] [INFO] [orbit.actions] WheelAction 'Ses Ayarı' scrolled UP (mode=volume)
[16:25:45] [INFO] [orbit.platform.windows] Initialized WindowsPlatform
[16:25:45] [INFO] [orbit.actions] WheelAction 'Ses Ayarı' scrolled UP (mode=volume)
[16:25:45] [INFO] [orbit.platform.windows] Initialized WindowsPlatform
[16:25:45] [INFO] [orbit.actions] WheelAction 'Ses Ayarı' scrolled UP (mode=volume)
[16:25:45] [INFO] [orbit.platform.windows] Initialized WindowsPlatform
[16:25:45] [INFO] [orbit.actions] WheelAction 'Ses Ayarı' scrolled UP (mode=volume)
[16:25:45] [INFO] [orbit.platform.windows] Initialized WindowsPlatform
[16:25:45] [INFO] [orbit.actions] WheelAction 'Ses Ayarı' scrolled UP (mode=volume)
[16:25:45] [INFO] [orbit.platform.windows] Initialized WindowsPlatform
[16:25:45] [INFO] [orbit.actions] WheelAction 'Ses Ayarı' scrolled UP (mode=volume)
[16:25:45] [INFO] [orbit.platform.windows] Initialized WindowsPlatform
[16:25:45] [INFO] [orbit.actions] WheelAction 'Ses Ayarı' scrolled UP (mode=volume)
[16:25:45] [INFO] [orbit.platform.windows] Initialized WindowsPlatform
[16:25:45] [INFO] [orbit.actions] WheelAction 'Ses Ayarı' scrolled UP (mode=volume)
[16:25:45] [INFO] [orbit.platform.windows] Initialized WindowsPlatform
[16:25:45] [INFO] [orbit.actions] WheelAction 'Ses Ayarı' scrolled UP (mode=volume)
[16:25:45] [INFO] [orbit.platform.windows] Initialized WindowsPlatform
[16:25:45] [INFO] [orbit.actions] WheelAction 'Ses Ayarı' scrolled UP (mode=volume)
[16:25:45] [INFO] [orbit.platform.windows] Initialized WindowsPlatform
[16:25:45] [INFO] [orbit.actions] WheelAction 'Ses Ayarı' scrolled UP (mode=volume)
[16:25:45] [INFO] [orbit.platform.windows] Initialized WindowsPlatform
[16:25:45] [INFO] [orbit.actions] WheelAction 'Ses Ayarı' scrolled UP (mode=volume)
[16:25:45] [INFO] [orbit.platform.windows] Initialized WindowsPlatform
[16:25:45] [INFO] [orbit.actions] WheelAction 'Ses Ayarı' scrolled UP (mode=volume)
[16:25:45] [INFO] [orbit.platform.windows] Initialized WindowsPlatform
[16:25:45] [INFO] [orbit.actions] WheelAction 'Ses Ayarı' scrolled UP (mode=volume)
[16:25:45] [INFO] [orbit.platform.windows] Initialized WindowsPlatform
[16:25:45] [INFO] [orbit.actions] WheelAction 'Ses Ayarı' scrolled UP (mode=volume)
[16:25:45] [INFO] [orbit.platform.windows] Initialized WindowsPlatform
[16:25:45] [INFO] [orbit.actions] WheelAction 'Ses Ayarı' scrolled UP (mode=volume)
[16:25:45] [INFO] [orbit.platform.windows] Initialized WindowsPlatform
[16:25:46] [INFO] [orbit.actions] WheelAction 'Ses Ayarı' scrolled UP (mode=volume)
[16:25:46] [INFO] [orbit.platform.windows] Initialized WindowsPlatform
[16:25:46] [INFO] [orbit.actions] WheelAction 'Ses Ayarı' scrolled UP (mode=volume)
[16:25:46] [INFO] [orbit.platform.windows] Initialized WindowsPlatform
[16:25:46] [INFO] [orbit.actions] WheelAction 'Ses Ayarı' scrolled UP (mode=volume)
[16:25:46] [INFO] [orbit.platform.windows] Initialized WindowsPlatform
[16:25:46] [INFO] [orbit.actions] WheelAction 'Ses Ayarı' scrolled UP (mode=volume)
[16:25:46] [INFO] [orbit.platform.windows] Initialized WindowsPlatform
[16:25:46] [INFO] [orbit.actions] WheelAction 'Ses Ayarı' scrolled UP (mode=volume)
[16:25:46] [INFO] [orbit.platform.windows] Initialized WindowsPlatform
[16:25:46] [INFO] [orbit.actions] WheelAction 'Ses Ayarı' scrolled UP (mode=volume)
[16:25:46] [INFO] [orbit.platform.windows] Initialized WindowsPlatform
[16:25:46] [INFO] [orbit.actions] WheelAction 'Ses Ayarı' scrolled UP (mode=volume)
[16:25:46] [INFO] [orbit.platform.windows] Initialized WindowsPlatform
[16:25:46] [INFO] [orbit.actions] WheelAction 'Ses Ayarı' scrolled UP (mode=volume)
[16:25:46] [INFO] [orbit.platform.windows] Initialized WindowsPlatform
[16:25:46] [INFO] [orbit.actions] WheelAction 'Ses Ayarı' scrolled UP (mode=volume)
[16:25:46] [INFO] [orbit.platform.windows] Initialized WindowsPlatform
[16:25:46] [INFO] [orbit.actions] WheelAction 'Ses Ayarı' scrolled UP (mode=volume)
[16:25:46] [INFO] [orbit.platform.windows] Initialized WindowsPlatform
[16:25:46] [INFO] [orbit.actions] WheelAction 'Ses Ayarı' scrolled UP (mode=volume)
[16:25:46] [INFO] [orbit.platform.windows] Initialized WindowsPlatform
[16:25:46] [INFO] [orbit.actions] WheelAction 'Ses Ayarı' scrolled UP (mode=volume)
[16:25:46] [INFO] [orbit.platform.windows] Initialized WindowsPlatform
[16:25:46] [INFO] [orbit.actions] WheelAction 'Ses Ayarı' scrolled UP (mode=volume)
[16:25:46] [INFO] [orbit.platform.windows] Initialized WindowsPlatform
[16:25:46] [INFO] [orbit.actions] WheelAction 'Ses Ayarı' scrolled UP (mode=volume)
[16:25:46] [INFO] [orbit.platform.windows] Initialized WindowsPlatform
[16:25:46] [INFO] [orbit.actions] WheelAction 'Ses Ayarı' scrolled UP (mode=volume)
[16:25:46] [INFO] [orbit.platform.windows] Initialized WindowsPlatform
[16:25:46] [INFO] [orbit.actions] WheelAction 'Ses Ayarı' scrolled UP (mode=volume)
[16:25:46] [INFO] [orbit.platform.windows] Initialized WindowsPlatform
[16:25:46] [INFO] [orbit.actions] WheelAction 'Ses Ayarı' scrolled UP (mode=volume)
[16:25:46] [INFO] [orbit.platform.windows] Initialized WindowsPlatform
[16:25:46] [INFO] [orbit.actions] WheelAction 'Ses Ayarı' scrolled UP (mode=volume)
[16:25:46] [INFO] [orbit.platform.windows] Initialized WindowsPlatform
[16:25:46] [INFO] [orbit.actions] WheelAction 'Ses Ayarı' scrolled UP (mode=volume)
[16:25:46] [INFO] [orbit.platform.windows] Initialized WindowsPlatform
[16:25:46] [INFO] [orbit.actions] WheelAction 'Ses Ayarı' scrolled UP (mode=volume)
[16:25:46] [INFO] [orbit.platform.windows] Initialized WindowsPlatform
[16:25:46] [INFO] [orbit.actions] WheelAction 'Ses Ayarı' scrolled UP (mode=volume)
[16:25:46] [INFO] [orbit.platform.windows] Initialized WindowsPlatform
[16:25:46] [INFO] [orbit.actions] WheelAction 'Ses Ayarı' scrolled UP (mode=volume)
[16:25:46] [INFO] [orbit.platform.windows] Initialized WindowsPlatform
[16:25:46] [INFO] [orbit.actions] WheelAction 'Ses Ayarı' scrolled UP (mode=volume)
[16:25:46] [INFO] [orbit.platform.windows] Initialized WindowsPlatform
[16:25:46] [INFO] [orbit.actions] WheelAction 'Ses Ayarı' scrolled UP (mode=volume)
[16:25:46] [INFO] [orbit.platform.windows] Initialized WindowsPlatform
[16:25:47] [INFO] [orbit.actions] WheelAction 'Ses Ayarı' scrolled UP (mode=volume)
[16:25:47] [INFO] [orbit.platform.windows] Initialized WindowsPlatform
[16:25:47] [INFO] [orbit.actions] WheelAction 'Ses Ayarı' scrolled UP (mode=volume)
[16:25:47] [INFO] [orbit.platform.windows] Initialized WindowsPlatform
[16:25:47] [INFO] [orbit.actions] WheelAction 'Ses Ayarı' scrolled UP (mode=volume)
[16:25:47] [INFO] [orbit.platform.windows] Initialized WindowsPlatform
[16:25:47] [INFO] [orbit.actions] WheelAction 'Ses Ayarı' scrolled UP (mode=volume)
[16:25:47] [INFO] [orbit.platform.windows] Initialized WindowsPlatform
[16:25:47] [INFO] [orbit.actions] WheelAction 'Ses Ayarı' scrolled UP (mode=volume)
[16:25:47] [INFO] [orbit.platform.windows] Initialized WindowsPlatform
[16:25:47] [INFO] [orbit.actions] WheelAction 'Ses Ayarı' scrolled UP (mode=volume)
[16:25:47] [INFO] [orbit.platform.windows] Initialized WindowsPlatform
[16:25:47] [INFO] [orbit.actions] WheelAction 'Ses Ayarı' scrolled DOWN (mode=volume)
[16:25:47] [INFO] [orbit.platform.windows] Initialized WindowsPlatform
[16:25:47] [INFO] [orbit.actions] WheelAction 'Ses Ayarı' scrolled DOWN (mode=volume)
[16:25:47] [INFO] [orbit.platform.windows] Initialized WindowsPlatform
[16:25:47] [INFO] [orbit.actions] WheelAction 'Ses Ayarı' scrolled DOWN (mode=volume)
[16:25:47] [INFO] [orbit.platform.windows] Initialized WindowsPlatform
[16:25:47] [INFO] [orbit.actions] WheelAction 'Ses Ayarı' scrolled DOWN (mode=volume)
[16:25:47] [INFO] [orbit.platform.windows] Initialized WindowsPlatform
[16:25:47] [INFO] [orbit.actions] WheelAction 'Ses Ayarı' scrolled DOWN (mode=volume)
[16:25:47] [INFO] [orbit.platform.windows] Initialized WindowsPlatform
[16:25:47] [INFO] [orbit.actions] WheelAction 'Ses Ayarı' scrolled DOWN (mode=volume)
[16:25:47] [INFO] [orbit.platform.windows] Initialized WindowsPlatform
[16:25:47] [INFO] [orbit.actions] WheelAction 'Ses Ayarı' scrolled DOWN (mode=volume)
[16:25:47] [INFO] [orbit.platform.windows] Initialized WindowsPlatform
[16:25:47] [INFO] [orbit.actions] WheelAction 'Ses Ayarı' scrolled DOWN (mode=volume)
[16:25:47] [INFO] [orbit.platform.windows] Initialized WindowsPlatform
[16:25:47] [INFO] [orbit.actions] WheelAction 'Ses Ayarı' scrolled DOWN (mode=volume)
[16:25:47] [INFO] [orbit.platform.windows] Initialized WindowsPlatform
[16:25:47] [INFO] [orbit.actions] WheelAction 'Ses Ayarı' scrolled DOWN (mode=volume)
[16:25:47] [INFO] [orbit.platform.windows] Initialized WindowsPlatform
[16:25:47] [INFO] [orbit.actions] WheelAction 'Ses Ayarı' scrolled DOWN (mode=volume)
[16:25:47] [INFO] [orbit.platform.windows] Initialized WindowsPlatform
[16:25:47] [INFO] [orbit.actions] WheelAction 'Ses Ayarı' scrolled DOWN (mode=volume)
[16:25:47] [INFO] [orbit.platform.windows] Initialized WindowsPlatform
[16:25:47] [INFO] [orbit.actions] WheelAction 'Ses Ayarı' scrolled DOWN (mode=volume)
[16:25:47] [INFO] [orbit.platform.windows] Initialized WindowsPlatform
[16:25:47] [INFO] [orbit.actions] WheelAction 'Ses Ayarı' scrolled DOWN (mode=volume)
[16:25:47] [INFO] [orbit.platform.windows] Initialized WindowsPlatform
[16:25:48] [INFO] [orbit.actions] WheelAction 'Ses Ayarı' scrolled DOWN (mode=volume)
[16:25:48] [INFO] [orbit.platform.windows] Initialized WindowsPlatform
[16:25:48] [INFO] [orbit.actions] WheelAction 'Ses Ayarı' scrolled DOWN (mode=volume)
[16:25:48] [INFO] [orbit.platform.windows] Initialized WindowsPlatform
[16:25:48] [INFO] [orbit.actions] WheelAction 'Ses Ayarı' scrolled DOWN (mode=volume)
[16:25:48] [INFO] [orbit.platform.windows] Initialized WindowsPlatform
[16:25:48] [INFO] [orbit.actions] WheelAction 'Ses Ayarı' scrolled DOWN (mode=volume)
[16:25:48] [INFO] [orbit.platform.windows] Initialized WindowsPlatform
[16:25:48] [INFO] [orbit.actions] WheelAction 'Ses Ayarı' scrolled DOWN (mode=volume)
[16:25:48] [INFO] [orbit.platform.windows] Initialized WindowsPlatform
[16:25:48] [INFO] [orbit.actions] WheelAction 'Ses Ayarı' scrolled DOWN (mode=volume)
[16:25:48] [INFO] [orbit.platform.windows] Initialized WindowsPlatform
[16:25:49] [INFO] [orbit.actions] WheelAction 'Ses Ayarı' scrolled DOWN (mode=volume)
[16:25:49] [INFO] [orbit.platform.windows] Initialized WindowsPlatform
[16:25:49] [INFO] [orbit.actions] WheelAction 'Ses Ayarı' scrolled DOWN (mode=volume)
[16:25:49] [INFO] [orbit.platform.windows] Initialized WindowsPlatform
[16:25:49] [INFO] [orbit.actions] WheelAction 'Ses Ayarı' scrolled DOWN (mode=volume)
[16:25:49] [INFO] [orbit.platform.windows] Initialized WindowsPlatform
[16:25:49] [INFO] [orbit.actions] WheelAction 'Ses Ayarı' scrolled DOWN (mode=volume)
[16:25:49] [INFO] [orbit.platform.windows] Initialized WindowsPlatform
[16:25:50] [INFO] [orbit.actions] WheelAction 'Ses Ayarı' scrolled DOWN (mode=volume)
[16:25:50] [INFO] [orbit.platform.windows] Initialized WindowsPlatform
[16:25:50] [INFO] [orbit.actions] WheelAction 'Ses Ayarı' scrolled DOWN (mode=volume)
[16:25:50] [INFO] [orbit.platform.windows] Initialized WindowsPlatform
[16:25:50] [INFO] [orbit.actions] WheelAction 'Ses Ayarı' scrolled DOWN (mode=volume)
[16:25:50] [INFO] [orbit.platform.windows] Initialized WindowsPlatform
[16:25:50] [INFO] [orbit.actions] WheelAction 'Ses Ayarı' scrolled DOWN (mode=volume)
[16:25:50] [INFO] [orbit.platform.windows] Initialized WindowsPlatform
[16:25:50] [INFO] [orbit.actions] WheelAction 'Ses Ayarı' scrolled DOWN (mode=volume)
[16:25:50] [INFO] [orbit.platform.windows] Initialized WindowsPlatform
[16:25:50] [INFO] [orbit.actions] WheelAction 'Ses Ayarı' scrolled DOWN (mode=volume)
[16:25:50] [INFO] [orbit.platform.windows] Initialized WindowsPlatform
[16:25:50] [INFO] [orbit.actions] WheelAction 'Ses Ayarı' scrolled DOWN (mode=volume)
[16:25:50] [INFO] [orbit.platform.windows] Initialized WindowsPlatform
[16:25:50] [INFO] [orbit.actions] WheelAction 'Ses Ayarı' scrolled DOWN (mode=volume)
[16:25:50] [INFO] [orbit.platform.windows] Initialized WindowsPlatform
[16:25:51] [INFO] [orbit.actions] WheelAction 'Ses Ayarı' scrolled DOWN (mode=volume)
[16:25:51] [INFO] [orbit.platform.windows] Initialized WindowsPlatform
[16:25:51] [INFO] [orbit.actions] WheelAction 'Ses Ayarı' scrolled DOWN (mode=volume)
[16:25:51] [INFO] [orbit.platform.windows] Initialized WindowsPlatform
[16:25:51] [INFO] [orbit.actions] WheelAction 'Ses Ayarı' scrolled DOWN (mode=volume)
[16:25:51] [INFO] [orbit.platform.windows] Initialized WindowsPlatform
[16:25:52] [INFO] [orbit.actions] WheelAction 'Ses Ayarı' scrolled DOWN (mode=volume)
[16:25:52] [INFO] [orbit.platform.windows] Initialized WindowsPlatform
[16:25:52] [INFO] [orbit.actions] WheelAction 'Ses Ayarı' scrolled DOWN (mode=volume)
[16:25:52] [INFO] [orbit.platform.windows] Initialized WindowsPlatform
[16:25:52] [INFO] [orbit.actions] WheelAction 'Ses Ayarı' scrolled DOWN (mode=volume)
[16:25:52] [INFO] [orbit.platform.windows] Initialized WindowsPlatform
[16:25:53] [INFO] [orbit.actions] WheelAction 'Ses Ayarı' scrolled UP (mode=volume)
[16:25:53] [INFO] [orbit.platform.windows] Initialized WindowsPlatform
[16:25:53] [INFO] [orbit.actions] WheelAction 'Ses Ayarı' scrolled UP (mode=volume)
[16:25:53] [INFO] [orbit.platform.windows] Initialized WindowsPlatform
[16:25:53] [INFO] [orbit.actions] WheelAction 'Ses Ayarı' scrolled UP (mode=volume)
[16:25:53] [INFO] [orbit.platform.windows] Initialized WindowsPlatform
[16:25:53] [INFO] [orbit.actions] WheelAction 'Ses Ayarı' scrolled UP (mode=volume)
[16:25:53] [INFO] [orbit.platform.windows] Initialized WindowsPlatform
[16:25:53] [INFO] [orbit.actions] WheelAction 'Ses Ayarı' scrolled UP (mode=volume)
[16:25:53] [INFO] [orbit.platform.windows] Initialized WindowsPlatform
[16:25:53] [INFO] [orbit.actions] WheelAction 'Ses Ayarı' scrolled UP (mode=volume)
[16:25:53] [INFO] [orbit.platform.windows] Initialized WindowsPlatform
[16:25:53] [INFO] [orbit.actions] WheelAction 'Ses Ayarı' scrolled UP (mode=volume)
[16:25:53] [INFO] [orbit.platform.windows] Initialized WindowsPlatform
[16:25:53] [INFO] [orbit.actions] WheelAction 'Ses Ayarı' scrolled UP (mode=volume)
[16:25:53] [INFO] [orbit.platform.windows] Initialized WindowsPlatform
[16:25:53] [INFO] [orbit.actions] WheelAction 'Ses Ayarı' scrolled DOWN (mode=volume)
[16:25:53] [INFO] [orbit.platform.windows] Initialized WindowsPlatform
[16:25:53] [INFO] [orbit.actions] WheelAction 'Ses Ayarı' scrolled DOWN (mode=volume)
[16:25:53] [INFO] [orbit.platform.windows] Initialized WindowsPlatform
[16:25:53] [INFO] [orbit.actions] WheelAction 'Ses Ayarı' scrolled DOWN (mode=volume)
[16:25:53] [INFO] [orbit.platform.windows] Initialized WindowsPlatform
[16:25:53] [INFO] [orbit.actions] WheelAction 'Ses Ayarı' scrolled DOWN (mode=volume)
[16:25:53] [INFO] [orbit.platform.windows] Initialized WindowsPlatform
[16:25:53] [INFO] [orbit.actions] WheelAction 'Ses Ayarı' scrolled DOWN (mode=volume)
[16:25:53] [INFO] [orbit.platform.windows] Initialized WindowsPlatform
[16:25:53] [INFO] [orbit.actions] WheelAction 'Ses Ayarı' scrolled DOWN (mode=volume)
[16:25:53] [INFO] [orbit.platform.windows] Initialized WindowsPlatform
[16:25:53] [INFO] [orbit.actions] WheelAction 'Ses Ayarı' scrolled UP (mode=volume)
[16:25:53] [INFO] [orbit.platform.windows] Initialized WindowsPlatform
[16:25:53] [INFO] [orbit.actions] WheelAction 'Ses Ayarı' scrolled UP (mode=volume)
[16:25:53] [INFO] [orbit.platform.windows] Initialized WindowsPlatform
[16:25:53] [INFO] [orbit.actions] WheelAction 'Ses Ayarı' scrolled UP (mode=volume)
[16:25:53] [INFO] [orbit.platform.windows] Initialized WindowsPlatform
[16:25:53] [INFO] [orbit.actions] WheelAction 'Ses Ayarı' scrolled UP (mode=volume)
[16:25:53] [INFO] [orbit.platform.windows] Initialized WindowsPlatform
[16:25:53] [INFO] [orbit.actions] WheelAction 'Ses Ayarı' scrolled UP (mode=volume)
[16:25:53] [INFO] [orbit.platform.windows] Initialized WindowsPlatform
[16:25:53] [INFO] [orbit.actions] WheelAction 'Ses Ayarı' scrolled DOWN (mode=volume)
[16:25:53] [INFO] [orbit.platform.windows] Initialized WindowsPlatform
[16:25:53] [INFO] [orbit.actions] WheelAction 'Ses Ayarı' scrolled DOWN (mode=volume)
[16:25:53] [INFO] [orbit.platform.windows] Initialized WindowsPlatform
[16:25:53] [INFO] [orbit.actions] WheelAction 'Ses Ayarı' scrolled DOWN (mode=volume)
[16:25:53] [INFO] [orbit.platform.windows] Initialized WindowsPlatform
[16:25:53] [INFO] [orbit.actions] WheelAction 'Ses Ayarı' scrolled DOWN (mode=volume)
[16:25:53] [INFO] [orbit.platform.windows] Initialized WindowsPlatform
[16:25:53] [INFO] [orbit.actions] WheelAction 'Ses Ayarı' scrolled UP (mode=volume)
[16:25:53] [INFO] [orbit.platform.windows] Initialized WindowsPlatform
[16:25:53] [INFO] [orbit.actions] WheelAction 'Ses Ayarı' scrolled UP (mode=volume)
[16:25:53] [INFO] [orbit.platform.windows] Initialized WindowsPlatform
[16:25:53] [INFO] [orbit.actions] WheelAction 'Ses Ayarı' scrolled UP (mode=volume)
[16:25:53] [INFO] [orbit.platform.windows] Initialized WindowsPlatform
[16:25:53] [INFO] [orbit.actions] WheelAction 'Ses Ayarı' scrolled UP (mode=volume)
[16:25:53] [INFO] [orbit.platform.windows] Initialized WindowsPlatform
[16:25:53] [INFO] [orbit.actions] WheelAction 'Ses Ayarı' scrolled DOWN (mode=volume)
[16:25:53] [INFO] [orbit.platform.windows] Initialized WindowsPlatform
[16:25:53] [INFO] [orbit.actions] WheelAction 'Ses Ayarı' scrolled DOWN (mode=volume)
[16:25:53] [INFO] [orbit.platform.windows] Initialized WindowsPlatform
[16:25:53] [INFO] [orbit.actions] WheelAction 'Ses Ayarı' scrolled DOWN (mode=volume)
[16:25:53] [INFO] [orbit.platform.windows] Initialized WindowsPlatform
[16:25:53] [INFO] [orbit.actions] WheelAction 'Ses Ayarı' scrolled DOWN (mode=volume)
[16:25:53] [INFO] [orbit.platform.windows] Initialized WindowsPlatform
[16:25:54] [INFO] [orbit.actions] WheelAction 'Ses Ayarı' scrolled UP (mode=volume)
[16:25:54] [INFO] [orbit.platform.windows] Initialized WindowsPlatform
[16:25:54] [INFO] [orbit.actions] WheelAction 'Ses Ayarı' scrolled UP (mode=volume)
[16:25:54] [INFO] [orbit.platform.windows] Initialized WindowsPlatform
[16:25:54] [INFO] [orbit.actions] WheelAction 'Ses Ayarı' scrolled UP (mode=volume)
[16:25:54] [INFO] [orbit.platform.windows] Initialized WindowsPlatform
[16:25:54] [INFO] [orbit.actions] WheelAction 'Ses Ayarı' scrolled UP (mode=volume)
[16:25:54] [INFO] [orbit.platform.windows] Initialized WindowsPlatform
[16:25:54] [INFO] [orbit.actions] WheelAction 'Ses Ayarı' scrolled UP (mode=volume)
[16:25:54] [INFO] [orbit.platform.windows] Initialized WindowsPlatform
[16:25:54] [INFO] [orbit.actions] WheelAction 'Ses Ayarı' scrolled UP (mode=volume)
[16:25:54] [INFO] [orbit.platform.windows] Initialized WindowsPlatform
[16:25:54] [INFO] [orbit.actions] WheelAction 'Ses Ayarı' scrolled UP (mode=volume)
[16:25:54] [INFO] [orbit.platform.windows] Initialized WindowsPlatform
[16:26:28] [INFO] [orbit.actions] WheelAction 'Ses Ayarı' scrolled UP (mode=volume)
[16:26:28] [INFO] [orbit.platform.windows] Initialized WindowsPlatform
[16:26:28] [INFO] [orbit.actions] WheelAction 'Ses Ayarı' scrolled UP (mode=volume)
[16:26:28] [INFO] [orbit.platform.windows] Initialized WindowsPlatform
[16:26:28] [INFO] [orbit.actions] WheelAction 'Ses Ayarı' scrolled UP (mode=volume)
[16:26:28] [INFO] [orbit.platform.windows] Initialized WindowsPlatform
[16:26:28] [INFO] [orbit.actions] WheelAction 'Ses Ayarı' scrolled UP (mode=volume)
[16:26:28] [INFO] [orbit.platform.windows] Initialized WindowsPlatform
[16:26:28] [INFO] [orbit.actions] WheelAction 'Ses Ayarı' scrolled UP (mode=volume)
[16:26:28] [INFO] [orbit.platform.windows] Initialized WindowsPlatform
[16:26:28] [INFO] [orbit.actions] WheelAction 'Ses Ayarı' scrolled UP (mode=volume)
[16:26:28] [INFO] [orbit.platform.windows] Initialized WindowsPlatform
[16:26:28] [INFO] [orbit.actions] WheelAction 'Ses Ayarı' scrolled DOWN (mode=volume)
[16:26:28] [INFO] [orbit.platform.windows] Initialized WindowsPlatform
[16:26:28] [INFO] [orbit.actions] WheelAction 'Ses Ayarı' scrolled DOWN (mode=volume)
[16:26:28] [INFO] [orbit.platform.windows] Initialized WindowsPlatform
[16:26:28] [INFO] [orbit.actions] WheelAction 'Ses Ayarı' scrolled DOWN (mode=volume)
[16:26:28] [INFO] [orbit.platform.windows] Initialized WindowsPlatform
[16:26:28] [INFO] [orbit.actions] WheelAction 'Ses Ayarı' scrolled DOWN (mode=volume)
[16:26:28] [INFO] [orbit.platform.windows] Initialized WindowsPlatform
[16:26:28] [INFO] [orbit.actions] WheelAction 'Ses Ayarı' scrolled DOWN (mode=volume)
[16:26:28] [INFO] [orbit.platform.windows] Initialized WindowsPlatform
[16:26:28] [INFO] [orbit.actions] WheelAction 'Ses Ayarı' scrolled DOWN (mode=volume)
[16:26:28] [INFO] [orbit.platform.windows] Initialized WindowsPlatform
[16:26:29] [INFO] [orbit.actions] WheelAction 'Ses Ayarı' scrolled UP (mode=volume)
[16:26:29] [INFO] [orbit.platform.windows] Initialized WindowsPlatform
[16:26:29] [INFO] [orbit.actions] WheelAction 'Ses Ayarı' scrolled UP (mode=volume)
[16:26:29] [INFO] [orbit.platform.windows] Initialized WindowsPlatform
[16:26:29] [INFO] [orbit.actions] WheelAction 'Ses Ayarı' scrolled UP (mode=volume)
[16:26:29] [INFO] [orbit.platform.windows] Initialized WindowsPlatform
[16:26:29] [INFO] [orbit.actions] WheelAction 'Ses Ayarı' scrolled UP (mode=volume)
[16:26:29] [INFO] [orbit.platform.windows] Initialized WindowsPlatform
[16:26:29] [INFO] [orbit.actions] WheelAction 'Ses Ayarı' scrolled UP (mode=volume)
[16:26:29] [INFO] [orbit.platform.windows] Initialized WindowsPlatform
[16:26:29] [INFO] [orbit.actions] WheelAction 'Ses Ayarı' scrolled UP (mode=volume)
[16:26:29] [INFO] [orbit.platform.windows] Initialized WindowsPlatform
[16:26:29] [INFO] [orbit.actions] WheelAction 'Ses Ayarı' scrolled DOWN (mode=volume)
[16:26:29] [INFO] [orbit.platform.windows] Initialized WindowsPlatform
[16:26:29] [INFO] [orbit.actions] WheelAction 'Ses Ayarı' scrolled DOWN (mode=volume)
[16:26:29] [INFO] [orbit.platform.windows] Initialized WindowsPlatform
[16:26:29] [INFO] [orbit.actions] WheelAction 'Ses Ayarı' scrolled DOWN (mode=volume)
[16:26:29] [INFO] [orbit.platform.windows] Initialized WindowsPlatform
[16:26:29] [INFO] [orbit.actions] WheelAction 'Ses Ayarı' scrolled DOWN (mode=volume)
[16:26:29] [INFO] [orbit.platform.windows] Initialized WindowsPlatform
[16:26:29] [INFO] [orbit.actions] WheelAction 'Ses Ayarı' scrolled DOWN (mode=volume)
[16:26:29] [INFO] [orbit.platform.windows] Initialized WindowsPlatform
[16:26:29] [INFO] [orbit.actions] WheelAction 'Ses Ayarı' scrolled UP (mode=volume)
[16:26:29] [INFO] [orbit.platform.windows] Initialized WindowsPlatform
[16:26:29] [INFO] [orbit.actions] WheelAction 'Ses Ayarı' scrolled UP (mode=volume)
[16:26:29] [INFO] [orbit.platform.windows] Initialized WindowsPlatform
[16:26:29] [INFO] [orbit.actions] WheelAction 'Ses Ayarı' scrolled UP (mode=volume)
[16:26:29] [INFO] [orbit.platform.windows] Initialized WindowsPlatform
[16:26:29] [INFO] [orbit.actions] WheelAction 'Ses Ayarı' scrolled UP (mode=volume)
[16:26:29] [INFO] [orbit.platform.windows] Initialized WindowsPlatform
[16:26:29] [INFO] [orbit.actions] WheelAction 'Ses Ayarı' scrolled UP (mode=volume)
[16:26:29] [INFO] [orbit.platform.windows] Initialized WindowsPlatform
[16:26:29] [INFO] [orbit.actions] WheelAction 'Ses Ayarı' scrolled UP (mode=volume)
[16:26:29] [INFO] [orbit.platform.windows] Initialized WindowsPlatform
[16:26:29] [INFO] [orbit.actions] WheelAction 'Ses Ayarı' scrolled DOWN (mode=volume)
[16:26:29] [INFO] [orbit.platform.windows] Initialized WindowsPlatform
[16:26:29] [INFO] [orbit.actions] WheelAction 'Ses Ayarı' scrolled DOWN (mode=volume)
[16:26:29] [INFO] [orbit.platform.windows] Initialized WindowsPlatform
[16:26:29] [INFO] [orbit.actions] WheelAction 'Ses Ayarı' scrolled DOWN (mode=volume)
[16:26:29] [INFO] [orbit.platform.windows] Initialized WindowsPlatform
[16:26:29] [INFO] [orbit.actions] WheelAction 'Ses Ayarı' scrolled DOWN (mode=volume)
[16:26:29] [INFO] [orbit.platform.windows] Initialized WindowsPlatform
[16:26:29] [INFO] [orbit.actions] WheelAction 'Ses Ayarı' scrolled DOWN (mode=volume)
[16:26:29] [INFO] [orbit.platform.windows] Initialized WindowsPlatform
[16:26:29] [INFO] [orbit.actions] WheelAction 'Ses Ayarı' scrolled UP (mode=volume)
[16:26:29] [INFO] [orbit.platform.windows] Initialized WindowsPlatform
[16:26:29] [INFO] [orbit.actions] WheelAction 'Ses Ayarı' scrolled UP (mode=volume)
[16:26:29] [INFO] [orbit.platform.windows] Initialized WindowsPlatform
[16:26:29] [INFO] [orbit.actions] WheelAction 'Ses Ayarı' scrolled UP (mode=volume)
[16:26:29] [INFO] [orbit.platform.windows] Initialized WindowsPlatform
[16:26:29] [INFO] [orbit.actions] WheelAction 'Ses Ayarı' scrolled UP (mode=volume)
[16:26:29] [INFO] [orbit.platform.windows] Initialized WindowsPlatform
[16:26:29] [INFO] [orbit.actions] WheelAction 'Ses Ayarı' scrolled UP (mode=volume)
[16:26:29] [INFO] [orbit.platform.windows] Initialized WindowsPlatform
[16:26:29] [INFO] [orbit.actions] WheelAction 'Ses Ayarı' scrolled UP (mode=volume)
[16:26:29] [INFO] [orbit.platform.windows] Initialized WindowsPlatform
[16:26:29] [INFO] [orbit.actions] WheelAction 'Ses Ayarı' scrolled UP (mode=volume)
[16:26:29] [INFO] [orbit.platform.windows] Initialized WindowsPlatform
[16:26:29] [INFO] [orbit.actions] WheelAction 'Ses Ayarı' scrolled DOWN (mode=volume)
[16:26:29] [INFO] [orbit.platform.windows] Initialized WindowsPlatform
[16:26:29] [INFO] [orbit.actions] WheelAction 'Ses Ayarı' scrolled DOWN (mode=volume)
[16:26:29] [INFO] [orbit.platform.windows] Initialized WindowsPlatform
[16:26:29] [INFO] [orbit.actions] WheelAction 'Ses Ayarı' scrolled DOWN (mode=volume)
[16:26:29] [INFO] [orbit.platform.windows] Initialized WindowsPlatform
[16:26:29] [INFO] [orbit.actions] WheelAction 'Ses Ayarı' scrolled DOWN (mode=volume)
[16:26:29] [INFO] [orbit.platform.windows] Initialized WindowsPlatform
[16:26:29] [INFO] [orbit.actions] WheelAction 'Ses Ayarı' scrolled DOWN (mode=volume)
[16:26:29] [INFO] [orbit.platform.windows] Initialized WindowsPlatform
[16:26:29] [INFO] [orbit.actions] WheelAction 'Ses Ayarı' scrolled UP (mode=volume)
[16:26:29] [INFO] [orbit.platform.windows] Initialized WindowsPlatform
[16:26:29] [INFO] [orbit.actions] WheelAction 'Ses Ayarı' scrolled UP (mode=volume)
[16:26:29] [INFO] [orbit.platform.windows] Initialized WindowsPlatform
[16:26:29] [INFO] [orbit.actions] WheelAction 'Ses Ayarı' scrolled UP (mode=volume)
[16:26:29] [INFO] [orbit.platform.windows] Initialized WindowsPlatform
[16:26:29] [INFO] [orbit.actions] WheelAction 'Ses Ayarı' scrolled UP (mode=volume)
[16:26:29] [INFO] [orbit.platform.windows] Initialized WindowsPlatform
[16:26:29] [INFO] [orbit.actions] WheelAction 'Ses Ayarı' scrolled UP (mode=volume)
[16:26:29] [INFO] [orbit.platform.windows] Initialized WindowsPlatform
[16:26:29] [INFO] [orbit.actions] WheelAction 'Ses Ayarı' scrolled UP (mode=volume)
[16:26:30] [INFO] [orbit.platform.windows] Initialized WindowsPlatform
[16:26:30] [INFO] [orbit.actions] WheelAction 'Ses Ayarı' scrolled DOWN (mode=volume)
[16:26:30] [INFO] [orbit.platform.windows] Initialized WindowsPlatform
[16:26:30] [INFO] [orbit.actions] WheelAction 'Ses Ayarı' scrolled DOWN (mode=volume)
[16:26:30] [INFO] [orbit.platform.windows] Initialized WindowsPlatform
[16:26:30] [INFO] [orbit.actions] WheelAction 'Ses Ayarı' scrolled DOWN (mode=volume)
[16:26:30] [INFO] [orbit.platform.windows] Initialized WindowsPlatform
[16:26:30] [INFO] [orbit.actions] WheelAction 'Ses Ayarı' scrolled DOWN (mode=volume)
[16:26:30] [INFO] [orbit.platform.windows] Initialized WindowsPlatform
[16:26:30] [INFO] [orbit.actions] WheelAction 'Ses Ayarı' scrolled DOWN (mode=volume)
[16:26:30] [INFO] [orbit.platform.windows] Initialized WindowsPlatform
[16:26:30] [INFO] [orbit.actions] WheelAction 'Ses Ayarı' scrolled DOWN (mode=volume)
[16:26:30] [INFO] [orbit.platform.windows] Initialized WindowsPlatform
[16:26:56] [INFO] [orbit] Initializing Orbit Radial Menu Application...
[16:26:56] [INFO] [orbit.platform.windows] Initialized WindowsPlatform
[16:26:56] [INFO] [orbit.services.profile] Loaded profile: Web Browser (8 items)
[16:26:56] [INFO] [orbit.services.profile] Loaded profile: Varsayılan (6 items)
[16:26:56] [INFO] [orbit.services.profile] Loaded profile: Excel (8 items)
[16:26:56] [INFO] [orbit.services.profile] Loaded profile: PowerPoint (8 items)
[16:26:56] [INFO] [orbit.services.profile] Loaded profile: VS Code (8 items)
[16:26:56] [INFO] [orbit.services.profile] Loaded profile: Word (8 items)
[16:26:56] [INFO] [orbit.services.profile] Active profile set to 'Varsayılan'
[16:26:56] [INFO] [orbit.services.plugin] Registered plugin 'Launcher Plugin' (v1.0.0)
[16:26:56] [INFO] [orbit.services.plugin] Registered plugin 'Media Control Plugin' (v1.0.0)
[16:26:56] [INFO] [orbit.services.plugin] Registered plugin 'Shell Command Plugin' (v1.0.0)
[16:26:56] [INFO] [orbit.hooks.hotkey] Global input listeners started (Primary: 'button5', Secondary: 'button4', Hold: True@1.0s).
[16:26:56] [INFO] [orbit.ui.system_tray] System Tray initialized.
[16:26:56] [INFO] [orbit] Orbit application running in system tray. Press Mouse 4 or Ctrl+Space to activate radial menu.
[16:26:57] [INFO] [orbit.hooks.hotkey] Hotkey triggered globally at (1334, 570)
[16:26:57] [INFO] [orbit] Hotkey triggered at (1067, 456) for active app 'antigravity ide.exe' using profile 'Varsayılan'
[16:26:57] [INFO] [orbit.platform.windows] Initialized WindowsPlatform
[16:26:57] [ERROR] [orbit.platform.windows] Failed to read Windows system volume: No module named 'pycaw'
[16:26:57] [INFO] [orbit] Hotkey released after 0.33s
[16:26:57] [INFO] [orbit] Keeping radial menu open until click or dismiss.
[16:26:58] [INFO] [orbit.actions] WheelAction 'Ses Ayarı' scrolled DOWN (mode=volume)
[16:26:58] [INFO] [orbit.platform.windows] Initialized WindowsPlatform
[16:26:58] [ERROR] [orbit.platform.windows] Failed to read Windows system volume: No module named 'pycaw'
[16:27:00] [INFO] [orbit.actions] WheelAction 'Ses Ayarı' scrolled UP (mode=volume)
[16:27:00] [INFO] [orbit.platform.windows] Initialized WindowsPlatform
[16:27:00] [ERROR] [orbit.platform.windows] Failed to read Windows system volume: No module named 'pycaw'
[16:27:00] [INFO] [orbit.actions] WheelAction 'Ses Ayarı' scrolled DOWN (mode=volume)
[16:27:00] [INFO] [orbit.platform.windows] Initialized WindowsPlatform
[16:27:00] [ERROR] [orbit.platform.windows] Failed to read Windows system volume: No module named 'pycaw'
[16:27:00] [INFO] [orbit.actions] WheelAction 'Ses Ayarı' scrolled DOWN (mode=volume)
[16:27:00] [INFO] [orbit.platform.windows] Initialized WindowsPlatform
[16:27:00] [ERROR] [orbit.platform.windows] Failed to read Windows system volume: No module named 'pycaw'
[16:27:00] [INFO] [orbit.actions] WheelAction 'Ses Ayarı' scrolled DOWN (mode=volume)
[16:27:00] [INFO] [orbit.platform.windows] Initialized WindowsPlatform
[16:27:00] [ERROR] [orbit.platform.windows] Failed to read Windows system volume: No module named 'pycaw'
[16:27:00] [INFO] [orbit.actions] WheelAction 'Ses Ayarı' scrolled DOWN (mode=volume)
[16:27:00] [INFO] [orbit.platform.windows] Initialized WindowsPlatform
[16:27:00] [ERROR] [orbit.platform.windows] Failed to read Windows system volume: No module named 'pycaw'
[16:27:00] [INFO] [orbit.actions] WheelAction 'Ses Ayarı' scrolled DOWN (mode=volume)
[16:27:00] [INFO] [orbit.platform.windows] Initialized WindowsPlatform
[16:27:00] [ERROR] [orbit.platform.windows] Failed to read Windows system volume: No module named 'pycaw'
[16:27:00] [INFO] [orbit.actions] WheelAction 'Ses Ayarı' scrolled DOWN (mode=volume)
[16:27:00] [INFO] [orbit.platform.windows] Initialized WindowsPlatform
[16:27:00] [ERROR] [orbit.platform.windows] Failed to read Windows system volume: No module named 'pycaw'
[16:27:00] [INFO] [orbit.actions] WheelAction 'Ses Ayarı' scrolled DOWN (mode=volume)
[16:27:00] [INFO] [orbit.platform.windows] Initialized WindowsPlatform
[16:27:00] [ERROR] [orbit.platform.windows] Failed to read Windows system volume: No module named 'pycaw'
[16:27:01] [INFO] [orbit.actions] WheelAction 'Ses Ayarı' scrolled DOWN (mode=volume)
[16:27:01] [INFO] [orbit.platform.windows] Initialized WindowsPlatform
[16:27:01] [ERROR] [orbit.platform.windows] Failed to read Windows system volume: No module named 'pycaw'
[16:27:01] [INFO] [orbit.actions] WheelAction 'Ses Ayarı' scrolled DOWN (mode=volume)
[16:27:01] [INFO] [orbit.platform.windows] Initialized WindowsPlatform
[16:27:01] [ERROR] [orbit.platform.windows] Failed to read Windows system volume: No module named 'pycaw'
[16:27:01] [INFO] [orbit.actions] WheelAction 'Ses Ayarı' scrolled DOWN (mode=volume)
[16:27:01] [INFO] [orbit.platform.windows] Initialized WindowsPlatform
[16:27:01] [ERROR] [orbit.platform.windows] Failed to read Windows system volume: No module named 'pycaw'
[16:27:01] [INFO] [orbit.actions] WheelAction 'Ses Ayarı' scrolled DOWN (mode=volume)
[16:27:01] [INFO] [orbit.platform.windows] Initialized WindowsPlatform
[16:27:01] [ERROR] [orbit.platform.windows] Failed to read Windows system volume: No module named 'pycaw'
[16:27:01] [INFO] [orbit.actions] WheelAction 'Ses Ayarı' scrolled DOWN (mode=volume)
[16:27:01] [INFO] [orbit.platform.windows] Initialized WindowsPlatform
[16:27:01] [ERROR] [orbit.platform.windows] Failed to read Windows system volume: No module named 'pycaw'
[16:27:01] [INFO] [orbit.actions] WheelAction 'Ses Ayarı' scrolled DOWN (mode=volume)
[16:27:01] [INFO] [orbit.platform.windows] Initialized WindowsPlatform
[16:27:01] [ERROR] [orbit.platform.windows] Failed to read Windows system volume: No module named 'pycaw'
[16:27:01] [INFO] [orbit.actions] WheelAction 'Ses Ayarı' scrolled DOWN (mode=volume)
[16:27:01] [INFO] [orbit.platform.windows] Initialized WindowsPlatform
[16:27:01] [ERROR] [orbit.platform.windows] Failed to read Windows system volume: No module named 'pycaw'
[16:27:01] [INFO] [orbit.actions] WheelAction 'Ses Ayarı' scrolled DOWN (mode=volume)
[16:27:01] [INFO] [orbit.platform.windows] Initialized WindowsPlatform
[16:27:01] [ERROR] [orbit.platform.windows] Failed to read Windows system volume: No module named 'pycaw'
[16:27:01] [INFO] [orbit.actions] WheelAction 'Ses Ayarı' scrolled DOWN (mode=volume)
[16:27:01] [INFO] [orbit.platform.windows] Initialized WindowsPlatform
[16:27:01] [ERROR] [orbit.platform.windows] Failed to read Windows system volume: No module named 'pycaw'
[16:27:01] [INFO] [orbit.actions] WheelAction 'Ses Ayarı' scrolled DOWN (mode=volume)
[16:27:01] [INFO] [orbit.platform.windows] Initialized WindowsPlatform
[16:27:01] [ERROR] [orbit.platform.windows] Failed to read Windows system volume: No module named 'pycaw'
[16:27:01] [INFO] [orbit.actions] WheelAction 'Ses Ayarı' scrolled DOWN (mode=volume)
[16:27:01] [INFO] [orbit.platform.windows] Initialized WindowsPlatform
[16:27:01] [ERROR] [orbit.platform.windows] Failed to read Windows system volume: No module named 'pycaw'
[16:27:01] [INFO] [orbit.actions] WheelAction 'Ses Ayarı' scrolled DOWN (mode=volume)
[16:27:01] [INFO] [orbit.platform.windows] Initialized WindowsPlatform
[16:27:01] [ERROR] [orbit.platform.windows] Failed to read Windows system volume: No module named 'pycaw'
[16:27:01] [INFO] [orbit.actions] WheelAction 'Ses Ayarı' scrolled DOWN (mode=volume)
[16:27:01] [INFO] [orbit.platform.windows] Initialized WindowsPlatform
[16:27:01] [ERROR] [orbit.platform.windows] Failed to read Windows system volume: No module named 'pycaw'
[16:27:01] [INFO] [orbit.actions] WheelAction 'Ses Ayarı' scrolled DOWN (mode=volume)
[16:27:01] [INFO] [orbit.platform.windows] Initialized WindowsPlatform
[16:27:01] [ERROR] [orbit.platform.windows] Failed to read Windows system volume: No module named 'pycaw'
[16:27:01] [INFO] [orbit.actions] WheelAction 'Ses Ayarı' scrolled DOWN (mode=volume)
[16:27:01] [INFO] [orbit.platform.windows] Initialized WindowsPlatform
[16:27:01] [ERROR] [orbit.platform.windows] Failed to read Windows system volume: No module named 'pycaw'
[16:27:01] [INFO] [orbit.actions] WheelAction 'Ses Ayarı' scrolled DOWN (mode=volume)
[16:27:01] [INFO] [orbit.platform.windows] Initialized WindowsPlatform
[16:27:01] [ERROR] [orbit.platform.windows] Failed to read Windows system volume: No module named 'pycaw'
[16:27:01] [INFO] [orbit.actions] WheelAction 'Ses Ayarı' scrolled DOWN (mode=volume)
[16:27:01] [INFO] [orbit.platform.windows] Initialized WindowsPlatform
[16:27:01] [ERROR] [orbit.platform.windows] Failed to read Windows system volume: No module named 'pycaw'
[16:27:02] [INFO] [orbit.actions] WheelAction 'Ses Ayarı' scrolled DOWN (mode=volume)
[16:27:02] [INFO] [orbit.platform.windows] Initialized WindowsPlatform
[16:27:02] [ERROR] [orbit.platform.windows] Failed to read Windows system volume: No module named 'pycaw'
[16:27:02] [INFO] [orbit.actions] WheelAction 'Ses Ayarı' scrolled DOWN (mode=volume)
[16:27:02] [INFO] [orbit.platform.windows] Initialized WindowsPlatform
[16:27:02] [ERROR] [orbit.platform.windows] Failed to read Windows system volume: No module named 'pycaw'
[16:27:02] [INFO] [orbit.actions] WheelAction 'Ses Ayarı' scrolled DOWN (mode=volume)
[16:27:02] [INFO] [orbit.platform.windows] Initialized WindowsPlatform
[16:27:02] [ERROR] [orbit.platform.windows] Failed to read Windows system volume: No module named 'pycaw'
[16:27:02] [INFO] [orbit.actions] WheelAction 'Ses Ayarı' scrolled DOWN (mode=volume)
[16:27:02] [INFO] [orbit.platform.windows] Initialized WindowsPlatform
[16:27:02] [ERROR] [orbit.platform.windows] Failed to read Windows system volume: No module named 'pycaw'
[16:27:02] [INFO] [orbit.actions] WheelAction 'Ses Ayarı' scrolled DOWN (mode=volume)
[16:27:02] [INFO] [orbit.platform.windows] Initialized WindowsPlatform
[16:27:02] [ERROR] [orbit.platform.windows] Failed to read Windows system volume: No module named 'pycaw'
[16:27:02] [INFO] [orbit.actions] WheelAction 'Ses Ayarı' scrolled DOWN (mode=volume)
[16:27:02] [INFO] [orbit.platform.windows] Initialized WindowsPlatform
[16:27:02] [ERROR] [orbit.platform.windows] Failed to read Windows system volume: No module named 'pycaw'
[16:27:02] [INFO] [orbit.actions] WheelAction 'Ses Ayarı' scrolled DOWN (mode=volume)
[16:27:02] [INFO] [orbit.platform.windows] Initialized WindowsPlatform
[16:27:02] [ERROR] [orbit.platform.windows] Failed to read Windows system volume: No module named 'pycaw'
[16:27:02] [INFO] [orbit.actions] WheelAction 'Ses Ayarı' scrolled DOWN (mode=volume)
[16:27:02] [INFO] [orbit.platform.windows] Initialized WindowsPlatform
[16:27:02] [ERROR] [orbit.platform.windows] Failed to read Windows system volume: No module named 'pycaw'
[16:27:02] [INFO] [orbit.actions] WheelAction 'Ses Ayarı' scrolled DOWN (mode=volume)
[16:27:02] [INFO] [orbit.platform.windows] Initialized WindowsPlatform
[16:27:02] [ERROR] [orbit.platform.windows] Failed to read Windows system volume: No module named 'pycaw'
[16:27:02] [INFO] [orbit.actions] WheelAction 'Ses Ayarı' scrolled DOWN (mode=volume)
[16:27:02] [INFO] [orbit.platform.windows] Initialized WindowsPlatform
[16:27:02] [ERROR] [orbit.platform.windows] Failed to read Windows system volume: No module named 'pycaw'
[16:27:02] [INFO] [orbit.actions] WheelAction 'Ses Ayarı' scrolled DOWN (mode=volume)
[16:27:02] [INFO] [orbit.platform.windows] Initialized WindowsPlatform
[16:27:02] [ERROR] [orbit.platform.windows] Failed to read Windows system volume: No module named 'pycaw'
[16:27:02] [INFO] [orbit.actions] WheelAction 'Ses Ayarı' scrolled DOWN (mode=volume)
[16:27:02] [INFO] [orbit.platform.windows] Initialized WindowsPlatform
[16:27:02] [ERROR] [orbit.platform.windows] Failed to read Windows system volume: No module named 'pycaw'
[16:27:02] [INFO] [orbit.actions] WheelAction 'Ses Ayarı' scrolled DOWN (mode=volume)
[16:27:02] [INFO] [orbit.platform.windows] Initialized WindowsPlatform
[16:27:02] [ERROR] [orbit.platform.windows] Failed to read Windows system volume: No module named 'pycaw'
[16:27:02] [INFO] [orbit.actions] WheelAction 'Ses Ayarı' scrolled DOWN (mode=volume)
[16:27:02] [INFO] [orbit.platform.windows] Initialized WindowsPlatform
[16:27:02] [ERROR] [orbit.platform.windows] Failed to read Windows system volume: No module named 'pycaw'
[16:27:02] [INFO] [orbit.actions] WheelAction 'Ses Ayarı' scrolled DOWN (mode=volume)
[16:27:02] [INFO] [orbit.platform.windows] Initialized WindowsPlatform
[16:27:02] [ERROR] [orbit.platform.windows] Failed to read Windows system volume: No module named 'pycaw'
[16:27:02] [INFO] [orbit.actions] WheelAction 'Ses Ayarı' scrolled DOWN (mode=volume)
[16:27:02] [INFO] [orbit.platform.windows] Initialized WindowsPlatform
[16:27:02] [ERROR] [orbit.platform.windows] Failed to read Windows system volume: No module named 'pycaw'
[16:27:02] [INFO] [orbit.actions] WheelAction 'Ses Ayarı' scrolled DOWN (mode=volume)
[16:27:02] [INFO] [orbit.platform.windows] Initialized WindowsPlatform
[16:27:02] [ERROR] [orbit.platform.windows] Failed to read Windows system volume: No module named 'pycaw'
[16:27:02] [INFO] [orbit.actions] WheelAction 'Ses Ayarı' scrolled DOWN (mode=volume)
[16:27:02] [INFO] [orbit.platform.windows] Initialized WindowsPlatform
[16:27:02] [ERROR] [orbit.platform.windows] Failed to read Windows system volume: No module named 'pycaw'
[16:27:02] [INFO] [orbit.actions] WheelAction 'Ses Ayarı' scrolled DOWN (mode=volume)
[16:27:02] [INFO] [orbit.platform.windows] Initialized WindowsPlatform
[16:27:02] [ERROR] [orbit.platform.windows] Failed to read Windows system volume: No module named 'pycaw'
[16:27:02] [INFO] [orbit.actions] WheelAction 'Ses Ayarı' scrolled DOWN (mode=volume)
[16:27:02] [INFO] [orbit.platform.windows] Initialized WindowsPlatform
[16:27:02] [ERROR] [orbit.platform.windows] Failed to read Windows system volume: No module named 'pycaw'
[16:27:02] [INFO] [orbit.actions] WheelAction 'Ses Ayarı' scrolled DOWN (mode=volume)
[16:27:02] [INFO] [orbit.platform.windows] Initialized WindowsPlatform
[16:27:02] [ERROR] [orbit.platform.windows] Failed to read Windows system volume: No module named 'pycaw'
[16:27:03] [INFO] [orbit.actions] WheelAction 'Ses Ayarı' scrolled DOWN (mode=volume)
[16:27:03] [INFO] [orbit.platform.windows] Initialized WindowsPlatform
[16:27:03] [ERROR] [orbit.platform.windows] Failed to read Windows system volume: No module named 'pycaw'
[16:27:03] [INFO] [orbit.actions] WheelAction 'Ses Ayarı' scrolled DOWN (mode=volume)
[16:27:03] [INFO] [orbit.platform.windows] Initialized WindowsPlatform
[16:27:03] [ERROR] [orbit.platform.windows] Failed to read Windows system volume: No module named 'pycaw'
[16:27:03] [INFO] [orbit.actions] WheelAction 'Ses Ayarı' scrolled DOWN (mode=volume)
[16:27:03] [INFO] [orbit.platform.windows] Initialized WindowsPlatform
[16:27:03] [ERROR] [orbit.platform.windows] Failed to read Windows system volume: No module named 'pycaw'
[16:27:03] [INFO] [orbit.actions] WheelAction 'Ses Ayarı' scrolled DOWN (mode=volume)
[16:27:03] [INFO] [orbit.platform.windows] Initialized WindowsPlatform
[16:27:03] [ERROR] [orbit.platform.windows] Failed to read Windows system volume: No module named 'pycaw'
[16:27:03] [INFO] [orbit.actions] WheelAction 'Ses Ayarı' scrolled DOWN (mode=volume)
[16:27:03] [INFO] [orbit.platform.windows] Initialized WindowsPlatform
[16:27:03] [ERROR] [orbit.platform.windows] Failed to read Windows system volume: No module named 'pycaw'
[16:27:03] [INFO] [orbit.actions] WheelAction 'Ses Ayarı' scrolled UP (mode=volume)
[16:27:03] [INFO] [orbit.platform.windows] Initialized WindowsPlatform
[16:27:03] [ERROR] [orbit.platform.windows] Failed to read Windows system volume: No module named 'pycaw'
[16:27:04] [INFO] [orbit.actions] WheelAction 'Ses Ayarı' scrolled UP (mode=volume)
[16:27:04] [INFO] [orbit.platform.windows] Initialized WindowsPlatform
[16:27:04] [ERROR] [orbit.platform.windows] Failed to read Windows system volume: No module named 'pycaw'
[16:27:04] [INFO] [orbit.actions] WheelAction 'Ses Ayarı' scrolled UP (mode=volume)
[16:27:04] [INFO] [orbit.platform.windows] Initialized WindowsPlatform
[16:27:04] [ERROR] [orbit.platform.windows] Failed to read Windows system volume: No module named 'pycaw'
[16:27:04] [INFO] [orbit.actions] WheelAction 'Ses Ayarı' scrolled UP (mode=volume)
[16:27:04] [INFO] [orbit.platform.windows] Initialized WindowsPlatform
[16:27:04] [ERROR] [orbit.platform.windows] Failed to read Windows system volume: No module named 'pycaw'
[16:27:04] [INFO] [orbit.actions] WheelAction 'Ses Ayarı' scrolled UP (mode=volume)
[16:27:04] [INFO] [orbit.platform.windows] Initialized WindowsPlatform
[16:27:04] [ERROR] [orbit.platform.windows] Failed to read Windows system volume: No module named 'pycaw'
[16:27:04] [INFO] [orbit.actions] WheelAction 'Ses Ayarı' scrolled UP (mode=volume)
[16:27:04] [INFO] [orbit.platform.windows] Initialized WindowsPlatform
[16:27:04] [ERROR] [orbit.platform.windows] Failed to read Windows system volume: No module named 'pycaw'
[16:27:04] [INFO] [orbit.actions] WheelAction 'Ses Ayarı' scrolled UP (mode=volume)
[16:27:04] [INFO] [orbit.platform.windows] Initialized WindowsPlatform
[16:27:04] [ERROR] [orbit.platform.windows] Failed to read Windows system volume: No module named 'pycaw'
[16:27:04] [INFO] [orbit.actions] WheelAction 'Ses Ayarı' scrolled UP (mode=volume)
[16:27:04] [INFO] [orbit.platform.windows] Initialized WindowsPlatform
[16:27:04] [ERROR] [orbit.platform.windows] Failed to read Windows system volume: No module named 'pycaw'
[16:27:04] [INFO] [orbit.actions] WheelAction 'Ses Ayarı' scrolled UP (mode=volume)
[16:27:04] [INFO] [orbit.platform.windows] Initialized WindowsPlatform
[16:27:04] [ERROR] [orbit.platform.windows] Failed to read Windows system volume: No module named 'pycaw'
[16:27:05] [INFO] [orbit.actions] WheelAction 'Ses Ayarı' scrolled UP (mode=volume)
[16:27:05] [INFO] [orbit.platform.windows] Initialized WindowsPlatform
[16:27:05] [ERROR] [orbit.platform.windows] Failed to read Windows system volume: No module named 'pycaw'
[16:27:05] [INFO] [orbit.actions] WheelAction 'Ses Ayarı' scrolled UP (mode=volume)
[16:27:05] [INFO] [orbit.platform.windows] Initialized WindowsPlatform
[16:27:05] [ERROR] [orbit.platform.windows] Failed to read Windows system volume: No module named 'pycaw'
[16:27:05] [INFO] [orbit.actions] WheelAction 'Ses Ayarı' scrolled UP (mode=volume)
[16:27:05] [INFO] [orbit.platform.windows] Initialized WindowsPlatform
[16:27:05] [ERROR] [orbit.platform.windows] Failed to read Windows system volume: No module named 'pycaw'
[16:27:05] [INFO] [orbit.actions] WheelAction 'Ses Ayarı' scrolled UP (mode=volume)
[16:27:05] [INFO] [orbit.platform.windows] Initialized WindowsPlatform
[16:27:05] [ERROR] [orbit.platform.windows] Failed to read Windows system volume: No module named 'pycaw'
[16:27:05] [INFO] [orbit.actions] WheelAction 'Ses Ayarı' scrolled UP (mode=volume)
[16:27:05] [INFO] [orbit.platform.windows] Initialized WindowsPlatform
[16:27:05] [ERROR] [orbit.platform.windows] Failed to read Windows system volume: No module named 'pycaw'
[16:27:05] [INFO] [orbit.actions] WheelAction 'Ses Ayarı' scrolled UP (mode=volume)
[16:27:05] [INFO] [orbit.platform.windows] Initialized WindowsPlatform
[16:27:05] [ERROR] [orbit.platform.windows] Failed to read Windows system volume: No module named 'pycaw'
[16:27:05] [INFO] [orbit.actions] WheelAction 'Ses Ayarı' scrolled UP (mode=volume)
[16:27:05] [INFO] [orbit.platform.windows] Initialized WindowsPlatform
[16:27:05] [ERROR] [orbit.platform.windows] Failed to read Windows system volume: No module named 'pycaw'
[16:27:05] [INFO] [orbit.actions] WheelAction 'Ses Ayarı' scrolled UP (mode=volume)
[16:27:05] [INFO] [orbit.platform.windows] Initialized WindowsPlatform
[16:27:05] [ERROR] [orbit.platform.windows] Failed to read Windows system volume: No module named 'pycaw'
[16:27:05] [INFO] [orbit.actions] WheelAction 'Ses Ayarı' scrolled UP (mode=volume)
[16:27:05] [INFO] [orbit.platform.windows] Initialized WindowsPlatform
[16:27:05] [ERROR] [orbit.platform.windows] Failed to read Windows system volume: No module named 'pycaw'
[16:27:05] [INFO] [orbit.actions] WheelAction 'Ses Ayarı' scrolled UP (mode=volume)
[16:27:05] [INFO] [orbit.platform.windows] Initialized WindowsPlatform
[16:27:05] [ERROR] [orbit.platform.windows] Failed to read Windows system volume: No module named 'pycaw'
[16:27:05] [INFO] [orbit.actions] WheelAction 'Ses Ayarı' scrolled UP (mode=volume)
[16:27:05] [INFO] [orbit.platform.windows] Initialized WindowsPlatform
[16:27:05] [ERROR] [orbit.platform.windows] Failed to read Windows system volume: No module named 'pycaw'
[16:27:05] [INFO] [orbit.actions] WheelAction 'Ses Ayarı' scrolled UP (mode=volume)
[16:27:05] [INFO] [orbit.platform.windows] Initialized WindowsPlatform
[16:27:05] [ERROR] [orbit.platform.windows] Failed to read Windows system volume: No module named 'pycaw'
[16:27:05] [INFO] [orbit.actions] WheelAction 'Ses Ayarı' scrolled UP (mode=volume)
[16:27:05] [INFO] [orbit.platform.windows] Initialized WindowsPlatform
[16:27:05] [ERROR] [orbit.platform.windows] Failed to read Windows system volume: No module named 'pycaw'
[16:27:05] [INFO] [orbit.actions] WheelAction 'Ses Ayarı' scrolled UP (mode=volume)
[16:27:05] [INFO] [orbit.platform.windows] Initialized WindowsPlatform
[16:27:05] [ERROR] [orbit.platform.windows] Failed to read Windows system volume: No module named 'pycaw'
[16:27:05] [INFO] [orbit.actions] WheelAction 'Ses Ayarı' scrolled UP (mode=volume)
[16:27:05] [INFO] [orbit.platform.windows] Initialized WindowsPlatform
[16:27:05] [ERROR] [orbit.platform.windows] Failed to read Windows system volume: No module named 'pycaw'
[16:27:05] [INFO] [orbit.actions] WheelAction 'Ses Ayarı' scrolled UP (mode=volume)
[16:27:05] [INFO] [orbit.platform.windows] Initialized WindowsPlatform
[16:27:05] [ERROR] [orbit.platform.windows] Failed to read Windows system volume: No module named 'pycaw'
[16:27:06] [INFO] [orbit.actions] WheelAction 'Ses Ayarı' scrolled UP (mode=volume)
[16:27:06] [INFO] [orbit.platform.windows] Initialized WindowsPlatform
[16:27:06] [ERROR] [orbit.platform.windows] Failed to read Windows system volume: No module named 'pycaw'
[16:27:06] [INFO] [orbit.actions] WheelAction 'Ses Ayarı' scrolled UP (mode=volume)
[16:27:06] [INFO] [orbit.platform.windows] Initialized WindowsPlatform
[16:27:06] [ERROR] [orbit.platform.windows] Failed to read Windows system volume: No module named 'pycaw'
[16:27:06] [INFO] [orbit.actions] WheelAction 'Ses Ayarı' scrolled UP (mode=volume)
[16:27:06] [INFO] [orbit.platform.windows] Initialized WindowsPlatform
[16:27:06] [ERROR] [orbit.platform.windows] Failed to read Windows system volume: No module named 'pycaw'
[16:27:06] [INFO] [orbit.actions] WheelAction 'Ses Ayarı' scrolled UP (mode=volume)
[16:27:06] [INFO] [orbit.platform.windows] Initialized WindowsPlatform
[16:27:06] [ERROR] [orbit.platform.windows] Failed to read Windows system volume: No module named 'pycaw'
[16:27:06] [INFO] [orbit.actions] WheelAction 'Ses Ayarı' scrolled UP (mode=volume)
[16:27:06] [INFO] [orbit.platform.windows] Initialized WindowsPlatform
[16:27:06] [ERROR] [orbit.platform.windows] Failed to read Windows system volume: No module named 'pycaw'
[16:27:06] [INFO] [orbit.actions] WheelAction 'Ses Ayarı' scrolled UP (mode=volume)
[16:27:06] [INFO] [orbit.platform.windows] Initialized WindowsPlatform
[16:27:06] [ERROR] [orbit.platform.windows] Failed to read Windows system volume: No module named 'pycaw'
[16:27:06] [INFO] [orbit.actions] WheelAction 'Ses Ayarı' scrolled UP (mode=volume)
[16:27:06] [INFO] [orbit.platform.windows] Initialized WindowsPlatform
[16:27:06] [ERROR] [orbit.platform.windows] Failed to read Windows system volume: No module named 'pycaw'
[16:27:06] [INFO] [orbit.actions] WheelAction 'Ses Ayarı' scrolled UP (mode=volume)
[16:27:06] [INFO] [orbit.platform.windows] Initialized WindowsPlatform
[16:27:06] [ERROR] [orbit.platform.windows] Failed to read Windows system volume: No module named 'pycaw'
[16:27:06] [INFO] [orbit.actions] WheelAction 'Ses Ayarı' scrolled UP (mode=volume)
[16:27:06] [INFO] [orbit.platform.windows] Initialized WindowsPlatform
[16:27:06] [ERROR] [orbit.platform.windows] Failed to read Windows system volume: No module named 'pycaw'
[16:27:06] [INFO] [orbit.actions] WheelAction 'Ses Ayarı' scrolled UP (mode=volume)
[16:27:06] [INFO] [orbit.platform.windows] Initialized WindowsPlatform
[16:27:06] [ERROR] [orbit.platform.windows] Failed to read Windows system volume: No module named 'pycaw'
[16:27:06] [INFO] [orbit.actions] WheelAction 'Ses Ayarı' scrolled UP (mode=volume)
[16:27:06] [INFO] [orbit.platform.windows] Initialized WindowsPlatform
[16:27:06] [ERROR] [orbit.platform.windows] Failed to read Windows system volume: No module named 'pycaw'
[16:27:06] [INFO] [orbit.actions] WheelAction 'Ses Ayarı' scrolled UP (mode=volume)
[16:27:06] [INFO] [orbit.platform.windows] Initialized WindowsPlatform
[16:27:06] [ERROR] [orbit.platform.windows] Failed to read Windows system volume: No module named 'pycaw'
[16:27:06] [INFO] [orbit.actions] WheelAction 'Ses Ayarı' scrolled UP (mode=volume)
[16:27:06] [INFO] [orbit.platform.windows] Initialized WindowsPlatform
[16:27:06] [ERROR] [orbit.platform.windows] Failed to read Windows system volume: No module named 'pycaw'
[16:27:06] [INFO] [orbit.actions] WheelAction 'Ses Ayarı' scrolled UP (mode=volume)
[16:27:06] [INFO] [orbit.platform.windows] Initialized WindowsPlatform
[16:27:06] [ERROR] [orbit.platform.windows] Failed to read Windows system volume: No module named 'pycaw'
[16:27:06] [INFO] [orbit.actions] WheelAction 'Ses Ayarı' scrolled UP (mode=volume)
[16:27:06] [INFO] [orbit.platform.windows] Initialized WindowsPlatform
[16:27:06] [ERROR] [orbit.platform.windows] Failed to read Windows system volume: No module named 'pycaw'
[16:27:06] [INFO] [orbit.actions] WheelAction 'Ses Ayarı' scrolled UP (mode=volume)
[16:27:06] [INFO] [orbit.platform.windows] Initialized WindowsPlatform
[16:27:06] [ERROR] [orbit.platform.windows] Failed to read Windows system volume: No module named 'pycaw'
[16:27:06] [INFO] [orbit.actions] WheelAction 'Ses Ayarı' scrolled UP (mode=volume)
[16:27:06] [INFO] [orbit.platform.windows] Initialized WindowsPlatform
[16:27:06] [ERROR] [orbit.platform.windows] Failed to read Windows system volume: No module named 'pycaw'
[16:27:06] [INFO] [orbit.actions] WheelAction 'Ses Ayarı' scrolled UP (mode=volume)
[16:27:06] [INFO] [orbit.platform.windows] Initialized WindowsPlatform
[16:27:06] [ERROR] [orbit.platform.windows] Failed to read Windows system volume: No module named 'pycaw'
[16:27:06] [INFO] [orbit.actions] WheelAction 'Ses Ayarı' scrolled UP (mode=volume)
[16:27:06] [INFO] [orbit.platform.windows] Initialized WindowsPlatform
[16:27:06] [ERROR] [orbit.platform.windows] Failed to read Windows system volume: No module named 'pycaw'
[16:27:07] [INFO] [orbit.actions] WheelAction 'Ses Ayarı' scrolled UP (mode=volume)
[16:27:07] [INFO] [orbit.platform.windows] Initialized WindowsPlatform
[16:27:07] [ERROR] [orbit.platform.windows] Failed to read Windows system volume: No module named 'pycaw'
[16:27:07] [INFO] [orbit.actions] WheelAction 'Ses Ayarı' scrolled UP (mode=volume)
[16:27:07] [INFO] [orbit.platform.windows] Initialized WindowsPlatform
[16:27:07] [ERROR] [orbit.platform.windows] Failed to read Windows system volume: No module named 'pycaw'
[16:27:07] [INFO] [orbit.actions] WheelAction 'Ses Ayarı' scrolled UP (mode=volume)
[16:27:07] [INFO] [orbit.platform.windows] Initialized WindowsPlatform
[16:27:07] [ERROR] [orbit.platform.windows] Failed to read Windows system volume: No module named 'pycaw'
[16:27:07] [INFO] [orbit.actions] WheelAction 'Ses Ayarı' scrolled UP (mode=volume)
[16:27:07] [INFO] [orbit.platform.windows] Initialized WindowsPlatform
[16:27:07] [ERROR] [orbit.platform.windows] Failed to read Windows system volume: No module named 'pycaw'
[16:27:07] [INFO] [orbit.actions] WheelAction 'Ses Ayarı' scrolled UP (mode=volume)
[16:27:07] [INFO] [orbit.platform.windows] Initialized WindowsPlatform
[16:27:07] [ERROR] [orbit.platform.windows] Failed to read Windows system volume: No module named 'pycaw'
[16:27:07] [INFO] [orbit.actions] WheelAction 'Ses Ayarı' scrolled UP (mode=volume)
[16:27:07] [INFO] [orbit.platform.windows] Initialized WindowsPlatform
[16:27:07] [ERROR] [orbit.platform.windows] Failed to read Windows system volume: No module named 'pycaw'
[16:27:07] [INFO] [orbit.actions] WheelAction 'Ses Ayarı' scrolled DOWN (mode=volume)
[16:27:07] [INFO] [orbit.platform.windows] Initialized WindowsPlatform
[16:27:07] [ERROR] [orbit.platform.windows] Failed to read Windows system volume: No module named 'pycaw'
[16:27:07] [INFO] [orbit.actions] WheelAction 'Ses Ayarı' scrolled DOWN (mode=volume)
[16:27:07] [INFO] [orbit.platform.windows] Initialized WindowsPlatform
[16:27:07] [ERROR] [orbit.platform.windows] Failed to read Windows system volume: No module named 'pycaw'
[16:27:07] [INFO] [orbit.actions] WheelAction 'Ses Ayarı' scrolled DOWN (mode=volume)
[16:27:07] [INFO] [orbit.platform.windows] Initialized WindowsPlatform
[16:27:07] [ERROR] [orbit.platform.windows] Failed to read Windows system volume: No module named 'pycaw'
[16:27:07] [INFO] [orbit.actions] WheelAction 'Ses Ayarı' scrolled DOWN (mode=volume)
[16:27:07] [INFO] [orbit.platform.windows] Initialized WindowsPlatform
[16:27:07] [ERROR] [orbit.platform.windows] Failed to read Windows system volume: No module named 'pycaw'
[16:27:07] [INFO] [orbit.actions] WheelAction 'Ses Ayarı' scrolled UP (mode=volume)
[16:27:07] [INFO] [orbit.platform.windows] Initialized WindowsPlatform
[16:27:07] [ERROR] [orbit.platform.windows] Failed to read Windows system volume: No module named 'pycaw'
[16:27:07] [INFO] [orbit.actions] WheelAction 'Ses Ayarı' scrolled UP (mode=volume)
[16:27:07] [INFO] [orbit.platform.windows] Initialized WindowsPlatform
[16:27:07] [ERROR] [orbit.platform.windows] Failed to read Windows system volume: No module named 'pycaw'
[16:27:07] [INFO] [orbit.actions] WheelAction 'Ses Ayarı' scrolled UP (mode=volume)
[16:27:07] [INFO] [orbit.platform.windows] Initialized WindowsPlatform
[16:27:07] [ERROR] [orbit.platform.windows] Failed to read Windows system volume: No module named 'pycaw'
[16:27:07] [INFO] [orbit.actions] WheelAction 'Ses Ayarı' scrolled UP (mode=volume)
[16:27:07] [INFO] [orbit.platform.windows] Initialized WindowsPlatform
[16:27:07] [ERROR] [orbit.platform.windows] Failed to read Windows system volume: No module named 'pycaw'
[16:27:07] [INFO] [orbit.actions] WheelAction 'Ses Ayarı' scrolled UP (mode=volume)
[16:27:07] [INFO] [orbit.platform.windows] Initialized WindowsPlatform
[16:27:07] [ERROR] [orbit.platform.windows] Failed to read Windows system volume: No module named 'pycaw'
[16:27:07] [INFO] [orbit.actions] WheelAction 'Ses Ayarı' scrolled UP (mode=volume)
[16:27:07] [INFO] [orbit.platform.windows] Initialized WindowsPlatform
[16:27:07] [ERROR] [orbit.platform.windows] Failed to read Windows system volume: No module named 'pycaw'
[16:27:07] [INFO] [orbit.actions] WheelAction 'Ses Ayarı' scrolled UP (mode=volume)
[16:27:07] [INFO] [orbit.platform.windows] Initialized WindowsPlatform
[16:27:07] [ERROR] [orbit.platform.windows] Failed to read Windows system volume: No module named 'pycaw'
[16:27:07] [INFO] [orbit.actions] WheelAction 'Ses Ayarı' scrolled DOWN (mode=volume)
[16:27:07] [INFO] [orbit.platform.windows] Initialized WindowsPlatform
[16:27:07] [ERROR] [orbit.platform.windows] Failed to read Windows system volume: No module named 'pycaw'
[16:27:07] [INFO] [orbit.actions] WheelAction 'Ses Ayarı' scrolled DOWN (mode=volume)
[16:27:07] [INFO] [orbit.platform.windows] Initialized WindowsPlatform
[16:27:07] [ERROR] [orbit.platform.windows] Failed to read Windows system volume: No module named 'pycaw'
[16:27:07] [INFO] [orbit.actions] WheelAction 'Ses Ayarı' scrolled DOWN (mode=volume)
[16:27:07] [INFO] [orbit.platform.windows] Initialized WindowsPlatform
[16:27:07] [ERROR] [orbit.platform.windows] Failed to read Windows system volume: No module named 'pycaw'
[16:27:07] [INFO] [orbit.actions] WheelAction 'Ses Ayarı' scrolled DOWN (mode=volume)
[16:27:07] [INFO] [orbit.platform.windows] Initialized WindowsPlatform
[16:27:07] [ERROR] [orbit.platform.windows] Failed to read Windows system volume: No module named 'pycaw'
[16:27:08] [INFO] [orbit.actions] WheelAction 'Ses Ayarı' scrolled UP (mode=volume)
[16:27:08] [INFO] [orbit.platform.windows] Initialized WindowsPlatform
[16:27:08] [ERROR] [orbit.platform.windows] Failed to read Windows system volume: No module named 'pycaw'
[16:27:08] [INFO] [orbit.actions] WheelAction 'Ses Ayarı' scrolled UP (mode=volume)
[16:27:08] [INFO] [orbit.platform.windows] Initialized WindowsPlatform
[16:27:08] [ERROR] [orbit.platform.windows] Failed to read Windows system volume: No module named 'pycaw'
[16:27:08] [INFO] [orbit.actions] WheelAction 'Ses Ayarı' scrolled UP (mode=volume)
[16:27:08] [INFO] [orbit.platform.windows] Initialized WindowsPlatform
[16:27:08] [ERROR] [orbit.platform.windows] Failed to read Windows system volume: No module named 'pycaw'
[16:27:08] [INFO] [orbit.actions] WheelAction 'Ses Ayarı' scrolled UP (mode=volume)
[16:27:08] [INFO] [orbit.platform.windows] Initialized WindowsPlatform
[16:27:08] [ERROR] [orbit.platform.windows] Failed to read Windows system volume: No module named 'pycaw'
[16:27:08] [INFO] [orbit.actions] WheelAction 'Ses Ayarı' scrolled UP (mode=volume)
[16:27:08] [INFO] [orbit.platform.windows] Initialized WindowsPlatform
[16:27:08] [ERROR] [orbit.platform.windows] Failed to read Windows system volume: No module named 'pycaw'
[16:27:08] [INFO] [orbit.actions] WheelAction 'Ses Ayarı' scrolled UP (mode=volume)
[16:27:08] [INFO] [orbit.platform.windows] Initialized WindowsPlatform
[16:27:08] [ERROR] [orbit.platform.windows] Failed to read Windows system volume: No module named 'pycaw'
[16:27:08] [INFO] [orbit.actions] WheelAction 'Ses Ayarı' scrolled DOWN (mode=volume)
[16:27:08] [INFO] [orbit.platform.windows] Initialized WindowsPlatform
[16:27:08] [ERROR] [orbit.platform.windows] Failed to read Windows system volume: No module named 'pycaw'
[16:27:08] [INFO] [orbit.actions] WheelAction 'Ses Ayarı' scrolled DOWN (mode=volume)
[16:27:08] [INFO] [orbit.platform.windows] Initialized WindowsPlatform
[16:27:08] [ERROR] [orbit.platform.windows] Failed to read Windows system volume: No module named 'pycaw'
[16:27:08] [INFO] [orbit.actions] WheelAction 'Ses Ayarı' scrolled DOWN (mode=volume)
[16:27:08] [INFO] [orbit.platform.windows] Initialized WindowsPlatform
[16:27:08] [ERROR] [orbit.platform.windows] Failed to read Windows system volume: No module named 'pycaw'
[16:27:08] [INFO] [orbit.actions] WheelAction 'Ses Ayarı' scrolled DOWN (mode=volume)
[16:27:08] [INFO] [orbit.platform.windows] Initialized WindowsPlatform
[16:27:08] [ERROR] [orbit.platform.windows] Failed to read Windows system volume: No module named 'pycaw'
[16:27:08] [INFO] [orbit.actions] WheelAction 'Ses Ayarı' scrolled DOWN (mode=volume)
[16:27:08] [INFO] [orbit.platform.windows] Initialized WindowsPlatform
[16:27:08] [ERROR] [orbit.platform.windows] Failed to read Windows system volume: No module named 'pycaw'
[16:27:08] [INFO] [orbit.actions] WheelAction 'Ses Ayarı' scrolled DOWN (mode=volume)
[16:27:08] [INFO] [orbit.platform.windows] Initialized WindowsPlatform
[16:27:08] [ERROR] [orbit.platform.windows] Failed to read Windows system volume: No module named 'pycaw'
[16:27:08] [INFO] [orbit.actions] WheelAction 'Ses Ayarı' scrolled DOWN (mode=volume)
[16:27:08] [INFO] [orbit.platform.windows] Initialized WindowsPlatform
[16:27:08] [ERROR] [orbit.platform.windows] Failed to read Windows system volume: No module named 'pycaw'
[16:27:09] [INFO] [orbit.actions] WheelAction 'Ses Ayarı' scrolled DOWN (mode=volume)
[16:27:09] [INFO] [orbit.platform.windows] Initialized WindowsPlatform
[16:27:09] [ERROR] [orbit.platform.windows] Failed to read Windows system volume: No module named 'pycaw'
[16:27:09] [INFO] [orbit.actions] WheelAction 'Ses Ayarı' scrolled DOWN (mode=volume)
[16:27:09] [INFO] [orbit.platform.windows] Initialized WindowsPlatform
[16:27:09] [ERROR] [orbit.platform.windows] Failed to read Windows system volume: No module named 'pycaw'
[16:27:09] [INFO] [orbit.actions] WheelAction 'Ses Ayarı' scrolled DOWN (mode=volume)
[16:27:09] [INFO] [orbit.platform.windows] Initialized WindowsPlatform
[16:27:09] [ERROR] [orbit.platform.windows] Failed to read Windows system volume: No module named 'pycaw'
[16:27:09] [INFO] [orbit.actions] WheelAction 'Ses Ayarı' scrolled DOWN (mode=volume)
[16:27:09] [INFO] [orbit.platform.windows] Initialized WindowsPlatform
[16:27:09] [ERROR] [orbit.platform.windows] Failed to read Windows system volume: No module named 'pycaw'
[16:27:09] [INFO] [orbit.actions] WheelAction 'Ses Ayarı' scrolled DOWN (mode=volume)
[16:27:09] [INFO] [orbit.platform.windows] Initialized WindowsPlatform
[16:27:09] [ERROR] [orbit.platform.windows] Failed to read Windows system volume: No module named 'pycaw'
[16:27:09] [INFO] [orbit.actions] WheelAction 'Ses Ayarı' scrolled DOWN (mode=volume)
[16:27:09] [INFO] [orbit.platform.windows] Initialized WindowsPlatform
[16:27:09] [ERROR] [orbit.platform.windows] Failed to read Windows system volume: No module named 'pycaw'
[16:27:15] [INFO] [orbit.actions] WheelAction 'Ses Ayarı' scrolled DOWN (mode=volume)
[16:27:15] [INFO] [orbit.platform.windows] Initialized WindowsPlatform
[16:27:15] [ERROR] [orbit.platform.windows] Failed to read Windows system volume: No module named 'pycaw'
[16:27:15] [INFO] [orbit.actions] WheelAction 'Ses Ayarı' scrolled DOWN (mode=volume)
[16:27:15] [INFO] [orbit.platform.windows] Initialized WindowsPlatform
[16:27:15] [ERROR] [orbit.platform.windows] Failed to read Windows system volume: No module named 'pycaw'
[16:27:15] [INFO] [orbit.actions] WheelAction 'Ses Ayarı' scrolled DOWN (mode=volume)
[16:27:15] [INFO] [orbit.platform.windows] Initialized WindowsPlatform
[16:27:15] [ERROR] [orbit.platform.windows] Failed to read Windows system volume: No module named 'pycaw'
[16:27:16] [INFO] [orbit.actions] WheelAction 'Ses Ayarı' scrolled DOWN (mode=volume)
[16:27:16] [INFO] [orbit.platform.windows] Initialized WindowsPlatform
[16:27:16] [ERROR] [orbit.platform.windows] Failed to read Windows system volume: No module named 'pycaw'
[16:27:16] [INFO] [orbit.actions] WheelAction 'Ses Ayarı' scrolled DOWN (mode=volume)
[16:27:16] [INFO] [orbit.platform.windows] Initialized WindowsPlatform
[16:27:16] [ERROR] [orbit.platform.windows] Failed to read Windows system volume: No module named 'pycaw'
[16:27:16] [INFO] [orbit.actions] WheelAction 'Ses Ayarı' scrolled DOWN (mode=volume)
[16:27:16] [INFO] [orbit.platform.windows] Initialized WindowsPlatform
[16:27:16] [ERROR] [orbit.platform.windows] Failed to read Windows system volume: No module named 'pycaw'
[16:27:16] [INFO] [orbit.actions] WheelAction 'Ses Ayarı' scrolled DOWN (mode=volume)
[16:27:16] [INFO] [orbit.platform.windows] Initialized WindowsPlatform
[16:27:16] [ERROR] [orbit.platform.windows] Failed to read Windows system volume: No module named 'pycaw'
[16:27:16] [INFO] [orbit.actions] WheelAction 'Ses Ayarı' scrolled DOWN (mode=volume)
[16:27:16] [INFO] [orbit.platform.windows] Initialized WindowsPlatform
[16:27:16] [ERROR] [orbit.platform.windows] Failed to read Windows system volume: No module named 'pycaw'
[16:27:16] [INFO] [orbit.actions] WheelAction 'Ses Ayarı' scrolled DOWN (mode=volume)
[16:27:16] [INFO] [orbit.platform.windows] Initialized WindowsPlatform
[16:27:16] [ERROR] [orbit.platform.windows] Failed to read Windows system volume: No module named 'pycaw'
[16:27:16] [INFO] [orbit.actions] WheelAction 'Ses Ayarı' scrolled DOWN (mode=volume)
[16:27:16] [INFO] [orbit.platform.windows] Initialized WindowsPlatform
[16:27:16] [ERROR] [orbit.platform.windows] Failed to read Windows system volume: No module named 'pycaw'
[16:27:16] [INFO] [orbit.actions] WheelAction 'Ses Ayarı' scrolled UP (mode=volume)
[16:27:16] [INFO] [orbit.platform.windows] Initialized WindowsPlatform
[16:27:16] [ERROR] [orbit.platform.windows] Failed to read Windows system volume: No module named 'pycaw'
[16:27:16] [INFO] [orbit.actions] WheelAction 'Ses Ayarı' scrolled UP (mode=volume)
[16:27:16] [INFO] [orbit.platform.windows] Initialized WindowsPlatform
[16:27:16] [ERROR] [orbit.platform.windows] Failed to read Windows system volume: No module named 'pycaw'
[16:27:16] [INFO] [orbit.actions] WheelAction 'Ses Ayarı' scrolled UP (mode=volume)
[16:27:16] [INFO] [orbit.platform.windows] Initialized WindowsPlatform
[16:27:16] [ERROR] [orbit.platform.windows] Failed to read Windows system volume: No module named 'pycaw'
[16:27:16] [INFO] [orbit.actions] WheelAction 'Ses Ayarı' scrolled UP (mode=volume)
[16:27:16] [INFO] [orbit.platform.windows] Initialized WindowsPlatform
[16:27:16] [ERROR] [orbit.platform.windows] Failed to read Windows system volume: No module named 'pycaw'
[16:27:16] [INFO] [orbit.actions] WheelAction 'Ses Ayarı' scrolled UP (mode=volume)
[16:27:16] [INFO] [orbit.platform.windows] Initialized WindowsPlatform
[16:27:16] [ERROR] [orbit.platform.windows] Failed to read Windows system volume: No module named 'pycaw'
[16:27:17] [INFO] [orbit.actions] WheelAction 'Ses Ayarı' scrolled DOWN (mode=volume)
[16:27:17] [INFO] [orbit.platform.windows] Initialized WindowsPlatform
[16:27:17] [ERROR] [orbit.platform.windows] Failed to read Windows system volume: No module named 'pycaw'
[16:27:17] [INFO] [orbit.actions] WheelAction 'Ses Ayarı' scrolled DOWN (mode=volume)
[16:27:17] [INFO] [orbit.platform.windows] Initialized WindowsPlatform
[16:27:17] [ERROR] [orbit.platform.windows] Failed to read Windows system volume: No module named 'pycaw'
[16:27:17] [INFO] [orbit.actions] WheelAction 'Ses Ayarı' scrolled DOWN (mode=volume)
[16:27:17] [INFO] [orbit.platform.windows] Initialized WindowsPlatform
[16:27:17] [ERROR] [orbit.platform.windows] Failed to read Windows system volume: No module named 'pycaw'
[16:27:17] [INFO] [orbit.actions] WheelAction 'Ses Ayarı' scrolled DOWN (mode=volume)
[16:27:17] [INFO] [orbit.platform.windows] Initialized WindowsPlatform
[16:27:17] [ERROR] [orbit.platform.windows] Failed to read Windows system volume: No module named 'pycaw'
[16:27:17] [INFO] [orbit.actions] WheelAction 'Ses Ayarı' scrolled DOWN (mode=volume)
[16:27:17] [INFO] [orbit.platform.windows] Initialized WindowsPlatform
[16:27:17] [ERROR] [orbit.platform.windows] Failed to read Windows system volume: No module named 'pycaw'
[16:27:17] [INFO] [orbit.actions] WheelAction 'Ses Ayarı' scrolled DOWN (mode=volume)
[16:27:17] [INFO] [orbit.platform.windows] Initialized WindowsPlatform
[16:27:17] [ERROR] [orbit.platform.windows] Failed to read Windows system volume: No module named 'pycaw'
[16:27:17] [INFO] [orbit.actions] WheelAction 'Ses Ayarı' scrolled UP (mode=volume)
[16:27:17] [INFO] [orbit.platform.windows] Initialized WindowsPlatform
[16:27:17] [ERROR] [orbit.platform.windows] Failed to read Windows system volume: No module named 'pycaw'
[16:27:17] [INFO] [orbit.actions] WheelAction 'Ses Ayarı' scrolled UP (mode=volume)
[16:27:17] [INFO] [orbit.platform.windows] Initialized WindowsPlatform
[16:27:17] [ERROR] [orbit.platform.windows] Failed to read Windows system volume: No module named 'pycaw'
[16:27:17] [INFO] [orbit.actions] WheelAction 'Ses Ayarı' scrolled UP (mode=volume)
[16:27:17] [INFO] [orbit.platform.windows] Initialized WindowsPlatform
[16:27:17] [ERROR] [orbit.platform.windows] Failed to read Windows system volume: No module named 'pycaw'
[16:27:17] [INFO] [orbit.actions] WheelAction 'Ses Ayarı' scrolled UP (mode=volume)
[16:27:17] [INFO] [orbit.platform.windows] Initialized WindowsPlatform
[16:27:17] [ERROR] [orbit.platform.windows] Failed to read Windows system volume: No module named 'pycaw'
[16:27:17] [INFO] [orbit.actions] WheelAction 'Ses Ayarı' scrolled UP (mode=volume)
[16:27:17] [INFO] [orbit.platform.windows] Initialized WindowsPlatform
[16:27:17] [ERROR] [orbit.platform.windows] Failed to read Windows system volume: No module named 'pycaw'
[16:27:17] [INFO] [orbit.actions] WheelAction 'Ses Ayarı' scrolled UP (mode=volume)
[16:27:17] [INFO] [orbit.platform.windows] Initialized WindowsPlatform
[16:27:17] [ERROR] [orbit.platform.windows] Failed to read Windows system volume: No module named 'pycaw'
[16:27:17] [INFO] [orbit.actions] WheelAction 'Ses Ayarı' scrolled DOWN (mode=volume)
[16:27:17] [INFO] [orbit.platform.windows] Initialized WindowsPlatform
[16:27:17] [ERROR] [orbit.platform.windows] Failed to read Windows system volume: No module named 'pycaw'
[16:27:17] [INFO] [orbit.actions] WheelAction 'Ses Ayarı' scrolled DOWN (mode=volume)
[16:27:17] [INFO] [orbit.platform.windows] Initialized WindowsPlatform
[16:27:17] [ERROR] [orbit.platform.windows] Failed to read Windows system volume: No module named 'pycaw'
[16:27:17] [INFO] [orbit.actions] WheelAction 'Ses Ayarı' scrolled DOWN (mode=volume)
[16:27:17] [INFO] [orbit.platform.windows] Initialized WindowsPlatform
[16:27:17] [ERROR] [orbit.platform.windows] Failed to read Windows system volume: No module named 'pycaw'
[16:27:17] [INFO] [orbit.actions] WheelAction 'Ses Ayarı' scrolled DOWN (mode=volume)
[16:27:17] [INFO] [orbit.platform.windows] Initialized WindowsPlatform
[16:27:17] [ERROR] [orbit.platform.windows] Failed to read Windows system volume: No module named 'pycaw'
[16:27:17] [INFO] [orbit.actions] WheelAction 'Ses Ayarı' scrolled DOWN (mode=volume)
[16:27:17] [INFO] [orbit.platform.windows] Initialized WindowsPlatform
[16:27:17] [ERROR] [orbit.platform.windows] Failed to read Windows system volume: No module named 'pycaw'
[16:27:17] [INFO] [orbit.actions] WheelAction 'Ses Ayarı' scrolled DOWN (mode=volume)
[16:27:17] [INFO] [orbit.platform.windows] Initialized WindowsPlatform
[16:27:17] [ERROR] [orbit.platform.windows] Failed to read Windows system volume: No module named 'pycaw'
[16:27:17] [INFO] [orbit.actions] WheelAction 'Ses Ayarı' scrolled UP (mode=volume)
[16:27:17] [INFO] [orbit.platform.windows] Initialized WindowsPlatform
[16:27:17] [ERROR] [orbit.platform.windows] Failed to read Windows system volume: No module named 'pycaw'
[16:27:17] [INFO] [orbit.actions] WheelAction 'Ses Ayarı' scrolled UP (mode=volume)
[16:27:17] [INFO] [orbit.platform.windows] Initialized WindowsPlatform
[16:27:17] [ERROR] [orbit.platform.windows] Failed to read Windows system volume: No module named 'pycaw'
[16:27:17] [INFO] [orbit.actions] WheelAction 'Ses Ayarı' scrolled UP (mode=volume)
[16:27:17] [INFO] [orbit.platform.windows] Initialized WindowsPlatform
[16:27:17] [ERROR] [orbit.platform.windows] Failed to read Windows system volume: No module named 'pycaw'
[16:27:17] [INFO] [orbit.actions] WheelAction 'Ses Ayarı' scrolled UP (mode=volume)
[16:27:17] [INFO] [orbit.platform.windows] Initialized WindowsPlatform
[16:27:17] [ERROR] [orbit.platform.windows] Failed to read Windows system volume: No module named 'pycaw'
[16:27:17] [INFO] [orbit.actions] WheelAction 'Ses Ayarı' scrolled UP (mode=volume)
[16:27:17] [INFO] [orbit.platform.windows] Initialized WindowsPlatform
[16:27:17] [ERROR] [orbit.platform.windows] Failed to read Windows system volume: No module named 'pycaw'
[16:27:17] [INFO] [orbit.actions] WheelAction 'Ses Ayarı' scrolled DOWN (mode=volume)
[16:27:17] [INFO] [orbit.platform.windows] Initialized WindowsPlatform
[16:27:17] [ERROR] [orbit.platform.windows] Failed to read Windows system volume: No module named 'pycaw'
[16:27:17] [INFO] [orbit.actions] WheelAction 'Ses Ayarı' scrolled DOWN (mode=volume)
[16:27:17] [INFO] [orbit.platform.windows] Initialized WindowsPlatform
[16:27:17] [ERROR] [orbit.platform.windows] Failed to read Windows system volume: No module named 'pycaw'
[16:27:17] [INFO] [orbit.actions] WheelAction 'Ses Ayarı' scrolled DOWN (mode=volume)
[16:27:17] [INFO] [orbit.platform.windows] Initialized WindowsPlatform
[16:27:17] [ERROR] [orbit.platform.windows] Failed to read Windows system volume: No module named 'pycaw'
[16:27:17] [INFO] [orbit.actions] WheelAction 'Ses Ayarı' scrolled DOWN (mode=volume)
[16:27:17] [INFO] [orbit.platform.windows] Initialized WindowsPlatform
[16:27:17] [ERROR] [orbit.platform.windows] Failed to read Windows system volume: No module named 'pycaw'
[16:27:17] [INFO] [orbit.actions] WheelAction 'Ses Ayarı' scrolled DOWN (mode=volume)
[16:27:17] [INFO] [orbit.platform.windows] Initialized WindowsPlatform
[16:27:17] [ERROR] [orbit.platform.windows] Failed to read Windows system volume: No module named 'pycaw'
[16:27:18] [INFO] [orbit.actions] WheelAction 'Ses Ayarı' scrolled DOWN (mode=volume)
[16:27:18] [INFO] [orbit.platform.windows] Initialized WindowsPlatform
[16:27:18] [ERROR] [orbit.platform.windows] Failed to read Windows system volume: No module named 'pycaw'
[16:27:18] [INFO] [orbit.actions] WheelAction 'Ses Ayarı' scrolled DOWN (mode=volume)
[16:27:18] [INFO] [orbit.platform.windows] Initialized WindowsPlatform
[16:27:18] [ERROR] [orbit.platform.windows] Failed to read Windows system volume: No module named 'pycaw'
[16:27:18] [INFO] [orbit.actions] WheelAction 'Ses Ayarı' scrolled DOWN (mode=volume)
[16:27:18] [INFO] [orbit.platform.windows] Initialized WindowsPlatform
[16:27:18] [ERROR] [orbit.platform.windows] Failed to read Windows system volume: No module named 'pycaw'
[16:27:18] [INFO] [orbit.actions] WheelAction 'Ses Ayarı' scrolled DOWN (mode=volume)
[16:27:18] [INFO] [orbit.platform.windows] Initialized WindowsPlatform
[16:27:18] [ERROR] [orbit.platform.windows] Failed to read Windows system volume: No module named 'pycaw'
[16:27:18] [INFO] [orbit.actions] WheelAction 'Ses Ayarı' scrolled DOWN (mode=volume)
[16:27:18] [INFO] [orbit.platform.windows] Initialized WindowsPlatform
[16:27:18] [ERROR] [orbit.platform.windows] Failed to read Windows system volume: No module named 'pycaw'
[16:27:18] [INFO] [orbit.actions] WheelAction 'Ses Ayarı' scrolled DOWN (mode=volume)
[16:27:18] [INFO] [orbit.platform.windows] Initialized WindowsPlatform
[16:27:18] [ERROR] [orbit.platform.windows] Failed to read Windows system volume: No module named 'pycaw'
[16:27:18] [INFO] [orbit.actions] WheelAction 'Ses Ayarı' scrolled DOWN (mode=volume)
[16:27:18] [INFO] [orbit.platform.windows] Initialized WindowsPlatform
[16:27:18] [ERROR] [orbit.platform.windows] Failed to read Windows system volume: No module named 'pycaw'
[16:27:18] [INFO] [orbit.actions] WheelAction 'Ses Ayarı' scrolled UP (mode=volume)
[16:27:18] [INFO] [orbit.platform.windows] Initialized WindowsPlatform
[16:27:18] [ERROR] [orbit.platform.windows] Failed to read Windows system volume: No module named 'pycaw'
[16:27:18] [INFO] [orbit.actions] WheelAction 'Ses Ayarı' scrolled UP (mode=volume)
[16:27:18] [INFO] [orbit.platform.windows] Initialized WindowsPlatform
[16:27:18] [ERROR] [orbit.platform.windows] Failed to read Windows system volume: No module named 'pycaw'
[16:27:18] [INFO] [orbit.actions] WheelAction 'Ses Ayarı' scrolled UP (mode=volume)
[16:27:18] [INFO] [orbit.platform.windows] Initialized WindowsPlatform
[16:27:18] [ERROR] [orbit.platform.windows] Failed to read Windows system volume: No module named 'pycaw'
[16:27:18] [INFO] [orbit.actions] WheelAction 'Ses Ayarı' scrolled UP (mode=volume)
[16:27:18] [INFO] [orbit.platform.windows] Initialized WindowsPlatform
[16:27:18] [ERROR] [orbit.platform.windows] Failed to read Windows system volume: No module named 'pycaw'
[16:27:18] [INFO] [orbit.actions] WheelAction 'Ses Ayarı' scrolled UP (mode=volume)
[16:27:18] [INFO] [orbit.platform.windows] Initialized WindowsPlatform
[16:27:18] [ERROR] [orbit.platform.windows] Failed to read Windows system volume: No module named 'pycaw'
[16:27:18] [INFO] [orbit.actions] WheelAction 'Ses Ayarı' scrolled UP (mode=volume)
[16:27:18] [INFO] [orbit.platform.windows] Initialized WindowsPlatform
[16:27:18] [ERROR] [orbit.platform.windows] Failed to read Windows system volume: No module named 'pycaw'
[16:27:18] [INFO] [orbit.actions] WheelAction 'Ses Ayarı' scrolled UP (mode=volume)
[16:27:18] [INFO] [orbit.platform.windows] Initialized WindowsPlatform
[16:27:18] [ERROR] [orbit.platform.windows] Failed to read Windows system volume: No module named 'pycaw'
[16:27:18] [INFO] [orbit.actions] WheelAction 'Ses Ayarı' scrolled DOWN (mode=volume)
[16:27:18] [INFO] [orbit.platform.windows] Initialized WindowsPlatform
[16:27:18] [ERROR] [orbit.platform.windows] Failed to read Windows system volume: No module named 'pycaw'
[16:27:18] [INFO] [orbit.actions] WheelAction 'Ses Ayarı' scrolled DOWN (mode=volume)
[16:27:18] [INFO] [orbit.platform.windows] Initialized WindowsPlatform
[16:27:18] [ERROR] [orbit.platform.windows] Failed to read Windows system volume: No module named 'pycaw'
[16:27:18] [INFO] [orbit.actions] WheelAction 'Ses Ayarı' scrolled DOWN (mode=volume)
[16:27:18] [INFO] [orbit.platform.windows] Initialized WindowsPlatform
[16:27:18] [ERROR] [orbit.platform.windows] Failed to read Windows system volume: No module named 'pycaw'
[16:27:18] [INFO] [orbit.actions] WheelAction 'Ses Ayarı' scrolled DOWN (mode=volume)
[16:27:18] [INFO] [orbit.platform.windows] Initialized WindowsPlatform
[16:27:18] [ERROR] [orbit.platform.windows] Failed to read Windows system volume: No module named 'pycaw'
[16:27:18] [INFO] [orbit.actions] WheelAction 'Ses Ayarı' scrolled DOWN (mode=volume)
[16:27:18] [INFO] [orbit.platform.windows] Initialized WindowsPlatform
[16:27:18] [ERROR] [orbit.platform.windows] Failed to read Windows system volume: No module named 'pycaw'
[16:27:18] [INFO] [orbit.actions] WheelAction 'Ses Ayarı' scrolled DOWN (mode=volume)
[16:27:18] [INFO] [orbit.platform.windows] Initialized WindowsPlatform
[16:27:18] [ERROR] [orbit.platform.windows] Failed to read Windows system volume: No module named 'pycaw'
[16:27:18] [INFO] [orbit.actions] WheelAction 'Ses Ayarı' scrolled DOWN (mode=volume)
[16:27:18] [INFO] [orbit.platform.windows] Initialized WindowsPlatform
[16:27:18] [ERROR] [orbit.platform.windows] Failed to read Windows system volume: No module named 'pycaw'
[16:27:18] [INFO] [orbit.actions] WheelAction 'Ses Ayarı' scrolled DOWN (mode=volume)
[16:27:18] [INFO] [orbit.platform.windows] Initialized WindowsPlatform
[16:27:18] [ERROR] [orbit.platform.windows] Failed to read Windows system volume: No module named 'pycaw'
[16:27:18] [INFO] [orbit.actions] WheelAction 'Ses Ayarı' scrolled DOWN (mode=volume)
[16:27:18] [INFO] [orbit.platform.windows] Initialized WindowsPlatform
[16:27:18] [ERROR] [orbit.platform.windows] Failed to read Windows system volume: No module named 'pycaw'
[16:27:18] [INFO] [orbit.actions] WheelAction 'Ses Ayarı' scrolled DOWN (mode=volume)
[16:27:18] [INFO] [orbit.platform.windows] Initialized WindowsPlatform
[16:27:18] [ERROR] [orbit.platform.windows] Failed to read Windows system volume: No module named 'pycaw'
[16:27:19] [INFO] [orbit.actions] WheelAction 'Ses Ayarı' scrolled DOWN (mode=volume)
[16:27:19] [INFO] [orbit.platform.windows] Initialized WindowsPlatform
[16:27:19] [ERROR] [orbit.platform.windows] Failed to read Windows system volume: No module named 'pycaw'
[16:27:19] [INFO] [orbit.actions] WheelAction 'Ses Ayarı' scrolled DOWN (mode=volume)
[16:27:19] [INFO] [orbit.platform.windows] Initialized WindowsPlatform
[16:27:19] [ERROR] [orbit.platform.windows] Failed to read Windows system volume: No module named 'pycaw'
[16:27:19] [INFO] [orbit.actions] WheelAction 'Ses Ayarı' scrolled DOWN (mode=volume)
[16:27:19] [INFO] [orbit.platform.windows] Initialized WindowsPlatform
[16:27:19] [ERROR] [orbit.platform.windows] Failed to read Windows system volume: No module named 'pycaw'
[16:27:19] [INFO] [orbit.actions] WheelAction 'Ses Ayarı' scrolled DOWN (mode=volume)
[16:27:19] [INFO] [orbit.platform.windows] Initialized WindowsPlatform
[16:27:19] [ERROR] [orbit.platform.windows] Failed to read Windows system volume: No module named 'pycaw'
[16:27:19] [INFO] [orbit.actions] WheelAction 'Ses Ayarı' scrolled DOWN (mode=volume)
[16:27:19] [INFO] [orbit.platform.windows] Initialized WindowsPlatform
[16:27:19] [ERROR] [orbit.platform.windows] Failed to read Windows system volume: No module named 'pycaw'
[16:27:19] [INFO] [orbit.actions] WheelAction 'Ses Ayarı' scrolled DOWN (mode=volume)
[16:27:19] [INFO] [orbit.platform.windows] Initialized WindowsPlatform
[16:27:19] [ERROR] [orbit.platform.windows] Failed to read Windows system volume: No module named 'pycaw'
[16:27:19] [INFO] [orbit.actions] WheelAction 'Ses Ayarı' scrolled UP (mode=volume)
[16:27:19] [INFO] [orbit.platform.windows] Initialized WindowsPlatform
[16:27:19] [ERROR] [orbit.platform.windows] Failed to read Windows system volume: No module named 'pycaw'
[16:27:19] [INFO] [orbit.actions] WheelAction 'Ses Ayarı' scrolled UP (mode=volume)
[16:27:19] [INFO] [orbit.platform.windows] Initialized WindowsPlatform
[16:27:19] [ERROR] [orbit.platform.windows] Failed to read Windows system volume: No module named 'pycaw'
[16:27:19] [INFO] [orbit.actions] WheelAction 'Ses Ayarı' scrolled UP (mode=volume)
[16:27:19] [INFO] [orbit.platform.windows] Initialized WindowsPlatform
[16:27:19] [ERROR] [orbit.platform.windows] Failed to read Windows system volume: No module named 'pycaw'
[16:27:19] [INFO] [orbit.actions] WheelAction 'Ses Ayarı' scrolled UP (mode=volume)
[16:27:19] [INFO] [orbit.platform.windows] Initialized WindowsPlatform
[16:27:19] [ERROR] [orbit.platform.windows] Failed to read Windows system volume: No module named 'pycaw'
[16:27:19] [INFO] [orbit.actions] WheelAction 'Ses Ayarı' scrolled UP (mode=volume)
[16:27:19] [INFO] [orbit.platform.windows] Initialized WindowsPlatform
[16:27:19] [ERROR] [orbit.platform.windows] Failed to read Windows system volume: No module named 'pycaw'
[16:27:19] [INFO] [orbit.actions] WheelAction 'Ses Ayarı' scrolled UP (mode=volume)
[16:27:19] [INFO] [orbit.platform.windows] Initialized WindowsPlatform
[16:27:19] [ERROR] [orbit.platform.windows] Failed to read Windows system volume: No module named 'pycaw'
[16:27:19] [INFO] [orbit.actions] WheelAction 'Ses Ayarı' scrolled UP (mode=volume)
[16:27:19] [INFO] [orbit.platform.windows] Initialized WindowsPlatform
[16:27:19] [ERROR] [orbit.platform.windows] Failed to read Windows system volume: No module named 'pycaw'
[16:27:19] [INFO] [orbit.actions] WheelAction 'Ses Ayarı' scrolled UP (mode=volume)
[16:27:19] [INFO] [orbit.platform.windows] Initialized WindowsPlatform
[16:27:19] [ERROR] [orbit.platform.windows] Failed to read Windows system volume: No module named 'pycaw'
[16:27:19] [INFO] [orbit.actions] WheelAction 'Ses Ayarı' scrolled UP (mode=volume)
[16:27:19] [INFO] [orbit.platform.windows] Initialized WindowsPlatform
[16:27:19] [ERROR] [orbit.platform.windows] Failed to read Windows system volume: No module named 'pycaw'
[16:28:28] [INFO] [orbit.actions] WheelAction 'Ses Ayarı' scrolled UP (mode=volume)
[16:28:28] [INFO] [orbit.platform.windows] Initialized WindowsPlatform
[16:28:28] [ERROR] [orbit.platform.windows] Failed to read Windows system volume: No module named 'pycaw'
[16:28:28] [INFO] [orbit.actions] WheelAction 'Ses Ayarı' scrolled UP (mode=volume)
[16:28:28] [INFO] [orbit.platform.windows] Initialized WindowsPlatform
[16:28:28] [ERROR] [orbit.platform.windows] Failed to read Windows system volume: No module named 'pycaw'
[16:28:28] [INFO] [orbit.actions] WheelAction 'Ses Ayarı' scrolled UP (mode=volume)
[16:28:28] [INFO] [orbit.platform.windows] Initialized WindowsPlatform
[16:28:28] [ERROR] [orbit.platform.windows] Failed to read Windows system volume: No module named 'pycaw'
[16:28:28] [INFO] [orbit.actions] WheelAction 'Ses Ayarı' scrolled UP (mode=volume)
[16:28:28] [INFO] [orbit.platform.windows] Initialized WindowsPlatform
[16:28:28] [ERROR] [orbit.platform.windows] Failed to read Windows system volume: No module named 'pycaw'
[16:28:28] [INFO] [orbit.actions] WheelAction 'Ses Ayarı' scrolled UP (mode=volume)
[16:28:28] [INFO] [orbit.platform.windows] Initialized WindowsPlatform
[16:28:28] [ERROR] [orbit.platform.windows] Failed to read Windows system volume: No module named 'pycaw'
[16:28:28] [INFO] [orbit.actions] WheelAction 'Ses Ayarı' scrolled UP (mode=volume)
[16:28:28] [INFO] [orbit.platform.windows] Initialized WindowsPlatform
[16:28:28] [ERROR] [orbit.platform.windows] Failed to read Windows system volume: No module named 'pycaw'
[16:28:28] [INFO] [orbit.actions] WheelAction 'Ses Ayarı' scrolled UP (mode=volume)
[16:28:28] [INFO] [orbit.platform.windows] Initialized WindowsPlatform
[16:28:28] [ERROR] [orbit.platform.windows] Failed to read Windows system volume: No module named 'pycaw'
[16:28:29] [INFO] [orbit.actions] WheelAction 'Ses Ayarı' scrolled UP (mode=volume)
[16:28:29] [INFO] [orbit.platform.windows] Initialized WindowsPlatform
[16:28:29] [ERROR] [orbit.platform.windows] Failed to read Windows system volume: No module named 'pycaw'
[16:28:29] [INFO] [orbit.actions] WheelAction 'Ses Ayarı' scrolled UP (mode=volume)
[16:28:29] [INFO] [orbit.platform.windows] Initialized WindowsPlatform
[16:28:29] [ERROR] [orbit.platform.windows] Failed to read Windows system volume: No module named 'pycaw'
[16:28:29] [INFO] [orbit.actions] WheelAction 'Ses Ayarı' scrolled UP (mode=volume)
[16:28:29] [INFO] [orbit.platform.windows] Initialized WindowsPlatform
[16:28:29] [ERROR] [orbit.platform.windows] Failed to read Windows system volume: No module named 'pycaw'
[16:28:29] [INFO] [orbit.actions] WheelAction 'Ses Ayarı' scrolled UP (mode=volume)
[16:28:29] [INFO] [orbit.platform.windows] Initialized WindowsPlatform
[16:28:29] [ERROR] [orbit.platform.windows] Failed to read Windows system volume: No module named 'pycaw'
[16:28:29] [INFO] [orbit.actions] WheelAction 'Ses Ayarı' scrolled UP (mode=volume)
[16:28:29] [INFO] [orbit.platform.windows] Initialized WindowsPlatform
[16:28:29] [ERROR] [orbit.platform.windows] Failed to read Windows system volume: No module named 'pycaw'
[16:28:29] [INFO] [orbit.actions] WheelAction 'Ses Ayarı' scrolled UP (mode=volume)
[16:28:29] [INFO] [orbit.platform.windows] Initialized WindowsPlatform
[16:28:29] [ERROR] [orbit.platform.windows] Failed to read Windows system volume: No module named 'pycaw'
[16:28:29] [INFO] [orbit.actions] WheelAction 'Ses Ayarı' scrolled UP (mode=volume)
[16:28:29] [INFO] [orbit.platform.windows] Initialized WindowsPlatform
[16:28:29] [ERROR] [orbit.platform.windows] Failed to read Windows system volume: No module named 'pycaw'
[16:28:29] [INFO] [orbit.actions] WheelAction 'Ses Ayarı' scrolled UP (mode=volume)
[16:28:29] [INFO] [orbit.platform.windows] Initialized WindowsPlatform
[16:28:29] [ERROR] [orbit.platform.windows] Failed to read Windows system volume: No module named 'pycaw'
[16:28:29] [INFO] [orbit.actions] WheelAction 'Ses Ayarı' scrolled UP (mode=volume)
[16:28:29] [INFO] [orbit.platform.windows] Initialized WindowsPlatform
[16:28:29] [ERROR] [orbit.platform.windows] Failed to read Windows system volume: No module named 'pycaw'
[16:28:29] [INFO] [orbit.actions] WheelAction 'Ses Ayarı' scrolled UP (mode=volume)
[16:28:29] [INFO] [orbit.platform.windows] Initialized WindowsPlatform
[16:28:29] [ERROR] [orbit.platform.windows] Failed to read Windows system volume: No module named 'pycaw'
[16:28:29] [INFO] [orbit.actions] WheelAction 'Ses Ayarı' scrolled UP (mode=volume)
[16:28:29] [INFO] [orbit.platform.windows] Initialized WindowsPlatform
[16:28:29] [ERROR] [orbit.platform.windows] Failed to read Windows system volume: No module named 'pycaw'
[16:28:29] [INFO] [orbit.actions] WheelAction 'Ses Ayarı' scrolled UP (mode=volume)
[16:28:29] [INFO] [orbit.platform.windows] Initialized WindowsPlatform
[16:28:29] [ERROR] [orbit.platform.windows] Failed to read Windows system volume: No module named 'pycaw'
[16:28:29] [INFO] [orbit.actions] WheelAction 'Ses Ayarı' scrolled UP (mode=volume)
[16:28:29] [INFO] [orbit.platform.windows] Initialized WindowsPlatform
[16:28:29] [ERROR] [orbit.platform.windows] Failed to read Windows system volume: No module named 'pycaw'
[16:28:29] [INFO] [orbit.actions] WheelAction 'Ses Ayarı' scrolled UP (mode=volume)
[16:28:29] [INFO] [orbit.platform.windows] Initialized WindowsPlatform
[16:28:29] [ERROR] [orbit.platform.windows] Failed to read Windows system volume: No module named 'pycaw'
[16:28:29] [INFO] [orbit.actions] WheelAction 'Ses Ayarı' scrolled UP (mode=volume)
[16:28:29] [INFO] [orbit.platform.windows] Initialized WindowsPlatform
[16:28:29] [ERROR] [orbit.platform.windows] Failed to read Windows system volume: No module named 'pycaw'
[16:28:29] [INFO] [orbit.actions] WheelAction 'Ses Ayarı' scrolled UP (mode=volume)
[16:28:29] [INFO] [orbit.platform.windows] Initialized WindowsPlatform
[16:28:29] [ERROR] [orbit.platform.windows] Failed to read Windows system volume: No module named 'pycaw'
[16:28:29] [INFO] [orbit.actions] WheelAction 'Ses Ayarı' scrolled UP (mode=volume)
[16:28:29] [INFO] [orbit.platform.windows] Initialized WindowsPlatform
[16:28:29] [ERROR] [orbit.platform.windows] Failed to read Windows system volume: No module named 'pycaw'
[16:28:29] [INFO] [orbit.actions] WheelAction 'Ses Ayarı' scrolled UP (mode=volume)
[16:28:29] [INFO] [orbit.platform.windows] Initialized WindowsPlatform
[16:28:29] [ERROR] [orbit.platform.windows] Failed to read Windows system volume: No module named 'pycaw'
[16:28:29] [INFO] [orbit.actions] WheelAction 'Ses Ayarı' scrolled UP (mode=volume)
[16:28:29] [INFO] [orbit.platform.windows] Initialized WindowsPlatform
[16:28:29] [ERROR] [orbit.platform.windows] Failed to read Windows system volume: No module named 'pycaw'
[16:28:29] [INFO] [orbit.actions] WheelAction 'Ses Ayarı' scrolled UP (mode=volume)
[16:28:29] [INFO] [orbit.platform.windows] Initialized WindowsPlatform
[16:28:29] [ERROR] [orbit.platform.windows] Failed to read Windows system volume: No module named 'pycaw'
[16:28:29] [INFO] [orbit.actions] WheelAction 'Ses Ayarı' scrolled UP (mode=volume)
[16:28:29] [INFO] [orbit.platform.windows] Initialized WindowsPlatform
[16:28:29] [ERROR] [orbit.platform.windows] Failed to read Windows system volume: No module named 'pycaw'
[16:28:29] [INFO] [orbit.actions] WheelAction 'Ses Ayarı' scrolled UP (mode=volume)
[16:28:29] [INFO] [orbit.platform.windows] Initialized WindowsPlatform
[16:28:29] [ERROR] [orbit.platform.windows] Failed to read Windows system volume: No module named 'pycaw'
[16:28:29] [INFO] [orbit.actions] WheelAction 'Ses Ayarı' scrolled UP (mode=volume)
[16:28:29] [INFO] [orbit.platform.windows] Initialized WindowsPlatform
[16:28:29] [ERROR] [orbit.platform.windows] Failed to read Windows system volume: No module named 'pycaw'
[16:28:29] [INFO] [orbit.actions] WheelAction 'Ses Ayarı' scrolled UP (mode=volume)
[16:28:29] [INFO] [orbit.platform.windows] Initialized WindowsPlatform
[16:28:29] [ERROR] [orbit.platform.windows] Failed to read Windows system volume: No module named 'pycaw'
[16:28:29] [INFO] [orbit.actions] WheelAction 'Ses Ayarı' scrolled UP (mode=volume)
[16:28:29] [INFO] [orbit.platform.windows] Initialized WindowsPlatform
[16:28:29] [ERROR] [orbit.platform.windows] Failed to read Windows system volume: No module named 'pycaw'
[16:28:30] [INFO] [orbit.actions] WheelAction 'Ses Ayarı' scrolled UP (mode=volume)
[16:28:30] [INFO] [orbit.platform.windows] Initialized WindowsPlatform
[16:28:30] [ERROR] [orbit.platform.windows] Failed to read Windows system volume: No module named 'pycaw'
[16:28:30] [INFO] [orbit.actions] WheelAction 'Ses Ayarı' scrolled UP (mode=volume)
[16:28:30] [INFO] [orbit.platform.windows] Initialized WindowsPlatform
[16:28:30] [ERROR] [orbit.platform.windows] Failed to read Windows system volume: No module named 'pycaw'
[16:28:30] [INFO] [orbit.actions] WheelAction 'Ses Ayarı' scrolled UP (mode=volume)
[16:28:30] [INFO] [orbit.platform.windows] Initialized WindowsPlatform
[16:28:30] [ERROR] [orbit.platform.windows] Failed to read Windows system volume: No module named 'pycaw'
[16:28:30] [INFO] [orbit.actions] WheelAction 'Ses Ayarı' scrolled UP (mode=volume)
[16:28:30] [INFO] [orbit.platform.windows] Initialized WindowsPlatform
[16:28:30] [ERROR] [orbit.platform.windows] Failed to read Windows system volume: No module named 'pycaw'
[16:28:30] [INFO] [orbit.actions] WheelAction 'Ses Ayarı' scrolled UP (mode=volume)
[16:28:30] [INFO] [orbit.platform.windows] Initialized WindowsPlatform
[16:28:30] [ERROR] [orbit.platform.windows] Failed to read Windows system volume: No module named 'pycaw'
[16:28:30] [INFO] [orbit.actions] WheelAction 'Ses Ayarı' scrolled UP (mode=volume)
[16:28:30] [INFO] [orbit.platform.windows] Initialized WindowsPlatform
[16:28:30] [ERROR] [orbit.platform.windows] Failed to read Windows system volume: No module named 'pycaw'
[16:28:30] [INFO] [orbit.actions] WheelAction 'Ses Ayarı' scrolled UP (mode=volume)
[16:28:30] [INFO] [orbit.platform.windows] Initialized WindowsPlatform
[16:28:30] [ERROR] [orbit.platform.windows] Failed to read Windows system volume: No module named 'pycaw'
[16:28:30] [INFO] [orbit.actions] WheelAction 'Ses Ayarı' scrolled UP (mode=volume)
[16:28:30] [INFO] [orbit.platform.windows] Initialized WindowsPlatform
[16:28:30] [ERROR] [orbit.platform.windows] Failed to read Windows system volume: No module named 'pycaw'
[16:28:30] [INFO] [orbit.actions] WheelAction 'Ses Ayarı' scrolled UP (mode=volume)
[16:28:30] [INFO] [orbit.platform.windows] Initialized WindowsPlatform
[16:28:30] [ERROR] [orbit.platform.windows] Failed to read Windows system volume: No module named 'pycaw'
[16:28:30] [INFO] [orbit.actions] WheelAction 'Ses Ayarı' scrolled UP (mode=volume)
[16:28:30] [INFO] [orbit.platform.windows] Initialized WindowsPlatform
[16:28:30] [ERROR] [orbit.platform.windows] Failed to read Windows system volume: No module named 'pycaw'
[16:28:31] [INFO] [orbit.actions] WheelAction 'Ses Ayarı' scrolled UP (mode=volume)
[16:28:31] [INFO] [orbit.platform.windows] Initialized WindowsPlatform
[16:28:31] [ERROR] [orbit.platform.windows] Failed to read Windows system volume: No module named 'pycaw'
[16:28:31] [INFO] [orbit.actions] WheelAction 'Ses Ayarı' scrolled UP (mode=volume)
[16:28:31] [INFO] [orbit.platform.windows] Initialized WindowsPlatform
[16:28:31] [ERROR] [orbit.platform.windows] Failed to read Windows system volume: No module named 'pycaw'
[16:28:31] [INFO] [orbit.actions] WheelAction 'Ses Ayarı' scrolled UP (mode=volume)
[16:28:31] [INFO] [orbit.platform.windows] Initialized WindowsPlatform
[16:28:31] [ERROR] [orbit.platform.windows] Failed to read Windows system volume: No module named 'pycaw'
[16:28:31] [INFO] [orbit.actions] WheelAction 'Ses Ayarı' scrolled UP (mode=volume)
[16:28:31] [INFO] [orbit.platform.windows] Initialized WindowsPlatform
[16:28:31] [ERROR] [orbit.platform.windows] Failed to read Windows system volume: No module named 'pycaw'
[16:28:31] [INFO] [orbit.actions] WheelAction 'Ses Ayarı' scrolled UP (mode=volume)
[16:28:31] [INFO] [orbit.platform.windows] Initialized WindowsPlatform
[16:28:31] [ERROR] [orbit.platform.windows] Failed to read Windows system volume: No module named 'pycaw'
[16:28:31] [INFO] [orbit.actions] WheelAction 'Ses Ayarı' scrolled UP (mode=volume)
[16:28:31] [INFO] [orbit.platform.windows] Initialized WindowsPlatform
[16:28:31] [ERROR] [orbit.platform.windows] Failed to read Windows system volume: No module named 'pycaw'
[16:28:31] [INFO] [orbit.actions] WheelAction 'Ses Ayarı' scrolled DOWN (mode=volume)
[16:28:31] [INFO] [orbit.platform.windows] Initialized WindowsPlatform
[16:28:31] [ERROR] [orbit.platform.windows] Failed to read Windows system volume: No module named 'pycaw'
[16:28:31] [INFO] [orbit.actions] WheelAction 'Ses Ayarı' scrolled DOWN (mode=volume)
[16:28:31] [INFO] [orbit.platform.windows] Initialized WindowsPlatform
[16:28:31] [ERROR] [orbit.platform.windows] Failed to read Windows system volume: No module named 'pycaw'
[16:28:31] [INFO] [orbit.actions] WheelAction 'Ses Ayarı' scrolled DOWN (mode=volume)
[16:28:31] [INFO] [orbit.platform.windows] Initialized WindowsPlatform
[16:28:31] [ERROR] [orbit.platform.windows] Failed to read Windows system volume: No module named 'pycaw'
[16:28:31] [INFO] [orbit.actions] WheelAction 'Ses Ayarı' scrolled DOWN (mode=volume)
[16:28:31] [INFO] [orbit.platform.windows] Initialized WindowsPlatform
[16:28:31] [ERROR] [orbit.platform.windows] Failed to read Windows system volume: No module named 'pycaw'
[16:28:31] [INFO] [orbit.actions] WheelAction 'Ses Ayarı' scrolled DOWN (mode=volume)
[16:28:31] [INFO] [orbit.platform.windows] Initialized WindowsPlatform
[16:28:31] [ERROR] [orbit.platform.windows] Failed to read Windows system volume: No module named 'pycaw'
[16:28:31] [INFO] [orbit.actions] WheelAction 'Ses Ayarı' scrolled DOWN (mode=volume)
[16:28:31] [INFO] [orbit.platform.windows] Initialized WindowsPlatform
[16:28:31] [ERROR] [orbit.platform.windows] Failed to read Windows system volume: No module named 'pycaw'
[16:28:32] [INFO] [orbit.actions] WheelAction 'Ses Ayarı' scrolled DOWN (mode=volume)
[16:28:32] [INFO] [orbit.platform.windows] Initialized WindowsPlatform
[16:28:32] [ERROR] [orbit.platform.windows] Failed to read Windows system volume: No module named 'pycaw'
[16:28:32] [INFO] [orbit.actions] WheelAction 'Ses Ayarı' scrolled DOWN (mode=volume)
[16:28:32] [INFO] [orbit.platform.windows] Initialized WindowsPlatform
[16:28:32] [ERROR] [orbit.platform.windows] Failed to read Windows system volume: No module named 'pycaw'
[16:28:32] [INFO] [orbit.actions] WheelAction 'Ses Ayarı' scrolled DOWN (mode=volume)
[16:28:32] [INFO] [orbit.platform.windows] Initialized WindowsPlatform
[16:28:32] [ERROR] [orbit.platform.windows] Failed to read Windows system volume: No module named 'pycaw'
[16:28:32] [INFO] [orbit.actions] WheelAction 'Ses Ayarı' scrolled DOWN (mode=volume)
[16:28:32] [INFO] [orbit.platform.windows] Initialized WindowsPlatform
[16:28:32] [ERROR] [orbit.platform.windows] Failed to read Windows system volume: No module named 'pycaw'
[16:28:32] [INFO] [orbit.actions] WheelAction 'Ses Ayarı' scrolled DOWN (mode=volume)
[16:28:32] [INFO] [orbit.platform.windows] Initialized WindowsPlatform
[16:28:32] [ERROR] [orbit.platform.windows] Failed to read Windows system volume: No module named 'pycaw'
[16:28:32] [INFO] [orbit.actions] WheelAction 'Ses Ayarı' scrolled DOWN (mode=volume)
[16:28:32] [INFO] [orbit.platform.windows] Initialized WindowsPlatform
[16:28:32] [ERROR] [orbit.platform.windows] Failed to read Windows system volume: No module named 'pycaw'
[16:28:32] [INFO] [orbit.actions] WheelAction 'Ses Ayarı' scrolled DOWN (mode=volume)
[16:28:32] [INFO] [orbit.platform.windows] Initialized WindowsPlatform
[16:28:32] [ERROR] [orbit.platform.windows] Failed to read Windows system volume: No module named 'pycaw'
[16:28:32] [INFO] [orbit.actions] WheelAction 'Ses Ayarı' scrolled DOWN (mode=volume)
[16:28:32] [INFO] [orbit.platform.windows] Initialized WindowsPlatform
[16:28:32] [ERROR] [orbit.platform.windows] Failed to read Windows system volume: No module named 'pycaw'
[16:28:32] [INFO] [orbit.actions] WheelAction 'Ses Ayarı' scrolled DOWN (mode=volume)
[16:28:32] [INFO] [orbit.platform.windows] Initialized WindowsPlatform
[16:28:32] [ERROR] [orbit.platform.windows] Failed to read Windows system volume: No module named 'pycaw'
[16:28:32] [INFO] [orbit.actions] WheelAction 'Ses Ayarı' scrolled DOWN (mode=volume)
[16:28:32] [INFO] [orbit.platform.windows] Initialized WindowsPlatform
[16:28:32] [ERROR] [orbit.platform.windows] Failed to read Windows system volume: No module named 'pycaw'
[16:28:32] [INFO] [orbit.actions] WheelAction 'Ses Ayarı' scrolled DOWN (mode=volume)
[16:28:32] [INFO] [orbit.platform.windows] Initialized WindowsPlatform
[16:28:32] [ERROR] [orbit.platform.windows] Failed to read Windows system volume: No module named 'pycaw'
[16:28:32] [INFO] [orbit.actions] WheelAction 'Ses Ayarı' scrolled DOWN (mode=volume)
[16:28:32] [INFO] [orbit.platform.windows] Initialized WindowsPlatform
[16:28:32] [ERROR] [orbit.platform.windows] Failed to read Windows system volume: No module named 'pycaw'
[16:28:32] [INFO] [orbit.actions] WheelAction 'Ses Ayarı' scrolled DOWN (mode=volume)
[16:28:32] [INFO] [orbit.platform.windows] Initialized WindowsPlatform
[16:28:32] [ERROR] [orbit.platform.windows] Failed to read Windows system volume: No module named 'pycaw'
[16:28:32] [INFO] [orbit.actions] WheelAction 'Ses Ayarı' scrolled DOWN (mode=volume)
[16:28:32] [INFO] [orbit.platform.windows] Initialized WindowsPlatform
[16:28:32] [ERROR] [orbit.platform.windows] Failed to read Windows system volume: No module named 'pycaw'
[16:28:32] [INFO] [orbit.actions] WheelAction 'Ses Ayarı' scrolled DOWN (mode=volume)
[16:28:32] [INFO] [orbit.platform.windows] Initialized WindowsPlatform
[16:28:32] [ERROR] [orbit.platform.windows] Failed to read Windows system volume: No module named 'pycaw'
[16:28:32] [INFO] [orbit.actions] WheelAction 'Ses Ayarı' scrolled DOWN (mode=volume)
[16:28:32] [INFO] [orbit.platform.windows] Initialized WindowsPlatform
[16:28:32] [ERROR] [orbit.platform.windows] Failed to read Windows system volume: No module named 'pycaw'
[16:28:32] [INFO] [orbit.actions] WheelAction 'Ses Ayarı' scrolled DOWN (mode=volume)
[16:28:32] [INFO] [orbit.platform.windows] Initialized WindowsPlatform
[16:28:32] [ERROR] [orbit.platform.windows] Failed to read Windows system volume: No module named 'pycaw'
[16:28:32] [INFO] [orbit.actions] WheelAction 'Ses Ayarı' scrolled DOWN (mode=volume)
[16:28:32] [INFO] [orbit.platform.windows] Initialized WindowsPlatform
[16:28:32] [ERROR] [orbit.platform.windows] Failed to read Windows system volume: No module named 'pycaw'
[16:28:33] [INFO] [orbit.actions] WheelAction 'Ses Ayarı' scrolled DOWN (mode=volume)
[16:28:33] [INFO] [orbit.platform.windows] Initialized WindowsPlatform
[16:28:33] [ERROR] [orbit.platform.windows] Failed to read Windows system volume: No module named 'pycaw'
[16:28:33] [INFO] [orbit.actions] WheelAction 'Ses Ayarı' scrolled DOWN (mode=volume)
[16:28:33] [INFO] [orbit.platform.windows] Initialized WindowsPlatform
[16:28:33] [ERROR] [orbit.platform.windows] Failed to read Windows system volume: No module named 'pycaw'
[16:28:33] [INFO] [orbit.actions] WheelAction 'Ses Ayarı' scrolled DOWN (mode=volume)
[16:28:33] [INFO] [orbit.platform.windows] Initialized WindowsPlatform
[16:28:33] [ERROR] [orbit.platform.windows] Failed to read Windows system volume: No module named 'pycaw'
[16:28:33] [INFO] [orbit.actions] WheelAction 'Ses Ayarı' scrolled DOWN (mode=volume)
[16:28:33] [INFO] [orbit.platform.windows] Initialized WindowsPlatform
[16:28:33] [ERROR] [orbit.platform.windows] Failed to read Windows system volume: No module named 'pycaw'
[16:28:33] [INFO] [orbit.actions] WheelAction 'Ses Ayarı' scrolled DOWN (mode=volume)
[16:28:33] [INFO] [orbit.platform.windows] Initialized WindowsPlatform
[16:28:33] [ERROR] [orbit.platform.windows] Failed to read Windows system volume: No module named 'pycaw'
[16:28:33] [INFO] [orbit.actions] WheelAction 'Ses Ayarı' scrolled DOWN (mode=volume)
[16:28:33] [INFO] [orbit.platform.windows] Initialized WindowsPlatform
[16:28:33] [ERROR] [orbit.platform.windows] Failed to read Windows system volume: No module named 'pycaw'
[16:28:33] [INFO] [orbit.actions] WheelAction 'Ses Ayarı' scrolled DOWN (mode=volume)
[16:28:33] [INFO] [orbit.platform.windows] Initialized WindowsPlatform
[16:28:33] [ERROR] [orbit.platform.windows] Failed to read Windows system volume: No module named 'pycaw'
[16:28:33] [INFO] [orbit.actions] WheelAction 'Ses Ayarı' scrolled DOWN (mode=volume)
[16:28:33] [INFO] [orbit.platform.windows] Initialized WindowsPlatform
[16:28:33] [ERROR] [orbit.platform.windows] Failed to read Windows system volume: No module named 'pycaw'
[16:28:33] [INFO] [orbit.actions] WheelAction 'Ses Ayarı' scrolled DOWN (mode=volume)
[16:28:33] [INFO] [orbit.platform.windows] Initialized WindowsPlatform
[16:28:33] [ERROR] [orbit.platform.windows] Failed to read Windows system volume: No module named 'pycaw'
[16:28:33] [INFO] [orbit.actions] WheelAction 'Ses Ayarı' scrolled DOWN (mode=volume)
[16:28:33] [INFO] [orbit.platform.windows] Initialized WindowsPlatform
[16:28:33] [ERROR] [orbit.platform.windows] Failed to read Windows system volume: No module named 'pycaw'
[16:28:33] [INFO] [orbit.actions] WheelAction 'Ses Ayarı' scrolled DOWN (mode=volume)
[16:28:33] [INFO] [orbit.platform.windows] Initialized WindowsPlatform
[16:28:33] [ERROR] [orbit.platform.windows] Failed to read Windows system volume: No module named 'pycaw'
[16:28:33] [INFO] [orbit.actions] WheelAction 'Ses Ayarı' scrolled DOWN (mode=volume)
[16:28:33] [INFO] [orbit.platform.windows] Initialized WindowsPlatform
[16:28:33] [ERROR] [orbit.platform.windows] Failed to read Windows system volume: No module named 'pycaw'
[16:28:34] [INFO] [orbit.actions] WheelAction 'Ses Ayarı' scrolled DOWN (mode=volume)
[16:28:34] [INFO] [orbit.platform.windows] Initialized WindowsPlatform
[16:28:34] [ERROR] [orbit.platform.windows] Failed to read Windows system volume: No module named 'pycaw'
[16:28:34] [INFO] [orbit.actions] WheelAction 'Ses Ayarı' scrolled DOWN (mode=volume)
[16:28:34] [INFO] [orbit.platform.windows] Initialized WindowsPlatform
[16:28:34] [ERROR] [orbit.platform.windows] Failed to read Windows system volume: No module named 'pycaw'
[16:28:34] [INFO] [orbit.actions] WheelAction 'Ses Ayarı' scrolled DOWN (mode=volume)
[16:28:34] [INFO] [orbit.platform.windows] Initialized WindowsPlatform
[16:28:34] [ERROR] [orbit.platform.windows] Failed to read Windows system volume: No module named 'pycaw'
[16:28:34] [INFO] [orbit.actions] WheelAction 'Ses Ayarı' scrolled DOWN (mode=volume)
[16:28:34] [INFO] [orbit.platform.windows] Initialized WindowsPlatform
[16:28:34] [ERROR] [orbit.platform.windows] Failed to read Windows system volume: No module named 'pycaw'
[16:28:34] [INFO] [orbit.actions] WheelAction 'Ses Ayarı' scrolled DOWN (mode=volume)
[16:28:34] [INFO] [orbit.platform.windows] Initialized WindowsPlatform
[16:28:34] [ERROR] [orbit.platform.windows] Failed to read Windows system volume: No module named 'pycaw'
[16:28:34] [INFO] [orbit.actions] WheelAction 'Ses Ayarı' scrolled DOWN (mode=volume)
[16:28:34] [INFO] [orbit.platform.windows] Initialized WindowsPlatform
[16:28:34] [ERROR] [orbit.platform.windows] Failed to read Windows system volume: No module named 'pycaw'
[16:28:34] [INFO] [orbit.actions] WheelAction 'Ses Ayarı' scrolled DOWN (mode=volume)
[16:28:34] [INFO] [orbit.platform.windows] Initialized WindowsPlatform
[16:28:34] [ERROR] [orbit.platform.windows] Failed to read Windows system volume: No module named 'pycaw'
[16:28:34] [INFO] [orbit.actions] WheelAction 'Ses Ayarı' scrolled DOWN (mode=volume)
[16:28:34] [INFO] [orbit.platform.windows] Initialized WindowsPlatform
[16:28:34] [ERROR] [orbit.platform.windows] Failed to read Windows system volume: No module named 'pycaw'
[16:28:34] [INFO] [orbit.actions] WheelAction 'Ses Ayarı' scrolled DOWN (mode=volume)
[16:28:34] [INFO] [orbit.platform.windows] Initialized WindowsPlatform
[16:28:34] [ERROR] [orbit.platform.windows] Failed to read Windows system volume: No module named 'pycaw'
[16:28:34] [INFO] [orbit.actions] WheelAction 'Ses Ayarı' scrolled DOWN (mode=volume)
[16:28:34] [INFO] [orbit.platform.windows] Initialized WindowsPlatform
[16:28:34] [ERROR] [orbit.platform.windows] Failed to read Windows system volume: No module named 'pycaw'
[16:28:34] [INFO] [orbit.actions] WheelAction 'Ses Ayarı' scrolled DOWN (mode=volume)
[16:28:34] [INFO] [orbit.platform.windows] Initialized WindowsPlatform
[16:28:34] [ERROR] [orbit.platform.windows] Failed to read Windows system volume: No module named 'pycaw'
[16:28:35] [INFO] [orbit.actions] WheelAction 'Ses Ayarı' scrolled DOWN (mode=volume)
[16:28:35] [INFO] [orbit.platform.windows] Initialized WindowsPlatform
[16:28:35] [ERROR] [orbit.platform.windows] Failed to read Windows system volume: No module named 'pycaw'
[16:28:35] [INFO] [orbit.actions] WheelAction 'Ses Ayarı' scrolled DOWN (mode=volume)
[16:28:35] [INFO] [orbit.platform.windows] Initialized WindowsPlatform
[16:28:35] [ERROR] [orbit.platform.windows] Failed to read Windows system volume: No module named 'pycaw'
[16:28:35] [INFO] [orbit.actions] WheelAction 'Ses Ayarı' scrolled DOWN (mode=volume)
[16:28:35] [INFO] [orbit.platform.windows] Initialized WindowsPlatform
[16:28:35] [ERROR] [orbit.platform.windows] Failed to read Windows system volume: No module named 'pycaw'
[16:28:35] [INFO] [orbit.actions] WheelAction 'Ses Ayarı' scrolled DOWN (mode=volume)
[16:28:35] [INFO] [orbit.platform.windows] Initialized WindowsPlatform
[16:28:35] [ERROR] [orbit.platform.windows] Failed to read Windows system volume: No module named 'pycaw'
[16:28:35] [INFO] [orbit.actions] WheelAction 'Ses Ayarı' scrolled DOWN (mode=volume)
[16:28:35] [INFO] [orbit.platform.windows] Initialized WindowsPlatform
[16:28:35] [ERROR] [orbit.platform.windows] Failed to read Windows system volume: No module named 'pycaw'
[16:28:35] [INFO] [orbit.actions] WheelAction 'Ses Ayarı' scrolled DOWN (mode=volume)
[16:28:35] [INFO] [orbit.platform.windows] Initialized WindowsPlatform
[16:28:35] [ERROR] [orbit.platform.windows] Failed to read Windows system volume: No module named 'pycaw'
[16:28:35] [INFO] [orbit.actions] WheelAction 'Ses Ayarı' scrolled UP (mode=volume)
[16:28:35] [INFO] [orbit.platform.windows] Initialized WindowsPlatform
[16:28:35] [ERROR] [orbit.platform.windows] Failed to read Windows system volume: No module named 'pycaw'
[16:28:35] [INFO] [orbit.actions] WheelAction 'Ses Ayarı' scrolled UP (mode=volume)
[16:28:35] [INFO] [orbit.platform.windows] Initialized WindowsPlatform
[16:28:35] [ERROR] [orbit.platform.windows] Failed to read Windows system volume: No module named 'pycaw'
[16:28:35] [INFO] [orbit.actions] WheelAction 'Ses Ayarı' scrolled UP (mode=volume)
[16:28:35] [INFO] [orbit.platform.windows] Initialized WindowsPlatform
[16:28:35] [ERROR] [orbit.platform.windows] Failed to read Windows system volume: No module named 'pycaw'
[16:28:35] [INFO] [orbit.actions] WheelAction 'Ses Ayarı' scrolled UP (mode=volume)
[16:28:35] [INFO] [orbit.platform.windows] Initialized WindowsPlatform
[16:28:35] [ERROR] [orbit.platform.windows] Failed to read Windows system volume: No module named 'pycaw'
[16:28:35] [INFO] [orbit.actions] WheelAction 'Ses Ayarı' scrolled UP (mode=volume)
[16:28:35] [INFO] [orbit.platform.windows] Initialized WindowsPlatform
[16:28:35] [ERROR] [orbit.platform.windows] Failed to read Windows system volume: No module named 'pycaw'
[16:28:35] [INFO] [orbit.actions] WheelAction 'Ses Ayarı' scrolled UP (mode=volume)
[16:28:35] [INFO] [orbit.platform.windows] Initialized WindowsPlatform
[16:28:35] [ERROR] [orbit.platform.windows] Failed to read Windows system volume: No module named 'pycaw'
[16:28:36] [INFO] [orbit.actions] WheelAction 'Ses Ayarı' scrolled UP (mode=volume)
[16:28:36] [INFO] [orbit.platform.windows] Initialized WindowsPlatform
[16:28:36] [ERROR] [orbit.platform.windows] Failed to read Windows system volume: No module named 'pycaw'
[16:28:36] [INFO] [orbit.actions] WheelAction 'Ses Ayarı' scrolled UP (mode=volume)
[16:28:36] [INFO] [orbit.platform.windows] Initialized WindowsPlatform
[16:28:36] [ERROR] [orbit.platform.windows] Failed to read Windows system volume: No module named 'pycaw'
[16:28:36] [INFO] [orbit.actions] WheelAction 'Ses Ayarı' scrolled UP (mode=volume)
[16:28:36] [INFO] [orbit.platform.windows] Initialized WindowsPlatform
[16:28:36] [ERROR] [orbit.platform.windows] Failed to read Windows system volume: No module named 'pycaw'
[16:28:36] [INFO] [orbit.actions] WheelAction 'Ses Ayarı' scrolled UP (mode=volume)
[16:28:36] [INFO] [orbit.platform.windows] Initialized WindowsPlatform
[16:28:36] [ERROR] [orbit.platform.windows] Failed to read Windows system volume: No module named 'pycaw'
[16:28:36] [INFO] [orbit.actions] WheelAction 'Ses Ayarı' scrolled UP (mode=volume)
[16:28:36] [INFO] [orbit.platform.windows] Initialized WindowsPlatform
[16:28:36] [ERROR] [orbit.platform.windows] Failed to read Windows system volume: No module named 'pycaw'
[16:28:36] [INFO] [orbit.actions] WheelAction 'Ses Ayarı' scrolled UP (mode=volume)
[16:28:36] [INFO] [orbit.platform.windows] Initialized WindowsPlatform
[16:28:36] [ERROR] [orbit.platform.windows] Failed to read Windows system volume: No module named 'pycaw'
[16:28:36] [INFO] [orbit.actions] WheelAction 'Ses Ayarı' scrolled UP (mode=volume)
[16:28:36] [INFO] [orbit.platform.windows] Initialized WindowsPlatform
[16:28:36] [ERROR] [orbit.platform.windows] Failed to read Windows system volume: No module named 'pycaw'
[16:28:37] [INFO] [orbit.actions] WheelAction 'Ses Ayarı' scrolled UP (mode=volume)
[16:28:37] [INFO] [orbit.platform.windows] Initialized WindowsPlatform
[16:28:37] [ERROR] [orbit.platform.windows] Failed to read Windows system volume: No module named 'pycaw'
[16:28:37] [INFO] [orbit.actions] WheelAction 'Ses Ayarı' scrolled UP (mode=volume)
[16:28:37] [INFO] [orbit.platform.windows] Initialized WindowsPlatform
[16:28:37] [ERROR] [orbit.platform.windows] Failed to read Windows system volume: No module named 'pycaw'
[16:28:37] [INFO] [orbit.actions] WheelAction 'Ses Ayarı' scrolled UP (mode=volume)
[16:28:37] [INFO] [orbit.platform.windows] Initialized WindowsPlatform
[16:28:37] [ERROR] [orbit.platform.windows] Failed to read Windows system volume: No module named 'pycaw'
[16:28:37] [INFO] [orbit.actions] WheelAction 'Ses Ayarı' scrolled UP (mode=volume)
[16:28:37] [INFO] [orbit.platform.windows] Initialized WindowsPlatform
[16:28:37] [ERROR] [orbit.platform.windows] Failed to read Windows system volume: No module named 'pycaw'
[16:28:37] [INFO] [orbit.actions] WheelAction 'Ses Ayarı' scrolled UP (mode=volume)
[16:28:37] [INFO] [orbit.platform.windows] Initialized WindowsPlatform
[16:28:37] [ERROR] [orbit.platform.windows] Failed to read Windows system volume: No module named 'pycaw'
[16:28:37] [INFO] [orbit.actions] WheelAction 'Ses Ayarı' scrolled UP (mode=volume)
[16:28:37] [INFO] [orbit.platform.windows] Initialized WindowsPlatform
[16:28:37] [ERROR] [orbit.platform.windows] Failed to read Windows system volume: No module named 'pycaw'
[16:28:37] [INFO] [orbit.actions] WheelAction 'Ses Ayarı' scrolled UP (mode=volume)
[16:28:37] [INFO] [orbit.platform.windows] Initialized WindowsPlatform
[16:28:37] [ERROR] [orbit.platform.windows] Failed to read Windows system volume: No module named 'pycaw'
[16:28:37] [INFO] [orbit.actions] WheelAction 'Ses Ayarı' scrolled UP (mode=volume)
[16:28:37] [INFO] [orbit.platform.windows] Initialized WindowsPlatform
[16:28:37] [ERROR] [orbit.platform.windows] Failed to read Windows system volume: No module named 'pycaw'
[16:28:37] [INFO] [orbit.actions] WheelAction 'Ses Ayarı' scrolled UP (mode=volume)
[16:28:37] [INFO] [orbit.platform.windows] Initialized WindowsPlatform
[16:28:37] [ERROR] [orbit.platform.windows] Failed to read Windows system volume: No module named 'pycaw'
[16:28:37] [INFO] [orbit.actions] WheelAction 'Ses Ayarı' scrolled UP (mode=volume)
[16:28:37] [INFO] [orbit.platform.windows] Initialized WindowsPlatform
[16:28:37] [ERROR] [orbit.platform.windows] Failed to read Windows system volume: No module named 'pycaw'
[16:28:37] [INFO] [orbit.actions] WheelAction 'Ses Ayarı' scrolled UP (mode=volume)
[16:28:37] [INFO] [orbit.platform.windows] Initialized WindowsPlatform
[16:28:37] [ERROR] [orbit.platform.windows] Failed to read Windows system volume: No module named 'pycaw'
[16:28:37] [INFO] [orbit.actions] WheelAction 'Ses Ayarı' scrolled UP (mode=volume)
[16:28:37] [INFO] [orbit.platform.windows] Initialized WindowsPlatform
[16:28:37] [ERROR] [orbit.platform.windows] Failed to read Windows system volume: No module named 'pycaw'
[16:28:37] [INFO] [orbit.actions] WheelAction 'Ses Ayarı' scrolled UP (mode=volume)
[16:28:37] [INFO] [orbit.platform.windows] Initialized WindowsPlatform
[16:28:37] [ERROR] [orbit.platform.windows] Failed to read Windows system volume: No module named 'pycaw'
[16:28:37] [INFO] [orbit.actions] WheelAction 'Ses Ayarı' scrolled UP (mode=volume)
[16:28:37] [INFO] [orbit.platform.windows] Initialized WindowsPlatform
[16:28:37] [ERROR] [orbit.platform.windows] Failed to read Windows system volume: No module named 'pycaw'
[16:28:37] [INFO] [orbit.actions] WheelAction 'Ses Ayarı' scrolled UP (mode=volume)
[16:28:37] [INFO] [orbit.platform.windows] Initialized WindowsPlatform
[16:28:37] [ERROR] [orbit.platform.windows] Failed to read Windows system volume: No module named 'pycaw'
[16:28:38] [INFO] [orbit.actions] WheelAction 'Ses Ayarı' scrolled UP (mode=volume)
[16:28:38] [INFO] [orbit.platform.windows] Initialized WindowsPlatform
[16:28:38] [ERROR] [orbit.platform.windows] Failed to read Windows system volume: No module named 'pycaw'
[16:28:38] [INFO] [orbit.actions] WheelAction 'Ses Ayarı' scrolled UP (mode=volume)
[16:28:38] [INFO] [orbit.platform.windows] Initialized WindowsPlatform
[16:28:38] [ERROR] [orbit.platform.windows] Failed to read Windows system volume: No module named 'pycaw'
[16:28:38] [INFO] [orbit.actions] WheelAction 'Ses Ayarı' scrolled UP (mode=volume)
[16:28:38] [INFO] [orbit.platform.windows] Initialized WindowsPlatform
[16:28:38] [ERROR] [orbit.platform.windows] Failed to read Windows system volume: No module named 'pycaw'
[16:28:38] [INFO] [orbit.actions] WheelAction 'Ses Ayarı' scrolled UP (mode=volume)
[16:28:38] [INFO] [orbit.platform.windows] Initialized WindowsPlatform
[16:28:38] [ERROR] [orbit.platform.windows] Failed to read Windows system volume: No module named 'pycaw'
[16:28:38] [INFO] [orbit.actions] WheelAction 'Ses Ayarı' scrolled UP (mode=volume)
[16:28:38] [INFO] [orbit.platform.windows] Initialized WindowsPlatform
[16:28:38] [ERROR] [orbit.platform.windows] Failed to read Windows system volume: No module named 'pycaw'
[16:28:38] [INFO] [orbit.actions] WheelAction 'Ses Ayarı' scrolled UP (mode=volume)
[16:28:38] [INFO] [orbit.platform.windows] Initialized WindowsPlatform
[16:28:38] [ERROR] [orbit.platform.windows] Failed to read Windows system volume: No module named 'pycaw'
[16:28:38] [INFO] [orbit.actions] WheelAction 'Ses Ayarı' scrolled UP (mode=volume)
[16:28:38] [INFO] [orbit.platform.windows] Initialized WindowsPlatform
[16:28:38] [ERROR] [orbit.platform.windows] Failed to read Windows system volume: No module named 'pycaw'
[16:28:39] [INFO] [orbit.actions] WheelAction 'Ses Ayarı' scrolled UP (mode=volume)
[16:28:39] [INFO] [orbit.platform.windows] Initialized WindowsPlatform
[16:28:39] [ERROR] [orbit.platform.windows] Failed to read Windows system volume: No module named 'pycaw'
[16:28:39] [INFO] [orbit.actions] WheelAction 'Ses Ayarı' scrolled UP (mode=volume)
[16:28:39] [INFO] [orbit.platform.windows] Initialized WindowsPlatform
[16:28:39] [ERROR] [orbit.platform.windows] Failed to read Windows system volume: No module named 'pycaw'
[16:28:39] [INFO] [orbit.actions] WheelAction 'Ses Ayarı' scrolled UP (mode=volume)
[16:28:39] [INFO] [orbit.platform.windows] Initialized WindowsPlatform
[16:28:39] [ERROR] [orbit.platform.windows] Failed to read Windows system volume: No module named 'pycaw'
[16:28:39] [INFO] [orbit.actions] WheelAction 'Ses Ayarı' scrolled UP (mode=volume)
[16:28:39] [INFO] [orbit.platform.windows] Initialized WindowsPlatform
[16:28:39] [ERROR] [orbit.platform.windows] Failed to read Windows system volume: No module named 'pycaw'
[16:28:39] [INFO] [orbit.actions] WheelAction 'Ses Ayarı' scrolled UP (mode=volume)
[16:28:39] [INFO] [orbit.platform.windows] Initialized WindowsPlatform
[16:28:39] [ERROR] [orbit.platform.windows] Failed to read Windows system volume: No module named 'pycaw'
[16:28:39] [INFO] [orbit.actions] WheelAction 'Ses Ayarı' scrolled UP (mode=volume)
[16:28:39] [INFO] [orbit.platform.windows] Initialized WindowsPlatform
[16:28:39] [ERROR] [orbit.platform.windows] Failed to read Windows system volume: No module named 'pycaw'
[16:28:39] [INFO] [orbit.actions] WheelAction 'Ses Ayarı' scrolled UP (mode=volume)
[16:28:39] [INFO] [orbit.platform.windows] Initialized WindowsPlatform
[16:28:39] [ERROR] [orbit.platform.windows] Failed to read Windows system volume: No module named 'pycaw'
[16:28:41] [INFO] [orbit.actions] WheelAction 'Ses Ayarı' scrolled UP (mode=volume)
[16:28:41] [INFO] [orbit.platform.windows] Initialized WindowsPlatform
[16:28:41] [ERROR] [orbit.platform.windows] Failed to read Windows system volume: No module named 'pycaw'
[16:28:41] [INFO] [orbit.actions] WheelAction 'Ses Ayarı' scrolled UP (mode=volume)
[16:28:41] [INFO] [orbit.platform.windows] Initialized WindowsPlatform
[16:28:41] [ERROR] [orbit.platform.windows] Failed to read Windows system volume: No module named 'pycaw'
[16:28:41] [INFO] [orbit.actions] WheelAction 'Ses Ayarı' scrolled UP (mode=volume)
[16:28:41] [INFO] [orbit.platform.windows] Initialized WindowsPlatform
[16:28:41] [ERROR] [orbit.platform.windows] Failed to read Windows system volume: No module named 'pycaw'
[16:28:41] [INFO] [orbit.actions] WheelAction 'Ses Ayarı' scrolled UP (mode=volume)
[16:28:41] [INFO] [orbit.platform.windows] Initialized WindowsPlatform
[16:28:41] [ERROR] [orbit.platform.windows] Failed to read Windows system volume: No module named 'pycaw'
[16:28:41] [INFO] [orbit.actions] WheelAction 'Ses Ayarı' scrolled UP (mode=volume)
[16:28:41] [INFO] [orbit.platform.windows] Initialized WindowsPlatform
[16:28:41] [ERROR] [orbit.platform.windows] Failed to read Windows system volume: No module named 'pycaw'
[16:28:41] [INFO] [orbit.actions] WheelAction 'Ses Ayarı' scrolled UP (mode=volume)
[16:28:41] [INFO] [orbit.platform.windows] Initialized WindowsPlatform
[16:28:41] [ERROR] [orbit.platform.windows] Failed to read Windows system volume: No module named 'pycaw'
[16:28:41] [INFO] [orbit.actions] WheelAction 'Ses Ayarı' scrolled UP (mode=volume)
[16:28:41] [INFO] [orbit.platform.windows] Initialized WindowsPlatform
[16:28:41] [ERROR] [orbit.platform.windows] Failed to read Windows system volume: No module named 'pycaw'
[16:28:41] [INFO] [orbit.actions] WheelAction 'Ses Ayarı' scrolled UP (mode=volume)
[16:28:41] [INFO] [orbit.platform.windows] Initialized WindowsPlatform
[16:28:41] [ERROR] [orbit.platform.windows] Failed to read Windows system volume: No module named 'pycaw'
[16:28:42] [INFO] [orbit.actions] WheelAction 'Ses Ayarı' scrolled DOWN (mode=volume)
[16:28:42] [INFO] [orbit.platform.windows] Initialized WindowsPlatform
[16:28:42] [ERROR] [orbit.platform.windows] Failed to read Windows system volume: No module named 'pycaw'
[16:28:42] [INFO] [orbit.actions] WheelAction 'Ses Ayarı' scrolled DOWN (mode=volume)
[16:28:42] [INFO] [orbit.platform.windows] Initialized WindowsPlatform
[16:28:42] [ERROR] [orbit.platform.windows] Failed to read Windows system volume: No module named 'pycaw'
[16:28:42] [INFO] [orbit.actions] WheelAction 'Ses Ayarı' scrolled DOWN (mode=volume)
[16:28:42] [INFO] [orbit.platform.windows] Initialized WindowsPlatform
[16:28:42] [ERROR] [orbit.platform.windows] Failed to read Windows system volume: No module named 'pycaw'
[16:28:42] [INFO] [orbit.actions] WheelAction 'Ses Ayarı' scrolled DOWN (mode=volume)
[16:28:42] [INFO] [orbit.platform.windows] Initialized WindowsPlatform
[16:28:42] [ERROR] [orbit.platform.windows] Failed to read Windows system volume: No module named 'pycaw'
[16:28:42] [INFO] [orbit.actions] WheelAction 'Ses Ayarı' scrolled DOWN (mode=volume)
[16:28:42] [INFO] [orbit.platform.windows] Initialized WindowsPlatform
[16:28:42] [ERROR] [orbit.platform.windows] Failed to read Windows system volume: No module named 'pycaw'
[16:28:42] [INFO] [orbit.actions] WheelAction 'Ses Ayarı' scrolled DOWN (mode=volume)
[16:28:42] [INFO] [orbit.platform.windows] Initialized WindowsPlatform
[16:28:42] [ERROR] [orbit.platform.windows] Failed to read Windows system volume: No module named 'pycaw'
[16:28:42] [INFO] [orbit.actions] WheelAction 'Ses Ayarı' scrolled DOWN (mode=volume)
[16:28:42] [INFO] [orbit.platform.windows] Initialized WindowsPlatform
[16:28:42] [ERROR] [orbit.platform.windows] Failed to read Windows system volume: No module named 'pycaw'
[16:28:42] [INFO] [orbit.actions] WheelAction 'Ses Ayarı' scrolled DOWN (mode=volume)
[16:28:42] [INFO] [orbit.platform.windows] Initialized WindowsPlatform
[16:28:42] [ERROR] [orbit.platform.windows] Failed to read Windows system volume: No module named 'pycaw'
[16:28:42] [INFO] [orbit.actions] WheelAction 'Ses Ayarı' scrolled DOWN (mode=volume)
[16:28:42] [INFO] [orbit.platform.windows] Initialized WindowsPlatform
[16:28:42] [ERROR] [orbit.platform.windows] Failed to read Windows system volume: No module named 'pycaw'
[16:28:42] [INFO] [orbit.actions] WheelAction 'Ses Ayarı' scrolled UP (mode=volume)
[16:28:42] [INFO] [orbit.platform.windows] Initialized WindowsPlatform
[16:28:42] [ERROR] [orbit.platform.windows] Failed to read Windows system volume: No module named 'pycaw'
[16:28:42] [INFO] [orbit.actions] WheelAction 'Ses Ayarı' scrolled UP (mode=volume)
[16:28:42] [INFO] [orbit.platform.windows] Initialized WindowsPlatform
[16:28:42] [ERROR] [orbit.platform.windows] Failed to read Windows system volume: No module named 'pycaw'
[16:28:42] [INFO] [orbit.actions] WheelAction 'Ses Ayarı' scrolled UP (mode=volume)
[16:28:42] [INFO] [orbit.platform.windows] Initialized WindowsPlatform
[16:28:42] [ERROR] [orbit.platform.windows] Failed to read Windows system volume: No module named 'pycaw'
[16:28:42] [INFO] [orbit.actions] WheelAction 'Ses Ayarı' scrolled UP (mode=volume)
[16:28:42] [INFO] [orbit.platform.windows] Initialized WindowsPlatform
[16:28:42] [ERROR] [orbit.platform.windows] Failed to read Windows system volume: No module named 'pycaw'
[16:28:42] [INFO] [orbit.actions] WheelAction 'Ses Ayarı' scrolled UP (mode=volume)
[16:28:42] [INFO] [orbit.platform.windows] Initialized WindowsPlatform
[16:28:42] [ERROR] [orbit.platform.windows] Failed to read Windows system volume: No module named 'pycaw'
[16:28:42] [INFO] [orbit.actions] WheelAction 'Ses Ayarı' scrolled UP (mode=volume)
[16:28:42] [INFO] [orbit.platform.windows] Initialized WindowsPlatform
[16:28:42] [ERROR] [orbit.platform.windows] Failed to read Windows system volume: No module named 'pycaw'
[16:28:42] [INFO] [orbit.actions] WheelAction 'Ses Ayarı' scrolled DOWN (mode=volume)
[16:28:42] [INFO] [orbit.platform.windows] Initialized WindowsPlatform
[16:28:42] [ERROR] [orbit.platform.windows] Failed to read Windows system volume: No module named 'pycaw'
[16:28:42] [INFO] [orbit.actions] WheelAction 'Ses Ayarı' scrolled DOWN (mode=volume)
[16:28:42] [INFO] [orbit.platform.windows] Initialized WindowsPlatform
[16:28:42] [ERROR] [orbit.platform.windows] Failed to read Windows system volume: No module named 'pycaw'
[16:28:42] [INFO] [orbit.actions] WheelAction 'Ses Ayarı' scrolled DOWN (mode=volume)
[16:28:42] [INFO] [orbit.platform.windows] Initialized WindowsPlatform
[16:28:42] [ERROR] [orbit.platform.windows] Failed to read Windows system volume: No module named 'pycaw'
[16:28:42] [INFO] [orbit.actions] WheelAction 'Ses Ayarı' scrolled DOWN (mode=volume)
[16:28:42] [INFO] [orbit.platform.windows] Initialized WindowsPlatform
[16:28:42] [ERROR] [orbit.platform.windows] Failed to read Windows system volume: No module named 'pycaw'
[16:28:42] [INFO] [orbit.actions] WheelAction 'Ses Ayarı' scrolled DOWN (mode=volume)
[16:28:42] [INFO] [orbit.platform.windows] Initialized WindowsPlatform
[16:28:42] [ERROR] [orbit.platform.windows] Failed to read Windows system volume: No module named 'pycaw'
[16:28:42] [INFO] [orbit.actions] WheelAction 'Ses Ayarı' scrolled UP (mode=volume)
[16:28:42] [INFO] [orbit.platform.windows] Initialized WindowsPlatform
[16:28:42] [ERROR] [orbit.platform.windows] Failed to read Windows system volume: No module named 'pycaw'
[16:28:42] [INFO] [orbit.actions] WheelAction 'Ses Ayarı' scrolled UP (mode=volume)
[16:28:42] [INFO] [orbit.platform.windows] Initialized WindowsPlatform
[16:28:42] [ERROR] [orbit.platform.windows] Failed to read Windows system volume: No module named 'pycaw'
[16:28:42] [INFO] [orbit.actions] WheelAction 'Ses Ayarı' scrolled UP (mode=volume)
[16:28:42] [INFO] [orbit.platform.windows] Initialized WindowsPlatform
[16:28:42] [ERROR] [orbit.platform.windows] Failed to read Windows system volume: No module named 'pycaw'
[16:28:42] [INFO] [orbit.actions] WheelAction 'Ses Ayarı' scrolled UP (mode=volume)
[16:28:42] [INFO] [orbit.platform.windows] Initialized WindowsPlatform
[16:28:42] [ERROR] [orbit.platform.windows] Failed to read Windows system volume: No module named 'pycaw'
[16:28:42] [INFO] [orbit.actions] WheelAction 'Ses Ayarı' scrolled UP (mode=volume)
[16:28:42] [INFO] [orbit.platform.windows] Initialized WindowsPlatform
[16:28:42] [ERROR] [orbit.platform.windows] Failed to read Windows system volume: No module named 'pycaw'
[16:28:42] [INFO] [orbit.actions] WheelAction 'Ses Ayarı' scrolled UP (mode=volume)
[16:28:42] [INFO] [orbit.platform.windows] Initialized WindowsPlatform
[16:28:42] [ERROR] [orbit.platform.windows] Failed to read Windows system volume: No module named 'pycaw'
[16:28:43] [INFO] [orbit.actions] WheelAction 'Ses Ayarı' scrolled UP (mode=volume)
[16:28:43] [INFO] [orbit.platform.windows] Initialized WindowsPlatform
[16:28:43] [ERROR] [orbit.platform.windows] Failed to read Windows system volume: No module named 'pycaw'
[16:28:43] [INFO] [orbit.actions] WheelAction 'Ses Ayarı' scrolled UP (mode=volume)
[16:28:43] [INFO] [orbit.platform.windows] Initialized WindowsPlatform
[16:28:43] [ERROR] [orbit.platform.windows] Failed to read Windows system volume: No module named 'pycaw'
[16:28:43] [INFO] [orbit.actions] WheelAction 'Ses Ayarı' scrolled UP (mode=volume)
[16:28:43] [INFO] [orbit.platform.windows] Initialized WindowsPlatform
[16:28:43] [ERROR] [orbit.platform.windows] Failed to read Windows system volume: No module named 'pycaw'
[16:28:43] [INFO] [orbit.actions] WheelAction 'Ses Ayarı' scrolled UP (mode=volume)
[16:28:43] [INFO] [orbit.platform.windows] Initialized WindowsPlatform
[16:28:43] [ERROR] [orbit.platform.windows] Failed to read Windows system volume: No module named 'pycaw'
[16:28:43] [INFO] [orbit.actions] WheelAction 'Ses Ayarı' scrolled UP (mode=volume)
[16:28:43] [INFO] [orbit.platform.windows] Initialized WindowsPlatform
[16:28:43] [ERROR] [orbit.platform.windows] Failed to read Windows system volume: No module named 'pycaw'
[16:28:43] [INFO] [orbit.actions] WheelAction 'Ses Ayarı' scrolled DOWN (mode=volume)
[16:28:43] [INFO] [orbit.platform.windows] Initialized WindowsPlatform
[16:28:43] [ERROR] [orbit.platform.windows] Failed to read Windows system volume: No module named 'pycaw'
[16:28:43] [INFO] [orbit.actions] WheelAction 'Ses Ayarı' scrolled DOWN (mode=volume)
[16:28:43] [INFO] [orbit.platform.windows] Initialized WindowsPlatform
[16:28:43] [ERROR] [orbit.platform.windows] Failed to read Windows system volume: No module named 'pycaw'
[16:28:43] [INFO] [orbit.actions] WheelAction 'Ses Ayarı' scrolled DOWN (mode=volume)
[16:28:43] [INFO] [orbit.platform.windows] Initialized WindowsPlatform
[16:28:43] [ERROR] [orbit.platform.windows] Failed to read Windows system volume: No module named 'pycaw'
[16:28:43] [INFO] [orbit.actions] WheelAction 'Ses Ayarı' scrolled DOWN (mode=volume)
[16:28:43] [INFO] [orbit.platform.windows] Initialized WindowsPlatform
[16:28:43] [ERROR] [orbit.platform.windows] Failed to read Windows system volume: No module named 'pycaw'
[16:28:43] [INFO] [orbit.actions] WheelAction 'Ses Ayarı' scrolled DOWN (mode=volume)
[16:28:43] [INFO] [orbit.platform.windows] Initialized WindowsPlatform
[16:28:43] [ERROR] [orbit.platform.windows] Failed to read Windows system volume: No module named 'pycaw'
[16:28:43] [INFO] [orbit.actions] WheelAction 'Ses Ayarı' scrolled UP (mode=volume)
[16:28:43] [INFO] [orbit.platform.windows] Initialized WindowsPlatform
[16:28:43] [ERROR] [orbit.platform.windows] Failed to read Windows system volume: No module named 'pycaw'
[16:28:43] [INFO] [orbit.actions] WheelAction 'Ses Ayarı' scrolled UP (mode=volume)
[16:28:43] [INFO] [orbit.platform.windows] Initialized WindowsPlatform
[16:28:43] [ERROR] [orbit.platform.windows] Failed to read Windows system volume: No module named 'pycaw'
[16:28:43] [INFO] [orbit.actions] WheelAction 'Ses Ayarı' scrolled UP (mode=volume)
[16:28:43] [INFO] [orbit.platform.windows] Initialized WindowsPlatform
[16:28:43] [ERROR] [orbit.platform.windows] Failed to read Windows system volume: No module named 'pycaw'
[16:28:43] [INFO] [orbit.actions] WheelAction 'Ses Ayarı' scrolled UP (mode=volume)
[16:28:43] [INFO] [orbit.platform.windows] Initialized WindowsPlatform
[16:28:43] [ERROR] [orbit.platform.windows] Failed to read Windows system volume: No module named 'pycaw'
[16:28:43] [INFO] [orbit.actions] WheelAction 'Ses Ayarı' scrolled UP (mode=volume)
[16:28:43] [INFO] [orbit.platform.windows] Initialized WindowsPlatform
[16:28:43] [ERROR] [orbit.platform.windows] Failed to read Windows system volume: No module named 'pycaw'
[16:28:43] [INFO] [orbit.actions] WheelAction 'Ses Ayarı' scrolled UP (mode=volume)
[16:28:43] [INFO] [orbit.platform.windows] Initialized WindowsPlatform
[16:28:43] [ERROR] [orbit.platform.windows] Failed to read Windows system volume: No module named 'pycaw'
[16:28:43] [INFO] [orbit.actions] WheelAction 'Ses Ayarı' scrolled UP (mode=volume)
[16:28:43] [INFO] [orbit.platform.windows] Initialized WindowsPlatform
[16:28:43] [ERROR] [orbit.platform.windows] Failed to read Windows system volume: No module named 'pycaw'
[16:28:43] [INFO] [orbit.actions] WheelAction 'Ses Ayarı' scrolled UP (mode=volume)
[16:28:43] [INFO] [orbit.platform.windows] Initialized WindowsPlatform
[16:28:43] [ERROR] [orbit.platform.windows] Failed to read Windows system volume: No module named 'pycaw'
[16:28:43] [INFO] [orbit.actions] WheelAction 'Ses Ayarı' scrolled UP (mode=volume)
[16:28:43] [INFO] [orbit.platform.windows] Initialized WindowsPlatform
[16:28:43] [ERROR] [orbit.platform.windows] Failed to read Windows system volume: No module named 'pycaw'
[16:28:43] [INFO] [orbit.actions] WheelAction 'Ses Ayarı' scrolled UP (mode=volume)
[16:28:43] [INFO] [orbit.platform.windows] Initialized WindowsPlatform
[16:28:43] [ERROR] [orbit.platform.windows] Failed to read Windows system volume: No module named 'pycaw'
[16:28:43] [INFO] [orbit.actions] WheelAction 'Ses Ayarı' scrolled UP (mode=volume)
[16:28:43] [INFO] [orbit.platform.windows] Initialized WindowsPlatform
[16:28:43] [ERROR] [orbit.platform.windows] Failed to read Windows system volume: No module named 'pycaw'
[16:28:43] [INFO] [orbit.actions] WheelAction 'Ses Ayarı' scrolled UP (mode=volume)
[16:28:43] [INFO] [orbit.platform.windows] Initialized WindowsPlatform
[16:28:43] [ERROR] [orbit.platform.windows] Failed to read Windows system volume: No module named 'pycaw'
[16:29:08] [INFO] [orbit.actions] WheelAction 'Ses Ayarı' scrolled UP (mode=volume)
[16:29:08] [INFO] [orbit.platform.windows] Initialized WindowsPlatform
[16:29:08] [ERROR] [orbit.platform.windows] Failed to read Windows system volume: No module named 'pycaw'
[16:29:08] [INFO] [orbit.actions] WheelAction 'Ses Ayarı' scrolled UP (mode=volume)
[16:29:08] [INFO] [orbit.platform.windows] Initialized WindowsPlatform
[16:29:08] [ERROR] [orbit.platform.windows] Failed to read Windows system volume: No module named 'pycaw'
[16:29:08] [INFO] [orbit.actions] WheelAction 'Ses Ayarı' scrolled UP (mode=volume)
[16:29:08] [INFO] [orbit.platform.windows] Initialized WindowsPlatform
[16:29:08] [ERROR] [orbit.platform.windows] Failed to read Windows system volume: No module named 'pycaw'
[16:29:08] [INFO] [orbit.actions] WheelAction 'Ses Ayarı' scrolled UP (mode=volume)
[16:29:08] [INFO] [orbit.platform.windows] Initialized WindowsPlatform
[16:29:08] [ERROR] [orbit.platform.windows] Failed to read Windows system volume: No module named 'pycaw'
[16:29:08] [INFO] [orbit.actions] WheelAction 'Ses Ayarı' scrolled UP (mode=volume)
[16:29:08] [INFO] [orbit.platform.windows] Initialized WindowsPlatform
[16:29:08] [ERROR] [orbit.platform.windows] Failed to read Windows system volume: No module named 'pycaw'
[16:29:09] [INFO] [orbit.actions] WheelAction 'Ses Ayarı' scrolled DOWN (mode=volume)
[16:29:09] [INFO] [orbit.platform.windows] Initialized WindowsPlatform
[16:29:09] [ERROR] [orbit.platform.windows] Failed to read Windows system volume: No module named 'pycaw'
[16:29:09] [INFO] [orbit.actions] WheelAction 'Ses Ayarı' scrolled DOWN (mode=volume)
[16:29:09] [INFO] [orbit.platform.windows] Initialized WindowsPlatform
[16:29:09] [ERROR] [orbit.platform.windows] Failed to read Windows system volume: No module named 'pycaw'
[16:29:09] [INFO] [orbit.actions] WheelAction 'Ses Ayarı' scrolled DOWN (mode=volume)
[16:29:09] [INFO] [orbit.platform.windows] Initialized WindowsPlatform
[16:29:09] [ERROR] [orbit.platform.windows] Failed to read Windows system volume: No module named 'pycaw'
[16:29:09] [INFO] [orbit.actions] WheelAction 'Ses Ayarı' scrolled DOWN (mode=volume)
[16:29:09] [INFO] [orbit.platform.windows] Initialized WindowsPlatform
[16:29:09] [ERROR] [orbit.platform.windows] Failed to read Windows system volume: No module named 'pycaw'
[16:30:03] [INFO] [orbit] Initializing Orbit Radial Menu Application...
[16:30:03] [INFO] [orbit.platform.windows] Initialized WindowsPlatform
[16:30:03] [INFO] [orbit.services.profile] Loaded profile: Web Browser (8 items)
[16:30:03] [INFO] [orbit.services.profile] Loaded profile: Varsayılan (6 items)
[16:30:03] [INFO] [orbit.services.profile] Loaded profile: Excel (8 items)
[16:30:03] [INFO] [orbit.services.profile] Loaded profile: PowerPoint (8 items)
[16:30:03] [INFO] [orbit.services.profile] Loaded profile: VS Code (8 items)
[16:30:03] [INFO] [orbit.services.profile] Loaded profile: Word (8 items)
[16:30:03] [INFO] [orbit.services.profile] Active profile set to 'Varsayılan'
[16:30:03] [INFO] [orbit.services.plugin] Registered plugin 'Launcher Plugin' (v1.0.0)
[16:30:03] [INFO] [orbit.services.plugin] Registered plugin 'Media Control Plugin' (v1.0.0)
[16:30:03] [INFO] [orbit.services.plugin] Registered plugin 'Shell Command Plugin' (v1.0.0)
[16:30:03] [INFO] [orbit.hooks.hotkey] Global input listeners started (Primary: 'button5', Secondary: 'button4', Hold: True@1.0s).
[16:30:03] [INFO] [orbit.ui.system_tray] System Tray initialized.
[16:30:03] [INFO] [orbit] Orbit application running in system tray. Press Mouse 4 or Ctrl+Space to activate radial menu.
[16:30:25] [INFO] [orbit.hooks.hotkey] Hotkey triggered globally at (1382, 508)
[16:30:25] [INFO] [orbit] Hotkey triggered at (1106, 406) for active app 'antigravity ide.exe' using profile 'Varsayılan'
[16:30:25] [INFO] [orbit.platform.windows] Initialized WindowsPlatform
[16:30:25] [ERROR] [orbit.platform.windows] Failed to read Windows system volume: No module named 'pycaw'
[16:30:25] [INFO] [orbit] Hotkey released after 0.27s
[16:30:25] [INFO] [orbit] Keeping radial menu open until click or dismiss.
[16:30:26] [INFO] [orbit.actions] WheelAction 'Ses Ayarı' scrolled DOWN (mode=volume)
[16:30:26] [INFO] [orbit.platform.windows] Initialized WindowsPlatform
[16:30:26] [ERROR] [orbit.platform.windows] Failed to read Windows system volume: No module named 'pycaw'
[16:30:26] [INFO] [orbit.actions] WheelAction 'Ses Ayarı' scrolled DOWN (mode=volume)
[16:30:26] [INFO] [orbit.platform.windows] Initialized WindowsPlatform
[16:30:26] [ERROR] [orbit.platform.windows] Failed to read Windows system volume: No module named 'pycaw'
[16:30:27] [INFO] [orbit.actions] WheelAction 'Ses Ayarı' scrolled UP (mode=volume)
[16:30:27] [INFO] [orbit.platform.windows] Initialized WindowsPlatform
[16:30:27] [ERROR] [orbit.platform.windows] Failed to read Windows system volume: No module named 'pycaw'
[16:30:27] [INFO] [orbit.actions] WheelAction 'Ses Ayarı' scrolled UP (mode=volume)
[16:30:27] [INFO] [orbit.platform.windows] Initialized WindowsPlatform
[16:30:27] [ERROR] [orbit.platform.windows] Failed to read Windows system volume: No module named 'pycaw'
[16:30:27] [INFO] [orbit.actions] WheelAction 'Ses Ayarı' scrolled UP (mode=volume)
[16:30:27] [INFO] [orbit.platform.windows] Initialized WindowsPlatform
[16:30:27] [ERROR] [orbit.platform.windows] Failed to read Windows system volume: No module named 'pycaw'
[16:30:27] [INFO] [orbit.actions] WheelAction 'Ses Ayarı' scrolled UP (mode=volume)
[16:30:27] [INFO] [orbit.platform.windows] Initialized WindowsPlatform
[16:30:27] [ERROR] [orbit.platform.windows] Failed to read Windows system volume: No module named 'pycaw'
[16:30:28] [INFO] [orbit.actions] WheelAction 'Ses Ayarı' scrolled DOWN (mode=volume)
[16:30:28] [INFO] [orbit.platform.windows] Initialized WindowsPlatform
[16:30:28] [ERROR] [orbit.platform.windows] Failed to read Windows system volume: No module named 'pycaw'
[16:30:28] [INFO] [orbit.actions] WheelAction 'Ses Ayarı' scrolled DOWN (mode=volume)
[16:30:28] [INFO] [orbit.platform.windows] Initialized WindowsPlatform
[16:30:28] [ERROR] [orbit.platform.windows] Failed to read Windows system volume: No module named 'pycaw'
[16:31:16] [INFO] [orbit.actions] WheelAction 'Ses Ayarı' scrolled UP (mode=volume)
[16:31:16] [INFO] [orbit.platform.windows] Initialized WindowsPlatform
[16:31:16] [ERROR] [orbit.platform.windows] Failed to read Windows system volume: No module named 'pycaw'
[16:31:16] [INFO] [orbit.actions] WheelAction 'Ses Ayarı' scrolled UP (mode=volume)
[16:31:16] [INFO] [orbit.platform.windows] Initialized WindowsPlatform
[16:31:16] [ERROR] [orbit.platform.windows] Failed to read Windows system volume: No module named 'pycaw'
[16:31:16] [INFO] [orbit.actions] WheelAction 'Ses Ayarı' scrolled UP (mode=volume)
[16:31:16] [INFO] [orbit.platform.windows] Initialized WindowsPlatform
[16:31:16] [ERROR] [orbit.platform.windows] Failed to read Windows system volume: No module named 'pycaw'
[16:31:16] [INFO] [orbit.actions] WheelAction 'Ses Ayarı' scrolled UP (mode=volume)
[16:31:16] [INFO] [orbit.platform.windows] Initialized WindowsPlatform
[16:31:16] [ERROR] [orbit.platform.windows] Failed to read Windows system volume: No module named 'pycaw'
[16:31:16] [INFO] [orbit.actions] WheelAction 'Ses Ayarı' scrolled UP (mode=volume)
[16:31:16] [INFO] [orbit.platform.windows] Initialized WindowsPlatform
[16:31:16] [ERROR] [orbit.platform.windows] Failed to read Windows system volume: No module named 'pycaw'
[16:31:16] [INFO] [orbit.actions] WheelAction 'Ses Ayarı' scrolled DOWN (mode=volume)
[16:31:16] [INFO] [orbit.platform.windows] Initialized WindowsPlatform
[16:31:16] [ERROR] [orbit.platform.windows] Failed to read Windows system volume: No module named 'pycaw'
[16:31:16] [INFO] [orbit.actions] WheelAction 'Ses Ayarı' scrolled DOWN (mode=volume)
[16:31:16] [INFO] [orbit.platform.windows] Initialized WindowsPlatform
[16:31:16] [ERROR] [orbit.platform.windows] Failed to read Windows system volume: No module named 'pycaw'
[16:31:16] [INFO] [orbit.actions] WheelAction 'Ses Ayarı' scrolled DOWN (mode=volume)
[16:31:16] [INFO] [orbit.platform.windows] Initialized WindowsPlatform
[16:31:16] [ERROR] [orbit.platform.windows] Failed to read Windows system volume: No module named 'pycaw'
[16:31:16] [INFO] [orbit.actions] WheelAction 'Ses Ayarı' scrolled DOWN (mode=volume)
[16:31:16] [INFO] [orbit.platform.windows] Initialized WindowsPlatform
[16:31:16] [ERROR] [orbit.platform.windows] Failed to read Windows system volume: No module named 'pycaw'
[16:31:16] [INFO] [orbit.actions] WheelAction 'Ses Ayarı' scrolled UP (mode=volume)
[16:31:16] [INFO] [orbit.platform.windows] Initialized WindowsPlatform
[16:31:16] [ERROR] [orbit.platform.windows] Failed to read Windows system volume: No module named 'pycaw'
[16:31:16] [INFO] [orbit.actions] WheelAction 'Ses Ayarı' scrolled UP (mode=volume)
[16:31:16] [INFO] [orbit.platform.windows] Initialized WindowsPlatform
[16:31:16] [ERROR] [orbit.platform.windows] Failed to read Windows system volume: No module named 'pycaw'
[16:31:16] [INFO] [orbit.actions] WheelAction 'Ses Ayarı' scrolled UP (mode=volume)
[16:31:16] [INFO] [orbit.platform.windows] Initialized WindowsPlatform
[16:31:16] [ERROR] [orbit.platform.windows] Failed to read Windows system volume: No module named 'pycaw'
[16:31:16] [INFO] [orbit.actions] WheelAction 'Ses Ayarı' scrolled UP (mode=volume)
[16:31:16] [INFO] [orbit.platform.windows] Initialized WindowsPlatform
[16:31:16] [ERROR] [orbit.platform.windows] Failed to read Windows system volume: No module named 'pycaw'
[16:31:16] [INFO] [orbit.actions] WheelAction 'Ses Ayarı' scrolled UP (mode=volume)
[16:31:16] [INFO] [orbit.platform.windows] Initialized WindowsPlatform
[16:31:16] [ERROR] [orbit.platform.windows] Failed to read Windows system volume: No module named 'pycaw'
[16:31:16] [INFO] [orbit.actions] WheelAction 'Ses Ayarı' scrolled UP (mode=volume)
[16:31:16] [INFO] [orbit.platform.windows] Initialized WindowsPlatform
[16:31:16] [ERROR] [orbit.platform.windows] Failed to read Windows system volume: No module named 'pycaw'
[16:31:16] [INFO] [orbit.actions] WheelAction 'Ses Ayarı' scrolled UP (mode=volume)
[16:31:16] [INFO] [orbit.platform.windows] Initialized WindowsPlatform
[16:31:16] [ERROR] [orbit.platform.windows] Failed to read Windows system volume: No module named 'pycaw'
[16:31:17] [INFO] [orbit.actions] WheelAction 'Ses Ayarı' scrolled DOWN (mode=volume)
[16:31:17] [INFO] [orbit.platform.windows] Initialized WindowsPlatform
[16:31:17] [ERROR] [orbit.platform.windows] Failed to read Windows system volume: No module named 'pycaw'
[16:31:17] [INFO] [orbit.actions] WheelAction 'Ses Ayarı' scrolled DOWN (mode=volume)
[16:31:17] [INFO] [orbit.platform.windows] Initialized WindowsPlatform
[16:31:17] [ERROR] [orbit.platform.windows] Failed to read Windows system volume: No module named 'pycaw'
[16:31:17] [INFO] [orbit.actions] WheelAction 'Ses Ayarı' scrolled DOWN (mode=volume)
[16:31:17] [INFO] [orbit.platform.windows] Initialized WindowsPlatform
[16:31:17] [ERROR] [orbit.platform.windows] Failed to read Windows system volume: No module named 'pycaw'
[16:31:17] [INFO] [orbit.actions] WheelAction 'Ses Ayarı' scrolled DOWN (mode=volume)
[16:31:17] [INFO] [orbit.platform.windows] Initialized WindowsPlatform
[16:31:17] [ERROR] [orbit.platform.windows] Failed to read Windows system volume: No module named 'pycaw'
[16:31:17] [INFO] [orbit.actions] WheelAction 'Ses Ayarı' scrolled DOWN (mode=volume)
[16:31:17] [INFO] [orbit.platform.windows] Initialized WindowsPlatform
[16:31:17] [ERROR] [orbit.platform.windows] Failed to read Windows system volume: No module named 'pycaw'
[16:31:17] [INFO] [orbit.actions] WheelAction 'Ses Ayarı' scrolled DOWN (mode=volume)
[16:31:17] [INFO] [orbit.platform.windows] Initialized WindowsPlatform
[16:31:17] [ERROR] [orbit.platform.windows] Failed to read Windows system volume: No module named 'pycaw'
[16:31:17] [INFO] [orbit.actions] WheelAction 'Ses Ayarı' scrolled DOWN (mode=volume)
[16:31:17] [INFO] [orbit.platform.windows] Initialized WindowsPlatform
[16:31:17] [ERROR] [orbit.platform.windows] Failed to read Windows system volume: No module named 'pycaw'
[16:31:17] [INFO] [orbit.actions] WheelAction 'Ses Ayarı' scrolled DOWN (mode=volume)
[16:31:17] [INFO] [orbit.platform.windows] Initialized WindowsPlatform
[16:31:17] [ERROR] [orbit.platform.windows] Failed to read Windows system volume: No module named 'pycaw'
[16:31:17] [INFO] [orbit.actions] WheelAction 'Ses Ayarı' scrolled UP (mode=volume)
[16:31:17] [INFO] [orbit.platform.windows] Initialized WindowsPlatform
[16:31:17] [ERROR] [orbit.platform.windows] Failed to read Windows system volume: No module named 'pycaw'
[16:31:17] [INFO] [orbit.actions] WheelAction 'Ses Ayarı' scrolled UP (mode=volume)
[16:31:17] [INFO] [orbit.platform.windows] Initialized WindowsPlatform
[16:31:17] [ERROR] [orbit.platform.windows] Failed to read Windows system volume: No module named 'pycaw'
[16:31:17] [INFO] [orbit.actions] WheelAction 'Ses Ayarı' scrolled UP (mode=volume)
[16:31:17] [INFO] [orbit.platform.windows] Initialized WindowsPlatform
[16:31:17] [ERROR] [orbit.platform.windows] Failed to read Windows system volume: No module named 'pycaw'
[16:31:17] [INFO] [orbit.actions] WheelAction 'Ses Ayarı' scrolled UP (mode=volume)
[16:31:17] [INFO] [orbit.platform.windows] Initialized WindowsPlatform
[16:31:17] [ERROR] [orbit.platform.windows] Failed to read Windows system volume: No module named 'pycaw'
[16:31:17] [INFO] [orbit.actions] WheelAction 'Ses Ayarı' scrolled UP (mode=volume)
[16:31:17] [INFO] [orbit.platform.windows] Initialized WindowsPlatform
[16:31:17] [ERROR] [orbit.platform.windows] Failed to read Windows system volume: No module named 'pycaw'
[16:31:17] [INFO] [orbit.actions] WheelAction 'Ses Ayarı' scrolled UP (mode=volume)
[16:31:17] [INFO] [orbit.platform.windows] Initialized WindowsPlatform
[16:31:17] [ERROR] [orbit.platform.windows] Failed to read Windows system volume: No module named 'pycaw'
[16:31:17] [INFO] [orbit.actions] WheelAction 'Ses Ayarı' scrolled UP (mode=volume)
[16:31:17] [INFO] [orbit.platform.windows] Initialized WindowsPlatform
[16:31:17] [ERROR] [orbit.platform.windows] Failed to read Windows system volume: No module named 'pycaw'
[16:31:17] [INFO] [orbit.actions] WheelAction 'Ses Ayarı' scrolled UP (mode=volume)
[16:31:17] [INFO] [orbit.platform.windows] Initialized WindowsPlatform
[16:31:17] [ERROR] [orbit.platform.windows] Failed to read Windows system volume: No module named 'pycaw'
[16:31:18] [INFO] [orbit.actions] WheelAction 'Ses Ayarı' scrolled DOWN (mode=volume)
[16:31:18] [INFO] [orbit.platform.windows] Initialized WindowsPlatform
[16:31:18] [ERROR] [orbit.platform.windows] Failed to read Windows system volume: No module named 'pycaw'
[16:31:18] [INFO] [orbit.actions] WheelAction 'Ses Ayarı' scrolled DOWN (mode=volume)
[16:31:18] [INFO] [orbit.platform.windows] Initialized WindowsPlatform
[16:31:18] [ERROR] [orbit.platform.windows] Failed to read Windows system volume: No module named 'pycaw'
[16:31:18] [INFO] [orbit.actions] WheelAction 'Ses Ayarı' scrolled DOWN (mode=volume)
[16:31:18] [INFO] [orbit.platform.windows] Initialized WindowsPlatform
[16:31:18] [ERROR] [orbit.platform.windows] Failed to read Windows system volume: No module named 'pycaw'
[16:31:18] [INFO] [orbit.actions] WheelAction 'Ses Ayarı' scrolled DOWN (mode=volume)
[16:31:18] [INFO] [orbit.platform.windows] Initialized WindowsPlatform
[16:31:18] [ERROR] [orbit.platform.windows] Failed to read Windows system volume: No module named 'pycaw'
[16:31:18] [INFO] [orbit.actions] WheelAction 'Ses Ayarı' scrolled DOWN (mode=volume)
[16:31:18] [INFO] [orbit.platform.windows] Initialized WindowsPlatform
[16:31:18] [ERROR] [orbit.platform.windows] Failed to read Windows system volume: No module named 'pycaw'
[16:31:18] [INFO] [orbit.actions] WheelAction 'Ses Ayarı' scrolled DOWN (mode=volume)
[16:31:18] [INFO] [orbit.platform.windows] Initialized WindowsPlatform
[16:31:18] [ERROR] [orbit.platform.windows] Failed to read Windows system volume: No module named 'pycaw'
[16:31:18] [INFO] [orbit.actions] WheelAction 'Ses Ayarı' scrolled DOWN (mode=volume)
[16:31:18] [INFO] [orbit.platform.windows] Initialized WindowsPlatform
[16:31:18] [ERROR] [orbit.platform.windows] Failed to read Windows system volume: No module named 'pycaw'
[16:31:18] [INFO] [orbit.actions] WheelAction 'Ses Ayarı' scrolled DOWN (mode=volume)
[16:31:18] [INFO] [orbit.platform.windows] Initialized WindowsPlatform
[16:31:18] [ERROR] [orbit.platform.windows] Failed to read Windows system volume: No module named 'pycaw'
[16:31:19] [INFO] [orbit.actions] WheelAction 'Ses Ayarı' scrolled DOWN (mode=volume)
[16:31:19] [INFO] [orbit.platform.windows] Initialized WindowsPlatform
[16:31:19] [ERROR] [orbit.platform.windows] Failed to read Windows system volume: No module named 'pycaw'
[16:31:19] [INFO] [orbit.actions] WheelAction 'Ses Ayarı' scrolled DOWN (mode=volume)
[16:31:19] [INFO] [orbit.platform.windows] Initialized WindowsPlatform
[16:31:19] [ERROR] [orbit.platform.windows] Failed to read Windows system volume: No module named 'pycaw'
[16:31:19] [INFO] [orbit.actions] WheelAction 'Ses Ayarı' scrolled DOWN (mode=volume)
[16:31:19] [INFO] [orbit.platform.windows] Initialized WindowsPlatform
[16:31:19] [ERROR] [orbit.platform.windows] Failed to read Windows system volume: No module named 'pycaw'
[16:31:19] [INFO] [orbit.actions] WheelAction 'Ses Ayarı' scrolled DOWN (mode=volume)
[16:31:19] [INFO] [orbit.platform.windows] Initialized WindowsPlatform
[16:31:19] [ERROR] [orbit.platform.windows] Failed to read Windows system volume: No module named 'pycaw'
[16:31:19] [INFO] [orbit.actions] WheelAction 'Ses Ayarı' scrolled DOWN (mode=volume)
[16:31:19] [INFO] [orbit.platform.windows] Initialized WindowsPlatform
[16:31:19] [ERROR] [orbit.platform.windows] Failed to read Windows system volume: No module named 'pycaw'
[16:31:19] [INFO] [orbit.actions] WheelAction 'Ses Ayarı' scrolled DOWN (mode=volume)
[16:31:19] [INFO] [orbit.platform.windows] Initialized WindowsPlatform
[16:31:19] [ERROR] [orbit.platform.windows] Failed to read Windows system volume: No module named 'pycaw'
[16:31:19] [INFO] [orbit.actions] WheelAction 'Ses Ayarı' scrolled DOWN (mode=volume)
[16:31:19] [INFO] [orbit.platform.windows] Initialized WindowsPlatform
[16:31:19] [ERROR] [orbit.platform.windows] Failed to read Windows system volume: No module named 'pycaw'
[16:31:19] [INFO] [orbit.actions] WheelAction 'Ses Ayarı' scrolled DOWN (mode=volume)
[16:31:19] [INFO] [orbit.platform.windows] Initialized WindowsPlatform
[16:31:19] [ERROR] [orbit.platform.windows] Failed to read Windows system volume: No module named 'pycaw'
[16:31:19] [INFO] [orbit.actions] WheelAction 'Ses Ayarı' scrolled DOWN (mode=volume)
[16:31:19] [INFO] [orbit.platform.windows] Initialized WindowsPlatform
[16:31:19] [ERROR] [orbit.platform.windows] Failed to read Windows system volume: No module named 'pycaw'
[16:31:19] [INFO] [orbit.actions] WheelAction 'Ses Ayarı' scrolled DOWN (mode=volume)
[16:31:19] [INFO] [orbit.platform.windows] Initialized WindowsPlatform
[16:31:19] [ERROR] [orbit.platform.windows] Failed to read Windows system volume: No module named 'pycaw'
[16:31:19] [INFO] [orbit.actions] WheelAction 'Ses Ayarı' scrolled DOWN (mode=volume)
[16:31:19] [INFO] [orbit.platform.windows] Initialized WindowsPlatform
[16:31:19] [ERROR] [orbit.platform.windows] Failed to read Windows system volume: No module named 'pycaw'
[16:31:19] [INFO] [orbit.actions] WheelAction 'Ses Ayarı' scrolled DOWN (mode=volume)
[16:31:19] [INFO] [orbit.platform.windows] Initialized WindowsPlatform
[16:31:19] [ERROR] [orbit.platform.windows] Failed to read Windows system volume: No module named 'pycaw'
[16:32:10] [INFO] [orbit] Initializing Orbit Radial Menu Application...
[16:32:10] [INFO] [orbit.platform.windows] Initialized WindowsPlatform
[16:32:10] [INFO] [orbit.services.profile] Loaded profile: Web Browser (8 items)
[16:32:10] [INFO] [orbit.services.profile] Loaded profile: Varsayılan (6 items)
[16:32:10] [INFO] [orbit.services.profile] Loaded profile: Excel (8 items)
[16:32:10] [INFO] [orbit.services.profile] Loaded profile: PowerPoint (8 items)
[16:32:10] [INFO] [orbit.services.profile] Loaded profile: VS Code (8 items)
[16:32:10] [INFO] [orbit.services.profile] Loaded profile: Word (8 items)
[16:32:10] [INFO] [orbit.services.profile] Active profile set to 'Varsayılan'
[16:32:10] [INFO] [orbit.services.plugin] Registered plugin 'Launcher Plugin' (v1.0.0)
[16:32:10] [INFO] [orbit.services.plugin] Registered plugin 'Media Control Plugin' (v1.0.0)
[16:32:10] [INFO] [orbit.services.plugin] Registered plugin 'Shell Command Plugin' (v1.0.0)
[16:32:10] [INFO] [orbit.hooks.hotkey] Global input listeners started (Primary: 'button5', Secondary: 'button4', Hold: True@1.0s).
[16:32:10] [INFO] [orbit.ui.system_tray] System Tray initialized.
[16:32:10] [INFO] [orbit] Orbit application running in system tray. Press Mouse 4 or Ctrl+Space to activate radial menu.
[16:32:12] [INFO] [orbit.hooks.hotkey] Hotkey triggered globally at (1359, 660)
[16:32:12] [INFO] [orbit] Hotkey triggered at (1087, 528) for active app 'antigravity ide.exe' using profile 'Varsayılan'
[16:32:12] [INFO] [orbit] Hotkey released after 0.29s
[16:32:12] [INFO] [orbit] Keeping radial menu open until click or dismiss.
[16:32:12] [INFO] [orbit.actions] WheelAction 'Ses Ayarı' scrolled DOWN (mode=volume)
[16:32:12] [INFO] [orbit.actions] WheelAction 'Ses Ayarı' scrolled DOWN (mode=volume)
[16:32:12] [INFO] [orbit.actions] WheelAction 'Ses Ayarı' scrolled DOWN (mode=volume)
[16:32:12] [INFO] [orbit.actions] WheelAction 'Ses Ayarı' scrolled DOWN (mode=volume)
[16:32:12] [INFO] [orbit.actions] WheelAction 'Ses Ayarı' scrolled DOWN (mode=volume)
[16:32:13] [INFO] [orbit.actions] WheelAction 'Ses Ayarı' scrolled UP (mode=volume)
[16:32:13] [INFO] [orbit.actions] WheelAction 'Ses Ayarı' scrolled UP (mode=volume)
[16:32:13] [INFO] [orbit.actions] WheelAction 'Ses Ayarı' scrolled UP (mode=volume)
[16:32:13] [INFO] [orbit.actions] WheelAction 'Ses Ayarı' scrolled UP (mode=volume)
[16:32:13] [INFO] [orbit.actions] WheelAction 'Ses Ayarı' scrolled UP (mode=volume)
[16:32:13] [INFO] [orbit.actions] WheelAction 'Ses Ayarı' scrolled UP (mode=volume)
[16:32:13] [INFO] [orbit.actions] WheelAction 'Ses Ayarı' scrolled UP (mode=volume)
[16:32:13] [INFO] [orbit.actions] WheelAction 'Ses Ayarı' scrolled DOWN (mode=volume)
[16:32:13] [INFO] [orbit.actions] WheelAction 'Ses Ayarı' scrolled DOWN (mode=volume)
[16:32:13] [INFO] [orbit.actions] WheelAction 'Ses Ayarı' scrolled DOWN (mode=volume)
[16:32:13] [INFO] [orbit.actions] WheelAction 'Ses Ayarı' scrolled DOWN (mode=volume)
[16:32:13] [INFO] [orbit.actions] WheelAction 'Ses Ayarı' scrolled DOWN (mode=volume)
[16:32:13] [INFO] [orbit.actions] WheelAction 'Ses Ayarı' scrolled DOWN (mode=volume)
[16:32:13] [INFO] [orbit.actions] WheelAction 'Ses Ayarı' scrolled DOWN (mode=volume)
[16:32:13] [INFO] [orbit.actions] WheelAction 'Ses Ayarı' scrolled DOWN (mode=volume)
[16:32:13] [INFO] [orbit.actions] WheelAction 'Ses Ayarı' scrolled UP (mode=volume)
[16:32:13] [INFO] [orbit.actions] WheelAction 'Ses Ayarı' scrolled UP (mode=volume)
[16:32:13] [INFO] [orbit.actions] WheelAction 'Ses Ayarı' scrolled UP (mode=volume)
[16:32:13] [INFO] [orbit.actions] WheelAction 'Ses Ayarı' scrolled UP (mode=volume)
[16:32:13] [INFO] [orbit.actions] WheelAction 'Ses Ayarı' scrolled UP (mode=volume)
[16:32:13] [INFO] [orbit.actions] WheelAction 'Ses Ayarı' scrolled UP (mode=volume)
[16:32:13] [INFO] [orbit.actions] WheelAction 'Ses Ayarı' scrolled UP (mode=volume)
[16:32:13] [INFO] [orbit.actions] WheelAction 'Ses Ayarı' scrolled UP (mode=volume)
[16:32:13] [INFO] [orbit.actions] WheelAction 'Ses Ayarı' scrolled DOWN (mode=volume)
[16:32:13] [INFO] [orbit.actions] WheelAction 'Ses Ayarı' scrolled DOWN (mode=volume)
[16:32:13] [INFO] [orbit.actions] WheelAction 'Ses Ayarı' scrolled DOWN (mode=volume)
[16:32:13] [INFO] [orbit.actions] WheelAction 'Ses Ayarı' scrolled DOWN (mode=volume)
[16:32:13] [INFO] [orbit.actions] WheelAction 'Ses Ayarı' scrolled DOWN (mode=volume)
[16:32:13] [INFO] [orbit.actions] WheelAction 'Ses Ayarı' scrolled DOWN (mode=volume)
[16:32:13] [INFO] [orbit.actions] WheelAction 'Ses Ayarı' scrolled DOWN (mode=volume)
[16:32:13] [INFO] [orbit.actions] WheelAction 'Ses Ayarı' scrolled DOWN (mode=volume)
[16:32:14] [INFO] [orbit.actions] WheelAction 'Ses Ayarı' scrolled DOWN (mode=volume)
[16:32:14] [INFO] [orbit.actions] WheelAction 'Ses Ayarı' scrolled UP (mode=volume)
[16:32:14] [INFO] [orbit.actions] WheelAction 'Ses Ayarı' scrolled UP (mode=volume)
[16:32:14] [INFO] [orbit.actions] WheelAction 'Ses Ayarı' scrolled UP (mode=volume)
[16:32:14] [INFO] [orbit.actions] WheelAction 'Ses Ayarı' scrolled UP (mode=volume)
[16:32:14] [INFO] [orbit.actions] WheelAction 'Ses Ayarı' scrolled UP (mode=volume)
[16:32:14] [INFO] [orbit.actions] WheelAction 'Ses Ayarı' scrolled UP (mode=volume)
[16:32:14] [INFO] [orbit.actions] WheelAction 'Ses Ayarı' scrolled UP (mode=volume)
[16:32:14] [INFO] [orbit.actions] WheelAction 'Ses Ayarı' scrolled UP (mode=volume)
[16:32:14] [INFO] [orbit.actions] WheelAction 'Ses Ayarı' scrolled UP (mode=volume)
[16:32:14] [INFO] [orbit.actions] WheelAction 'Ses Ayarı' scrolled UP (mode=volume)
[16:32:14] [INFO] [orbit.actions] WheelAction 'Ses Ayarı' scrolled UP (mode=volume)
[16:32:14] [INFO] [orbit.actions] WheelAction 'Ses Ayarı' scrolled UP (mode=volume)
[16:32:14] [INFO] [orbit.actions] WheelAction 'Ses Ayarı' scrolled UP (mode=volume)
[16:32:14] [INFO] [orbit.actions] WheelAction 'Ses Ayarı' scrolled UP (mode=volume)
[16:32:14] [INFO] [orbit.actions] WheelAction 'Ses Ayarı' scrolled UP (mode=volume)
[16:32:14] [INFO] [orbit.actions] WheelAction 'Ses Ayarı' scrolled UP (mode=volume)
[16:32:14] [INFO] [orbit.actions] WheelAction 'Ses Ayarı' scrolled UP (mode=volume)
[16:32:14] [INFO] [orbit.actions] WheelAction 'Ses Ayarı' scrolled UP (mode=volume)
[16:32:14] [INFO] [orbit.actions] WheelAction 'Ses Ayarı' scrolled DOWN (mode=volume)
[16:32:14] [INFO] [orbit.actions] WheelAction 'Ses Ayarı' scrolled DOWN (mode=volume)
[16:32:14] [INFO] [orbit.actions] WheelAction 'Ses Ayarı' scrolled DOWN (mode=volume)
[16:32:14] [INFO] [orbit.actions] WheelAction 'Ses Ayarı' scrolled DOWN (mode=volume)
[16:32:14] [INFO] [orbit.actions] WheelAction 'Ses Ayarı' scrolled DOWN (mode=volume)
[16:32:14] [INFO] [orbit.actions] WheelAction 'Ses Ayarı' scrolled DOWN (mode=volume)
[16:32:14] [INFO] [orbit.actions] WheelAction 'Ses Ayarı' scrolled UP (mode=volume)
[16:32:15] [INFO] [orbit.actions] WheelAction 'Ses Ayarı' scrolled UP (mode=volume)
[16:32:15] [INFO] [orbit.actions] WheelAction 'Ses Ayarı' scrolled UP (mode=volume)
[16:32:15] [INFO] [orbit.actions] WheelAction 'Ses Ayarı' scrolled UP (mode=volume)
[16:32:15] [INFO] [orbit.actions] WheelAction 'Ses Ayarı' scrolled UP (mode=volume)
[16:32:15] [INFO] [orbit.actions] WheelAction 'Ses Ayarı' scrolled UP (mode=volume)
[16:32:15] [INFO] [orbit.actions] WheelAction 'Ses Ayarı' scrolled UP (mode=volume)
[16:32:15] [INFO] [orbit.actions] WheelAction 'Ses Ayarı' scrolled DOWN (mode=volume)
[16:32:15] [INFO] [orbit.actions] WheelAction 'Ses Ayarı' scrolled DOWN (mode=volume)
[16:32:15] [INFO] [orbit.actions] WheelAction 'Ses Ayarı' scrolled DOWN (mode=volume)
[16:32:15] [INFO] [orbit.actions] WheelAction 'Ses Ayarı' scrolled DOWN (mode=volume)
[16:32:15] [INFO] [orbit.actions] WheelAction 'Ses Ayarı' scrolled UP (mode=volume)
[16:32:15] [INFO] [orbit.actions] WheelAction 'Ses Ayarı' scrolled UP (mode=volume)
[16:32:15] [INFO] [orbit.actions] WheelAction 'Ses Ayarı' scrolled UP (mode=volume)
[16:32:15] [INFO] [orbit.actions] WheelAction 'Ses Ayarı' scrolled UP (mode=volume)
[16:32:15] [INFO] [orbit.actions] WheelAction 'Ses Ayarı' scrolled UP (mode=volume)
[16:40:59] [INFO] [orbit] Initializing Orbit Radial Menu Application...
[16:40:59] [INFO] [orbit.platform.windows] Initialized WindowsPlatform
[16:40:59] [INFO] [orbit.services.profile] Loaded profile: Web Browser (8 items)
[16:40:59] [INFO] [orbit.services.profile] Loaded profile: Varsayılan (6 items)
[16:40:59] [INFO] [orbit.services.profile] Loaded profile: Excel (8 items)
[16:40:59] [INFO] [orbit.services.profile] Loaded profile: PowerPoint (8 items)
[16:40:59] [INFO] [orbit.services.profile] Loaded profile: VS Code (8 items)
[16:40:59] [INFO] [orbit.services.profile] Loaded profile: Word (8 items)
[16:40:59] [INFO] [orbit.services.profile] Active profile set to 'Varsayılan'
[16:40:59] [INFO] [orbit.services.plugin] Registered plugin 'Launcher Plugin' (v1.0.0)
[16:40:59] [INFO] [orbit.services.plugin] Registered plugin 'Media Control Plugin' (v1.0.0)
[16:40:59] [INFO] [orbit.services.plugin] Registered plugin 'Shell Command Plugin' (v1.0.0)
[16:41:00] [INFO] [orbit.hooks.hotkey] Global input listeners started (Primary: 'button5', Secondary: 'button4', Hold: True@1.0s).
[16:41:00] [INFO] [orbit.ui.system_tray] System Tray initialized.
[16:41:00] [INFO] [orbit] Orbit application running in system tray. Press Mouse 4 or Ctrl+Space to activate radial menu.
[16:41:01] [INFO] [orbit.hooks.hotkey] Hotkey triggered globally at (1497, 771)
[16:41:01] [INFO] [orbit] Hotkey triggered at (1198, 617) for active app 'antigravity ide.exe' using profile 'Varsayılan'
[16:41:02] [INFO] [orbit] Hotkey released after 0.32s
[16:41:02] [INFO] [orbit] Keeping radial menu open until click or dismiss.
[16:41:04] [INFO] [orbit.actions.wheel] WheelAction 'Ses Ayarı' scrolled DOWN (mode=volume)
[16:41:04] [INFO] [orbit.actions.wheel] WheelAction 'Ses Ayarı' scrolled DOWN (mode=volume)
[16:41:04] [INFO] [orbit.actions.wheel] WheelAction 'Ses Ayarı' scrolled UP (mode=volume)
[16:41:04] [INFO] [orbit.actions.wheel] WheelAction 'Ses Ayarı' scrolled UP (mode=volume)
[16:41:04] [INFO] [orbit.actions.wheel] WheelAction 'Ses Ayarı' scrolled UP (mode=volume)
[16:41:04] [INFO] [orbit.actions.wheel] WheelAction 'Ses Ayarı' scrolled UP (mode=volume)
[16:41:04] [INFO] [orbit.actions.wheel] WheelAction 'Ses Ayarı' scrolled UP (mode=volume)
[16:41:04] [INFO] [orbit.actions.wheel] WheelAction 'Ses Ayarı' scrolled DOWN (mode=volume)
[16:41:04] [INFO] [orbit.actions.wheel] WheelAction 'Ses Ayarı' scrolled DOWN (mode=volume)
[16:41:04] [INFO] [orbit.actions.wheel] WheelAction 'Ses Ayarı' scrolled DOWN (mode=volume)
[16:41:04] [INFO] [orbit.actions.wheel] WheelAction 'Ses Ayarı' scrolled DOWN (mode=volume)
[16:41:04] [INFO] [orbit.actions.wheel] WheelAction 'Ses Ayarı' scrolled UP (mode=volume)
[16:41:04] [INFO] [orbit.actions.wheel] WheelAction 'Ses Ayarı' scrolled UP (mode=volume)
[16:41:04] [INFO] [orbit.actions.wheel] WheelAction 'Ses Ayarı' scrolled UP (mode=volume)
[16:41:04] [INFO] [orbit.actions.wheel] WheelAction 'Ses Ayarı' scrolled UP (mode=volume)
[16:41:04] [INFO] [orbit.actions.wheel] WheelAction 'Ses Ayarı' scrolled DOWN (mode=volume)
[16:41:04] [INFO] [orbit.actions.wheel] WheelAction 'Ses Ayarı' scrolled DOWN (mode=volume)
[16:41:04] [INFO] [orbit.actions.wheel] WheelAction 'Ses Ayarı' scrolled DOWN (mode=volume)
[16:41:04] [INFO] [orbit.actions.wheel] WheelAction 'Ses Ayarı' scrolled UP (mode=volume)
[16:41:04] [INFO] [orbit.actions.wheel] WheelAction 'Ses Ayarı' scrolled UP (mode=volume)
[16:41:04] [INFO] [orbit.actions.wheel] WheelAction 'Ses Ayarı' scrolled UP (mode=volume)
[16:41:04] [INFO] [orbit.actions.wheel] WheelAction 'Ses Ayarı' scrolled UP (mode=volume)
[16:41:04] [INFO] [orbit.actions.wheel] WheelAction 'Ses Ayarı' scrolled UP (mode=volume)
[16:41:04] [INFO] [orbit.actions.wheel] WheelAction 'Ses Ayarı' scrolled DOWN (mode=volume)
[16:41:04] [INFO] [orbit.actions.wheel] WheelAction 'Ses Ayarı' scrolled DOWN (mode=volume)
[16:41:04] [INFO] [orbit.actions.wheel] WheelAction 'Ses Ayarı' scrolled DOWN (mode=volume)
[16:41:04] [INFO] [orbit.actions.wheel] WheelAction 'Ses Ayarı' scrolled DOWN (mode=volume)
[16:41:04] [INFO] [orbit.actions.wheel] WheelAction 'Ses Ayarı' scrolled UP (mode=volume)
[16:41:04] [INFO] [orbit.actions.wheel] WheelAction 'Ses Ayarı' scrolled UP (mode=volume)
[16:41:04] [INFO] [orbit.actions.wheel] WheelAction 'Ses Ayarı' scrolled UP (mode=volume)
[16:41:05] [INFO] [orbit.actions.wheel] WheelAction 'Ses Ayarı' scrolled UP (mode=volume)
[16:41:05] [INFO] [orbit.actions.wheel] WheelAction 'Ses Ayarı' scrolled UP (mode=volume)
[16:41:05] [INFO] [orbit.actions.wheel] WheelAction 'Ses Ayarı' scrolled DOWN (mode=volume)
[16:41:05] [INFO] [orbit.actions.wheel] WheelAction 'Ses Ayarı' scrolled DOWN (mode=volume)
[16:41:05] [INFO] [orbit.actions.wheel] WheelAction 'Ses Ayarı' scrolled DOWN (mode=volume)
[16:41:05] [INFO] [orbit.actions.wheel] WheelAction 'Ses Ayarı' scrolled DOWN (mode=volume)
[16:41:05] [INFO] [orbit.actions.wheel] WheelAction 'Ses Ayarı' scrolled UP (mode=volume)
[16:41:05] [INFO] [orbit.actions.wheel] WheelAction 'Ses Ayarı' scrolled UP (mode=volume)
[16:41:05] [INFO] [orbit.actions.wheel] WheelAction 'Ses Ayarı' scrolled UP (mode=volume)
[16:41:05] [INFO] [orbit.actions.wheel] WheelAction 'Ses Ayarı' scrolled UP (mode=volume)
[16:41:05] [INFO] [orbit.actions.wheel] WheelAction 'Ses Ayarı' scrolled UP (mode=volume)
[16:41:05] [INFO] [orbit.actions.wheel] WheelAction 'Ses Ayarı' scrolled UP (mode=volume)
[16:41:05] [INFO] [orbit.actions.wheel] WheelAction 'Ses Ayarı' scrolled DOWN (mode=volume)
[16:41:05] [INFO] [orbit.actions.wheel] WheelAction 'Ses Ayarı' scrolled DOWN (mode=volume)
[16:41:05] [INFO] [orbit.actions.wheel] WheelAction 'Ses Ayarı' scrolled DOWN (mode=volume)
[16:41:05] [INFO] [orbit.actions.wheel] WheelAction 'Ses Ayarı' scrolled DOWN (mode=volume)
[16:41:05] [INFO] [orbit.actions.wheel] WheelAction 'Ses Ayarı' scrolled DOWN (mode=volume)
[16:41:06] [INFO] [orbit] Executing selected slice action: Tarayıcı
[16:41:06] [INFO] [orbit.services.action] Executing action 'Tarayıcı' (ID: a2)
[16:41:06] [INFO] [orbit.actions.url] Opened URL: https://google.com
[16:41:11] [INFO] [orbit.hooks.hotkey] Hotkey triggered globally at (1341, 701)
[16:41:11] [INFO] [orbit] Hotkey triggered at (1073, 561) for active app 'antigravity ide.exe' using profile 'Varsayılan'
[16:41:11] [INFO] [orbit] Hotkey released after 0.24s
[16:41:11] [INFO] [orbit] Keeping radial menu open until click or dismiss.
[16:41:12] [INFO] [orbit.ui.radial_view] Opening sub-ring 'Pano Geçmişi'
[16:41:13] [INFO] [orbit.ui.radial_view] Center Back clicked -> Returning to parent ring
[16:41:15] [INFO] [orbit.ui.overlay] OverlayWindow lost focus -> requesting dismiss
[16:41:19] [INFO] [orbit.services.clipboard] Clipboard captured: 'enu.radial_menu_view...'
[16:41:19] [INFO] [orbit.services.clipboard] Clipboard captured: 's.system_tray import...'
[16:41:20] [INFO] [orbit.services.clipboard] Clipboard captured: 'ugins.media.plugin i...'
[16:41:20] [INFO] [orbit.services.clipboard] Clipboard captured: 'e_window_service imp...'
[16:41:21] [INFO] [orbit.services.clipboard] Clipboard captured: 'settings.settings_wi...'
[16:41:22] [INFO] [orbit.services.clipboard] Clipboard captured: '    QApplication.set...'
[16:41:23] [INFO] [orbit.hooks.hotkey] Hotkey triggered globally at (1534, 601)
[16:41:23] [INFO] [orbit] Hotkey triggered at (1227, 481) for active app 'antigravity ide.exe' using profile 'Varsayılan'
[16:41:24] [INFO] [orbit] Hotkey released after 0.24s
[16:41:24] [INFO] [orbit] Keeping radial menu open until click or dismiss.
[16:41:24] [INFO] [orbit.ui.radial_view] Opening sub-ring 'Pano Geçmişi'
[16:41:29] [INFO] [orbit.ui.radial_view] Center Back clicked -> Returning to parent ring
[16:41:49] [INFO] [orbit] Executing selected slice action: Ekran Klavyesi
[16:41:49] [INFO] [orbit.services.action] Executing action 'Ekran Klavyesi' (ID: a7)
[16:41:49] [INFO] [orbit.actions.keyboard] Launched Windows On-Screen Keyboard (osk.exe)
[15:03:51] [INFO] [orbit] Initializing Orbit Radial Menu Application...
[15:03:51] [INFO] [orbit.platform.windows] Initialized WindowsPlatform
[15:03:51] [INFO] [orbit.services.profile] Loaded profile: Web Browser (8 items)
[15:03:51] [INFO] [orbit.services.profile] Loaded profile: Varsayılan (6 items)
[15:03:51] [INFO] [orbit.services.profile] Loaded profile: Excel (8 items)
[15:03:51] [INFO] [orbit.services.profile] Loaded profile: PowerPoint (8 items)
[15:03:51] [INFO] [orbit.services.profile] Loaded profile: VS Code (8 items)
[15:03:51] [INFO] [orbit.services.profile] Loaded profile: Word (8 items)
[15:03:51] [INFO] [orbit.services.profile] Active profile set to 'Varsayılan'
[15:03:51] [INFO] [orbit.services.plugin] Registered plugin 'Launcher Plugin' (v1.0.0)
[15:03:51] [INFO] [orbit.services.plugin] Registered plugin 'Media Control Plugin' (v1.0.0)
[15:03:51] [INFO] [orbit.services.plugin] Registered plugin 'Shell Command Plugin' (v1.0.0)
[15:03:52] [INFO] [orbit.hooks.hotkey] Global input listeners started (Primary: 'button5', Secondary: 'button4', Hold: True@1.0s).
[15:03:52] [INFO] [orbit.ui.system_tray] System Tray initialized.
[15:03:52] [INFO] [orbit] Orbit application running in system tray. Press Mouse 4 or Ctrl+Space to activate radial menu.
[15:04:24] [INFO] [orbit] Initializing Orbit Radial Menu Application...
[15:04:24] [INFO] [orbit.platform.windows] Initialized WindowsPlatform
[15:04:24] [INFO] [orbit.services.profile] Loaded profile: Web Browser (8 items)
[15:04:24] [INFO] [orbit.services.profile] Loaded profile: Varsayılan (6 items)
[15:04:24] [INFO] [orbit.services.profile] Loaded profile: Excel (8 items)
[15:04:24] [INFO] [orbit.services.profile] Loaded profile: PowerPoint (8 items)
[15:04:24] [INFO] [orbit.services.profile] Loaded profile: VS Code (8 items)
[15:04:24] [INFO] [orbit.services.profile] Loaded profile: Word (8 items)
[15:04:24] [INFO] [orbit.services.profile] Active profile set to 'Varsayılan'
[15:04:24] [INFO] [orbit.services.plugin] Registered plugin 'Launcher Plugin' (v1.0.0)
[15:04:24] [INFO] [orbit.services.plugin] Registered plugin 'Media Control Plugin' (v1.0.0)
[15:04:24] [INFO] [orbit.services.plugin] Registered plugin 'Shell Command Plugin' (v1.0.0)
[15:04:24] [INFO] [orbit.hooks.hotkey] Global input listeners started (Primary: 'button5', Secondary: 'button4', Hold: True@1.0s).
[15:04:24] [INFO] [orbit.ui.system_tray] System Tray initialized.
[15:04:24] [INFO] [orbit] Orbit application running in system tray. Press Mouse 4 or Ctrl+Space to activate radial menu.
[15:04:51] [INFO] [orbit.hooks.hotkey] Hotkeys updated -> Primary: 'ctrl+space', Secondary: 'button4'
[15:05:05] [INFO] [orbit.hooks.hotkey] Hold options updated -> Enabled: False, Duration: 1.0s
[15:05:07] [INFO] [orbit.hooks.hotkey] Hotkey triggered globally at (1093, 452)
[15:05:07] [INFO] [orbit] Hotkey triggered at (874, 362) for active app 'explorer.exe' using profile 'Varsayılan'
[15:05:07] [INFO] [orbit] Hotkey released after 0.16s
[15:05:07] [INFO] [orbit] Keeping radial menu open until click or dismiss.
[15:05:10] [INFO] [orbit.hooks.hotkey] Hotkey triggered globally at (1632, 472)
[15:05:10] [INFO] [orbit] Hotkey triggered at (1306, 378) for active app 'explorer.exe' using profile 'Varsayılan'
[15:05:11] [INFO] [orbit] Hotkey released after 0.16s
[15:05:11] [INFO] [orbit] Keeping radial menu open until click or dismiss.
[15:05:11] [INFO] [orbit.ui.overlay] OverlayWindow lost focus -> requesting dismiss
[15:05:12] [INFO] [orbit.hooks.hotkey] Hotkey triggered globally at (1043, 373)
[15:05:12] [INFO] [orbit] Hotkey triggered at (834, 298) for active app 'explorer.exe' using profile 'Varsayılan'
[15:05:12] [INFO] [orbit] Hotkey released after 0.15s
[15:05:12] [INFO] [orbit] Keeping radial menu open until click or dismiss.
[15:05:14] [INFO] [orbit.ui.radial_view] Opening sub-ring 'Pano Geçmişi'
[15:05:15] [INFO] [orbit.ui.radial_view] Center Back clicked -> Returning to parent ring
[15:05:15] [INFO] [orbit.ui.overlay] OverlayWindow lost focus -> requesting dismiss
[15:05:16] [INFO] [orbit.hooks.hotkey] Hotkey triggered globally at (1017, 496)
[15:05:16] [INFO] [orbit] Hotkey triggered at (814, 397) for active app 'explorer.exe' using profile 'Varsayılan'
[15:05:16] [INFO] [orbit] Hotkey released after 0.13s
[15:05:16] [INFO] [orbit] Keeping radial menu open until click or dismiss.
[15:10:36] [INFO] [orbit.hooks.hotkey] Hotkey triggered globally at (674, 614)
[15:10:36] [INFO] [orbit] Hotkey triggered at (539, 491) for active app '' using profile 'Varsayılan'
[15:10:36] [INFO] [orbit] Hotkey released after 0.44s
[15:10:36] [INFO] [orbit] Keeping radial menu open until click or dismiss.
[15:10:40] [INFO] [orbit.hooks.hotkey] Hotkey triggered globally at (924, 468)
[15:10:40] [INFO] [orbit] Hotkey triggered at (739, 374) for active app 'explorer.exe' using profile 'Varsayılan'
[15:10:40] [INFO] [orbit] Hotkey released after 0.17s
[15:10:40] [INFO] [orbit] Keeping radial menu open until click or dismiss.
[15:10:41] [INFO] [orbit.ui.overlay] OverlayWindow lost focus -> requesting dismiss
[15:10:41] [INFO] [orbit.hooks.hotkey] Hotkey triggered globally at (595, 709)
[15:10:41] [INFO] [orbit] Hotkey triggered at (476, 567) for active app 'explorer.exe' using profile 'Varsayılan'
[15:10:41] [INFO] [orbit] Hotkey released after 0.16s
[15:10:41] [INFO] [orbit] Keeping radial menu open until click or dismiss.
[15:10:45] [INFO] [orbit.hooks.hotkey] Hotkey triggered globally at (636, 592)
[15:10:45] [INFO] [orbit] Hotkey triggered at (509, 474) for active app 'explorer.exe' using profile 'Varsayılan'
[15:10:46] [INFO] [orbit] Hotkey released after 0.15s
[15:10:46] [INFO] [orbit] Keeping radial menu open until click or dismiss.
[15:10:47] [INFO] [orbit.hooks.hotkey] Hotkey triggered globally at (1164, 974)
[15:10:47] [INFO] [orbit] Hotkey pressed while active -> dismissing menu.
[15:10:47] [INFO] [orbit.ui.overlay] OverlayWindow lost focus -> requesting dismiss
[15:10:47] [INFO] [orbit] Hotkey released after 0.16s
[15:10:47] [INFO] [orbit] Keeping radial menu open until click or dismiss.
[15:10:47] [INFO] [orbit.hooks.hotkey] Hotkey triggered globally at (653, 876)
[15:10:47] [INFO] [orbit] Hotkey triggered at (522, 701) for active app 'explorer.exe' using profile 'Varsayılan'
[15:10:47] [INFO] [orbit] Hotkey released after 0.12s
[15:10:47] [INFO] [orbit] Keeping radial menu open until click or dismiss.
[15:10:48] [INFO] [orbit.hooks.hotkey] Hotkey triggered globally at (653, 876)
[15:10:48] [INFO] [orbit] Hotkey pressed while active -> dismissing menu.
[15:10:48] [INFO] [orbit] Hotkey released after 0.12s
[15:10:48] [INFO] [orbit] Keeping radial menu open until click or dismiss.
[15:10:48] [INFO] [orbit.hooks.hotkey] Hotkey triggered globally at (653, 876)
[15:10:48] [INFO] [orbit] Hotkey triggered at (522, 701) for active app 'explorer.exe' using profile 'Varsayılan'
[15:10:48] [INFO] [orbit] Hotkey released after 0.11s
[15:10:48] [INFO] [orbit] Keeping radial menu open until click or dismiss.
[15:10:48] [INFO] [orbit.hooks.hotkey] Hotkey triggered globally at (653, 876)
[15:10:48] [INFO] [orbit] Hotkey pressed while active -> dismissing menu.
[15:10:48] [INFO] [orbit] Hotkey released after 0.13s
[15:10:48] [INFO] [orbit] Keeping radial menu open until click or dismiss.
[15:10:48] [INFO] [orbit.hooks.hotkey] Hotkey triggered globally at (653, 876)
[15:10:48] [INFO] [orbit] Hotkey triggered at (522, 701) for active app 'explorer.exe' using profile 'Varsayılan'
[15:10:48] [INFO] [orbit] Hotkey released after 0.11s
[15:10:48] [INFO] [orbit] Keeping radial menu open until click or dismiss.
[15:10:49] [INFO] [orbit.ui.overlay] OverlayWindow lost focus -> requesting dismiss
[15:10:50] [INFO] [orbit.hooks.hotkey] Hotkey triggered globally at (699, 611)
[15:10:50] [INFO] [orbit] Hotkey triggered at (559, 489) for active app 'explorer.exe' using profile 'Varsayılan'
[15:10:50] [INFO] [orbit] Hotkey released after 0.16s
[15:10:50] [INFO] [orbit] Keeping radial menu open until click or dismiss.
[15:10:52] [INFO] [orbit.hooks.hotkey] Hotkey triggered globally at (699, 489)
[15:10:52] [INFO] [orbit] Hotkey triggered at (559, 391) for active app 'explorer.exe' using profile 'Varsayılan'
[15:10:52] [INFO] [orbit] Hotkey released after 0.15s
[15:10:52] [INFO] [orbit] Keeping radial menu open until click or dismiss.
[15:10:53] [INFO] [orbit.ui.overlay] OverlayWindow lost focus -> requesting dismiss
[15:10:53] [INFO] [orbit.hooks.hotkey] Hotkey triggered globally at (384, 324)
[15:10:53] [INFO] [orbit] Hotkey triggered at (307, 259) for active app 'explorer.exe' using profile 'Varsayılan'
[15:10:53] [INFO] [orbit] Hotkey released after 0.11s
[15:10:53] [INFO] [orbit] Keeping radial menu open until click or dismiss.
[15:10:53] [INFO] [orbit.hooks.hotkey] Hotkey triggered globally at (549, 794)
[15:10:53] [INFO] [orbit] Hotkey pressed while active -> dismissing menu.
[15:10:53] [INFO] [orbit.ui.overlay] OverlayWindow lost focus -> requesting dismiss
[15:10:53] [INFO] [orbit] Hotkey released after 0.18s
[15:10:53] [INFO] [orbit] Keeping radial menu open until click or dismiss.
[15:10:54] [INFO] [orbit.hooks.hotkey] Hotkey triggered globally at (873, 970)
[15:10:54] [INFO] [orbit] Hotkey triggered at (698, 776) for active app 'explorer.exe' using profile 'Varsayılan'
[15:10:54] [INFO] [orbit] Hotkey released after 0.13s
[15:10:54] [INFO] [orbit] Keeping radial menu open until click or dismiss.
[15:10:54] [INFO] [orbit.hooks.hotkey] Hotkey triggered globally at (696, 680)
[15:10:54] [INFO] [orbit] Hotkey pressed while active -> dismissing menu.
[15:10:54] [INFO] [orbit.ui.overlay] OverlayWindow lost focus -> requesting dismiss
[15:10:54] [INFO] [orbit] Hotkey released after 0.14s
[15:10:54] [INFO] [orbit] Keeping radial menu open until click or dismiss.
[15:10:55] [INFO] [orbit.hooks.hotkey] Hotkey triggered globally at (671, 628)
[15:10:55] [INFO] [orbit] Hotkey triggered at (537, 502) for active app 'searchhost.exe' using profile 'Varsayılan'
[15:10:55] [INFO] [orbit] Hotkey released after 0.19s
[15:10:55] [INFO] [orbit] Keeping radial menu open until click or dismiss.
[15:11:00] [INFO] [orbit.hooks.hotkey] Hotkey triggered globally at (895, 527)
[15:11:00] [INFO] [orbit] Hotkey triggered at (716, 422) for active app 'explorer.exe' using profile 'Varsayılan'
[15:11:00] [INFO] [orbit] Hotkey released after 0.12s
[15:11:00] [INFO] [orbit] Keeping radial menu open until click or dismiss.
[15:11:01] [INFO] [orbit.hooks.hotkey] Hotkey triggered globally at (1773, 400)
[15:11:01] [INFO] [orbit] Hotkey triggered at (1418, 320) for active app 'explorer.exe' using profile 'Varsayılan'
[15:11:01] [INFO] [orbit] Hotkey released after 0.11s
[15:11:01] [INFO] [orbit] Keeping radial menu open until click or dismiss.
[15:11:02] [INFO] [orbit.ui.overlay] OverlayWindow lost focus -> requesting dismiss
[15:11:02] [INFO] [orbit.hooks.hotkey] Hotkey triggered globally at (1002, 474)
[15:11:02] [INFO] [orbit] Hotkey triggered at (802, 379) for active app 'explorer.exe' using profile 'Varsayılan'
[15:11:02] [INFO] [orbit] Hotkey released after 0.10s
[15:11:02] [INFO] [orbit] Keeping radial menu open until click or dismiss.
[15:11:03] [INFO] [orbit.hooks.hotkey] Hotkey triggered globally at (715, 640)
[15:11:03] [INFO] [orbit] Hotkey pressed while active -> dismissing menu.
[15:11:03] [INFO] [orbit.ui.overlay] OverlayWindow lost focus -> requesting dismiss
[15:11:03] [INFO] [orbit] Hotkey released after 0.08s
[15:11:03] [INFO] [orbit] Keeping radial menu open until click or dismiss.
[15:11:03] [INFO] [orbit.hooks.hotkey] Hotkey triggered globally at (710, 892)
[15:11:03] [INFO] [orbit] Hotkey triggered at (568, 714) for active app 'explorer.exe' using profile 'Varsayılan'
[15:11:03] [INFO] [orbit] Hotkey released after 0.14s
[15:11:03] [INFO] [orbit] Keeping radial menu open until click or dismiss.
[15:11:06] [INFO] [orbit.hooks.hotkey] Hotkey triggered globally at (923, 683)
[15:11:06] [INFO] [orbit.services.profile] Matched profile 'Web Browser' for app 'brave.exe'
[15:11:06] [INFO] [orbit] Hotkey triggered at (738, 546) for active app 'brave.exe' using profile 'Web Browser'
[15:11:06] [INFO] [orbit] Hotkey released after 0.08s
[15:11:06] [INFO] [orbit] Keeping radial menu open until click or dismiss.
[15:11:07] [INFO] [orbit.ui.overlay] OverlayWindow lost focus -> requesting dismiss
[15:11:07] [INFO] [orbit.hooks.hotkey] Hotkey triggered globally at (42, 551)
[15:11:07] [INFO] [orbit.services.profile] Matched profile 'Web Browser' for app 'brave.exe'
[15:11:07] [INFO] [orbit] Hotkey triggered at (175, 441) for active app 'brave.exe' using profile 'Web Browser'
[15:11:08] [INFO] [orbit] Hotkey released after 0.10s
[15:11:08] [INFO] [orbit] Keeping radial menu open until click or dismiss.
[15:11:10] [INFO] [orbit.ui.radial_view] Center Genel Menü clicked -> Opening General Profile
[15:11:11] [INFO] [orbit.ui.radial_view] Center Back clicked -> Returning to parent ring
[15:11:14] [INFO] [orbit.ui.radial_view] Center Genel Menü clicked -> Opening General Profile
[15:12:10] [INFO] [orbit.services.clipboard] Clipboard captured: '  git config --globa...'
[15:12:33] [INFO] [orbit.services.clipboard] Clipboard captured: '  git config --globa...'
[15:43:06] [INFO] [orbit] Initializing Orbit Radial Menu Application...
[15:43:06] [INFO] [orbit.platform.windows] Initialized WindowsPlatform
[15:43:06] [INFO] [orbit.services.profile] Loaded profile: Web Browser (8 items)
[15:43:06] [INFO] [orbit.services.profile] Loaded profile: Varsayılan (6 items)
[15:43:06] [INFO] [orbit.services.profile] Loaded profile: Excel (8 items)
[15:43:06] [INFO] [orbit.services.profile] Loaded profile: PowerPoint (8 items)
[15:43:06] [INFO] [orbit.services.profile] Loaded profile: VS Code (8 items)
[15:43:06] [INFO] [orbit.services.profile] Loaded profile: Word (8 items)
[15:43:06] [INFO] [orbit.services.profile] Active profile set to 'Varsayılan'
[15:43:06] [INFO] [orbit.services.plugin] Registered plugin 'Launcher Plugin' (v1.0.0)
[15:43:06] [INFO] [orbit.services.plugin] Registered plugin 'Media Control Plugin' (v1.0.0)
[15:43:06] [INFO] [orbit.services.plugin] Registered plugin 'Shell Command Plugin' (v1.0.0)
[15:43:06] [INFO] [orbit.hooks.hotkey] Global input listeners started (Primary: 'ctrl+space', Secondary: 'button4', Hold: False@1.0s).
[15:43:06] [INFO] [orbit.ui.system_tray] System Tray initialized.
[15:43:06] [INFO] [orbit] Orbit application running in system tray. Press Mouse 4 or Ctrl+Space to activate radial menu.
[15:43:07] [INFO] [orbit.hooks.hotkey] Hotkey triggered globally at (990, 657)
[15:43:07] [INFO] [orbit] Hotkey triggered at (792, 526) for active app 'antigravity.exe' using profile 'Varsayılan'
[15:43:07] [INFO] [orbit] Hotkey released after 0.14s
[15:43:07] [INFO] [orbit] Keeping radial menu open until click or dismiss.
[15:43:14] [INFO] [orbit] Executing selected slice action: Tarayıcı
[15:43:14] [INFO] [orbit.services.action] Executing action 'Tarayıcı' (ID: a2)
[15:43:14] [INFO] [orbit.actions.url] Opened URL: https://google.com
[15:49:34] [INFO] [orbit] Initializing Orbit Radial Menu Application...
[15:49:34] [INFO] [orbit.platform.windows] Initialized WindowsPlatform
[15:49:34] [INFO] [orbit.services.profile] Loaded profile: Web Browser (8 items)
[15:49:34] [INFO] [orbit.services.profile] Loaded profile: Varsayılan (6 items)
[15:49:34] [INFO] [orbit.services.profile] Loaded profile: Excel (8 items)
[15:49:34] [INFO] [orbit.services.profile] Loaded profile: PowerPoint (8 items)
[15:49:34] [INFO] [orbit.services.profile] Loaded profile: VS Code (8 items)
[15:49:34] [INFO] [orbit.services.profile] Loaded profile: Word (8 items)
[15:49:34] [INFO] [orbit.services.profile] Active profile set to 'Varsayılan'
[15:49:34] [INFO] [orbit.services.plugin] Registered plugin 'Launcher Plugin' (v1.0.0)
[15:49:34] [INFO] [orbit.services.plugin] Registered plugin 'Media Control Plugin' (v1.0.0)
[15:49:34] [INFO] [orbit.services.plugin] Registered plugin 'Shell Command Plugin' (v1.0.0)
[15:49:34] [INFO] [orbit.hooks.hotkey] Global input listeners started (Primary: 'ctrl+space', Secondary: 'button4', Hold: False@1.0s).
[15:49:34] [INFO] [orbit.ui.system_tray] System Tray initialized.
[15:49:34] [INFO] [orbit] Orbit application running in system tray. Press Mouse 4 or Ctrl+Space to activate radial menu.
[15:49:38] [INFO] [orbit.hooks.hotkey] Hotkey triggered globally at (1814, 464)
[15:49:38] [INFO] [orbit] Hotkey triggered at (1451, 371) for active app 'antigravity.exe' using profile 'Varsayılan'
[15:49:38] [INFO] [orbit] Hotkey released after 0.19s
[15:49:38] [INFO] [orbit] Keeping radial menu open until click or dismiss.
[15:49:40] [INFO] [orbit.ui.radial_view] Opening sub-ring 'Medya & Ses'
[15:49:43] [INFO] [orbit.ui.radial_view] Center Back clicked -> Returning to parent ring
[15:49:44] [INFO] [orbit.ui.radial_view] Opening sub-ring 'Sistem Araçları'
[15:49:46] [INFO] [orbit] Executing selected slice action: Bilgisayarı Kilitle
[15:49:46] [INFO] [orbit.services.action] Executing action 'Bilgisayarı Kilitle' (ID: ta4)
[15:49:46] [INFO] [orbit.actions.system_tool] Executing SystemToolAction 'lock_screen'
[15:49:53] [INFO] [orbit.hooks.hotkey] Hotkey triggered globally at (1402, 379)
[15:49:53] [INFO] [orbit] Hotkey triggered at (1122, 303) for active app 'antigravity.exe' using profile 'Varsayılan'
[15:49:53] [INFO] [orbit] Hotkey released after 0.14s
[15:49:53] [INFO] [orbit] Keeping radial menu open until click or dismiss.
[15:49:56] [INFO] [orbit.ui.radial_view] Opening sub-ring 'Pencere Yönetimi'
[15:49:58] [INFO] [orbit.ui.radial_view] Center Back clicked -> Returning to parent ring
[15:49:59] [INFO] [orbit.ui.radial_view] Opening sub-ring 'Pano Geçmişi'
[15:49:59] [INFO] [orbit.ui.radial_view] Center Back clicked -> Returning to parent ring
[15:50:01] [INFO] [orbit] Executing selected slice action: Ekran Alıntısı
[15:50:01] [INFO] [orbit.services.action] Executing action 'Ekran Alıntısı' (ID: a1_snip)
[15:50:01] [INFO] [orbit.actions.system_tool] Executing SystemToolAction 'snipping_tool'
[15:50:01] [INFO] [orbit.actions.shortcut] Simulated shortcut: cmd+shift+s
[15:50:04] [INFO] [orbit.hooks.hotkey] Hotkey triggered globally at (1174, 409)
[15:50:04] [INFO] [orbit] Hotkey triggered at (939, 327) for active app 'antigravity.exe' using profile 'Varsayılan'
[15:50:04] [INFO] [orbit] Hotkey released after 0.13s
[15:50:04] [INFO] [orbit] Keeping radial menu open until click or dismiss.
[15:50:04] [INFO] [orbit.ui.radial_view] Opening sub-ring 'Sistem Araçları'
[15:50:08] [INFO] [orbit] Executing selected slice action: Dosya Gezgini
[15:50:08] [INFO] [orbit.services.action] Executing action 'Dosya Gezgini' (ID: ta3)
[15:50:08] [INFO] [orbit.actions.system_tool] Executing SystemToolAction 'file_explorer'
[15:50:08] [INFO] [orbit.actions.shortcut] Simulated shortcut: cmd+e
[15:50:09] [INFO] [orbit.hooks.hotkey] Hotkey triggered globally at (1399, 422)
[15:50:09] [INFO] [orbit] Hotkey triggered at (1119, 338) for active app 'antigravity.exe' using profile 'Varsayılan'
[15:50:09] [INFO] [orbit] Hotkey released after 0.11s
[15:50:09] [INFO] [orbit] Keeping radial menu open until click or dismiss.
[15:50:10] [INFO] [orbit.hooks.hotkey] Hotkey triggered globally at (1397, 422)
[15:50:10] [INFO] [orbit] Hotkey triggered at (1118, 338) for active app 'antigravity.exe' using profile 'Varsayılan'
[15:50:11] [INFO] [orbit] Hotkey released after 0.14s
[15:50:11] [INFO] [orbit] Keeping radial menu open until click or dismiss.
[15:50:29] [INFO] [orbit.hooks.hotkey] Hotkey triggered globally at (1568, 500)
[15:50:29] [INFO] [orbit] Hotkey triggered at (1254, 400) for active app 'antigravity.exe' using profile 'Varsayılan'
[15:50:29] [INFO] [orbit] Hotkey released after 0.11s
[15:50:29] [INFO] [orbit] Keeping radial menu open until click or dismiss.
[15:50:30] [INFO] [orbit.ui.radial_view] Opening sub-ring 'Sistem Araçları'
[15:50:32] [INFO] [orbit.ui.radial_view] Center Back clicked -> Returning to parent ring
[15:50:33] [INFO] [orbit.ui.radial_view] Opening sub-ring 'Pencere Yönetimi'
[15:50:34] [INFO] [orbit] Executing selected slice action: Görev Görünümü
[15:50:34] [INFO] [orbit.services.action] Executing action 'Görev Görünümü' (ID: wa5)
[15:50:34] [INFO] [orbit.actions.window_control] Executing WindowControlAction 'task_view'
[15:50:34] [INFO] [orbit.actions.shortcut] Simulated shortcut: cmd+tab
[15:51:46] [INFO] [orbit.hooks.hotkey] Hotkey triggered globally at (507, 663)
[15:51:46] [INFO] [orbit] Hotkey triggered at (406, 530) for active app 'antigravity.exe' using profile 'Varsayılan'
[15:51:46] [INFO] [orbit] Hotkey released after 0.16s
[15:51:46] [INFO] [orbit] Keeping radial menu open until click or dismiss.
[15:51:49] [INFO] [orbit] Executing selected slice action: Google'da Ara / Web Sayfası Aç
[15:51:49] [INFO] [orbit.services.action] Executing action 'Google'da Ara / Web Sayfası Aç' (ID: action_google'da ara / web sayfası aç)
[15:51:49] [INFO] [orbit.actions.url] Opened URL: https://google.com
[15:52:03] [INFO] [orbit.hooks.hotkey] Hotkey triggered globally at (431, 813)
[15:52:03] [INFO] [orbit.services.profile] Matched profile 'Web Browser' for app 'brave.exe'
[15:52:03] [INFO] [orbit] Hotkey triggered at (345, 650) for active app 'brave.exe' using profile 'Web Browser'
[15:52:04] [INFO] [orbit] Hotkey released after 0.15s
[15:52:04] [INFO] [orbit] Keeping radial menu open until click or dismiss.
[15:52:05] [INFO] [orbit.ui.radial_view] Center Genel Menü clicked -> Opening General Profile
[15:52:06] [INFO] [orbit] Executing selected slice action: AI: 'Seçili metni özetle'
[15:52:06] [INFO] [orbit.services.action] Executing action 'AI: 'Seçili metni özetle'' (ID: action_google'da ara / web sayfası aç)
[15:52:06] [INFO] [orbit.actions.text] Typed text string: 'Lütfen bu metni kısaca özetle:'
[15:52:13] [INFO] [orbit.hooks.hotkey] Hotkey triggered globally at (1410, 184)
[15:52:13] [INFO] [orbit.services.profile] Matched profile 'Web Browser' for app 'brave.exe'
[15:52:13] [INFO] [orbit] Hotkey triggered at (1128, 175) for active app 'brave.exe' using profile 'Web Browser'
[15:52:14] [INFO] [orbit] Hotkey released after 0.14s
[15:52:14] [INFO] [orbit] Keeping radial menu open until click or dismiss.
[15:52:17] [INFO] [orbit.ui.radial_view] Center Genel Menü clicked -> Opening General Profile
[15:52:19] [INFO] [orbit] Executing selected slice action: AI: 'Seçili metni özetle'
[15:52:19] [INFO] [orbit.services.action] Executing action 'AI: 'Seçili metni özetle'' (ID: action_google'da ara / web sayfası aç)
[15:52:19] [INFO] [orbit.actions.text] Typed text string: 'Lütfen bu metni kısaca özetle:'
[15:52:56] [INFO] [orbit.hooks.hotkey] Hotkey triggered globally at (976, 529)
[15:52:56] [INFO] [orbit] Hotkey triggered at (781, 423) for active app 'antigravity.exe' using profile 'Varsayılan'
[15:52:56] [INFO] [orbit] Hotkey released after 0.13s
[15:52:56] [INFO] [orbit] Keeping radial menu open until click or dismiss.
[15:52:58] [INFO] [orbit.ui.radial_view] Opening sub-ring 'Medya & Ses'
[15:53:00] [INFO] [orbit.actions.wheel] WheelAction 'Tekerlek Ses Modu' scrolled UP (mode=volume)
[15:53:00] [INFO] [orbit.actions.wheel] WheelAction 'Tekerlek Ses Modu' scrolled UP (mode=volume)
[15:53:00] [INFO] [orbit.actions.wheel] WheelAction 'Tekerlek Ses Modu' scrolled DOWN (mode=volume)
[15:53:00] [INFO] [orbit.actions.wheel] WheelAction 'Tekerlek Ses Modu' scrolled DOWN (mode=volume)
[15:53:00] [INFO] [orbit.actions.wheel] WheelAction 'Tekerlek Ses Modu' scrolled DOWN (mode=volume)
[15:53:00] [INFO] [orbit.actions.wheel] WheelAction 'Tekerlek Ses Modu' scrolled DOWN (mode=volume)
[15:53:00] [INFO] [orbit.actions.wheel] WheelAction 'Tekerlek Ses Modu' scrolled DOWN (mode=volume)
[15:53:00] [INFO] [orbit.actions.wheel] WheelAction 'Tekerlek Ses Modu' scrolled UP (mode=volume)
[15:53:00] [INFO] [orbit.actions.wheel] WheelAction 'Tekerlek Ses Modu' scrolled UP (mode=volume)
[15:53:00] [INFO] [orbit.actions.wheel] WheelAction 'Tekerlek Ses Modu' scrolled UP (mode=volume)
[15:53:00] [INFO] [orbit.actions.wheel] WheelAction 'Tekerlek Ses Modu' scrolled UP (mode=volume)
[15:53:00] [INFO] [orbit.actions.wheel] WheelAction 'Tekerlek Ses Modu' scrolled UP (mode=volume)
[15:53:01] [INFO] [orbit.actions.wheel] WheelAction 'Tekerlek Ses Modu' scrolled DOWN (mode=volume)
[15:53:01] [INFO] [orbit.actions.wheel] WheelAction 'Tekerlek Ses Modu' scrolled DOWN (mode=volume)
[15:53:01] [INFO] [orbit.actions.wheel] WheelAction 'Tekerlek Ses Modu' scrolled DOWN (mode=volume)
[15:53:01] [INFO] [orbit.actions.wheel] WheelAction 'Tekerlek Ses Modu' scrolled DOWN (mode=volume)
[15:53:01] [INFO] [orbit.actions.wheel] WheelAction 'Tekerlek Ses Modu' scrolled DOWN (mode=volume)
[15:53:02] [INFO] [orbit.actions.wheel] WheelAction 'Tekerlek Ses Modu' scrolled UP (mode=volume)
[15:53:02] [INFO] [orbit.actions.wheel] WheelAction 'Tekerlek Ses Modu' scrolled UP (mode=volume)
[15:53:02] [INFO] [orbit.actions.wheel] WheelAction 'Tekerlek Ses Modu' scrolled UP (mode=volume)
[15:53:02] [INFO] [orbit.actions.wheel] WheelAction 'Tekerlek Ses Modu' scrolled UP (mode=volume)
[15:53:02] [INFO] [orbit.actions.wheel] WheelAction 'Tekerlek Ses Modu' scrolled DOWN (mode=volume)
[15:53:02] [INFO] [orbit.actions.wheel] WheelAction 'Tekerlek Ses Modu' scrolled DOWN (mode=volume)
[15:53:02] [INFO] [orbit.actions.wheel] WheelAction 'Tekerlek Ses Modu' scrolled DOWN (mode=volume)
[15:53:02] [INFO] [orbit.actions.wheel] WheelAction 'Tekerlek Ses Modu' scrolled DOWN (mode=volume)
[15:53:02] [INFO] [orbit.actions.wheel] WheelAction 'Tekerlek Ses Modu' scrolled DOWN (mode=volume)
[15:53:03] [INFO] [orbit.actions.wheel] WheelAction 'Tekerlek Ses Modu' scrolled DOWN (mode=volume)
[15:53:03] [INFO] [orbit.actions.wheel] WheelAction 'Tekerlek Ses Modu' scrolled DOWN (mode=volume)
[15:53:03] [INFO] [orbit.actions.wheel] WheelAction 'Tekerlek Ses Modu' scrolled DOWN (mode=volume)
[15:53:03] [INFO] [orbit.actions.wheel] WheelAction 'Tekerlek Ses Modu' scrolled DOWN (mode=volume)
[15:53:03] [INFO] [orbit.actions.wheel] WheelAction 'Tekerlek Ses Modu' scrolled DOWN (mode=volume)
[15:53:03] [INFO] [orbit.actions.wheel] WheelAction 'Tekerlek Ses Modu' scrolled DOWN (mode=volume)
[15:53:03] [INFO] [orbit.actions.wheel] WheelAction 'Tekerlek Ses Modu' scrolled DOWN (mode=volume)
[15:53:03] [INFO] [orbit.actions.wheel] WheelAction 'Tekerlek Ses Modu' scrolled DOWN (mode=volume)
[15:53:03] [INFO] [orbit.actions.wheel] WheelAction 'Tekerlek Ses Modu' scrolled UP (mode=volume)
[15:53:03] [INFO] [orbit.actions.wheel] WheelAction 'Tekerlek Ses Modu' scrolled UP (mode=volume)
[15:53:03] [INFO] [orbit.actions.wheel] WheelAction 'Tekerlek Ses Modu' scrolled UP (mode=volume)
[15:53:03] [INFO] [orbit.actions.wheel] WheelAction 'Tekerlek Ses Modu' scrolled UP (mode=volume)
[15:53:03] [INFO] [orbit.actions.wheel] WheelAction 'Tekerlek Ses Modu' scrolled UP (mode=volume)
[15:53:03] [INFO] [orbit.actions.wheel] WheelAction 'Tekerlek Ses Modu' scrolled UP (mode=volume)
[15:53:07] [INFO] [orbit] Executing selected slice action: Sesi Kapat / Aç
[15:53:07] [INFO] [orbit.services.action] Executing action 'Sesi Kapat / Aç' (ID: ma4)
[15:53:07] [INFO] [orbit.actions.media] Executing MediaAction 'volume_mute'
[15:53:07] [INFO] [orbit.actions.media] Successfully triggered media key for 'volume_mute'
[15:53:09] [INFO] [orbit.hooks.hotkey] Hotkey triggered globally at (1026, 458)
[15:53:09] [INFO] [orbit] Hotkey triggered at (821, 366) for active app 'antigravity.exe' using profile 'Varsayılan'
[15:53:09] [INFO] [orbit] Hotkey released after 0.16s
[15:53:09] [INFO] [orbit] Keeping radial menu open until click or dismiss.
[15:53:10] [INFO] [orbit.ui.radial_view] Opening sub-ring 'Medya & Ses'
[15:53:11] [INFO] [orbit] Executing selected slice action: Sesi Kapat / Aç
[15:53:11] [INFO] [orbit.services.action] Executing action 'Sesi Kapat / Aç' (ID: ma4)
[15:53:11] [INFO] [orbit.actions.media] Executing MediaAction 'volume_mute'
[15:53:11] [INFO] [orbit.actions.media] Successfully triggered media key for 'volume_mute'
[15:53:12] [INFO] [orbit.hooks.hotkey] Hotkey triggered globally at (1135, 419)
[15:53:12] [INFO] [orbit] Hotkey triggered at (908, 335) for active app 'antigravity.exe' using profile 'Varsayılan'
[15:53:12] [INFO] [orbit] Hotkey released after 0.14s
[15:53:12] [INFO] [orbit] Keeping radial menu open until click or dismiss.
[15:53:12] [INFO] [orbit.ui.radial_view] Opening sub-ring 'Medya & Ses'
[15:53:14] [INFO] [orbit.ui.overlay] OverlayWindow lost focus -> requesting dismiss
[15:53:32] [INFO] [orbit.hooks.hotkey] Hotkey triggered globally at (987, 703)
[15:53:32] [INFO] [orbit.services.profile] Matched profile 'Web Browser' for app 'brave.exe'
[15:53:32] [INFO] [orbit] Hotkey triggered at (790, 562) for active app 'brave.exe' using profile 'Web Browser'
[15:53:32] [INFO] [orbit] Hotkey released after 0.16s
[15:53:32] [INFO] [orbit] Keeping radial menu open until click or dismiss.
[15:53:33] [INFO] [orbit.ui.radial_view] Center Genel Menü clicked -> Opening General Profile
[15:53:34] [INFO] [orbit.ui.radial_view] Opening sub-ring 'Medya & Ses'
[15:53:35] [INFO] [orbit] Executing selected slice action: Sonraki Parça
[15:53:35] [INFO] [orbit.services.action] Executing action 'Sonraki Parça' (ID: ma2)
[15:53:35] [INFO] [orbit.actions.media] Executing MediaAction 'next_track'
[15:53:35] [INFO] [orbit.actions.media] Successfully triggered media key for 'next_track'
[15:53:37] [INFO] [orbit.hooks.hotkey] Hotkey triggered globally at (1088, 658)
[15:53:37] [INFO] [orbit.services.profile] Matched profile 'Web Browser' for app 'brave.exe'
[15:53:37] [INFO] [orbit] Hotkey triggered at (870, 526) for active app 'brave.exe' using profile 'Web Browser'
[15:53:37] [INFO] [orbit] Hotkey released after 0.14s
[15:53:37] [INFO] [orbit] Keeping radial menu open until click or dismiss.
[15:53:39] [INFO] [orbit.ui.radial_view] Center Genel Menü clicked -> Opening General Profile
[15:53:40] [INFO] [orbit.ui.radial_view] Opening sub-ring 'Medya & Ses'
[15:53:42] [INFO] [orbit] Executing selected slice action: Oynat / Durdur
[15:53:42] [INFO] [orbit.services.action] Executing action 'Oynat / Durdur' (ID: ma1)
[15:53:42] [INFO] [orbit.actions.media] Executing MediaAction 'play_pause'
[15:53:42] [INFO] [orbit.actions.media] Successfully triggered media key for 'play_pause'
[15:53:43] [INFO] [orbit.hooks.hotkey] Hotkey triggered globally at (1172, 562)
[15:53:43] [INFO] [orbit.services.profile] Matched profile 'Web Browser' for app 'brave.exe'
[15:53:43] [INFO] [orbit] Hotkey triggered at (938, 450) for active app 'brave.exe' using profile 'Web Browser'
[15:53:43] [INFO] [orbit] Hotkey released after 0.14s
[15:53:43] [INFO] [orbit] Keeping radial menu open until click or dismiss.
[15:53:44] [INFO] [orbit.ui.radial_view] Center Genel Menü clicked -> Opening General Profile
[15:53:45] [INFO] [orbit.ui.radial_view] Opening sub-ring 'Medya & Ses'
[15:53:46] [INFO] [orbit.ui.overlay] OverlayWindow lost focus -> requesting dismiss
[15:53:48] [INFO] [orbit.hooks.hotkey] Hotkey triggered globally at (1264, 424)
[15:53:48] [INFO] [orbit] Hotkey triggered at (1011, 339) for active app 'explorer.exe' using profile 'Varsayılan'
[15:53:48] [INFO] [orbit] Hotkey released after 0.12s
[15:53:48] [INFO] [orbit] Keeping radial menu open until click or dismiss.
[15:53:49] [INFO] [orbit.ui.radial_view] Opening sub-ring 'Medya & Ses'
[15:53:50] [INFO] [orbit] Executing selected slice action: Oynat / Durdur
[15:53:50] [INFO] [orbit.services.action] Executing action 'Oynat / Durdur' (ID: ma1)
[15:53:50] [INFO] [orbit.actions.media] Executing MediaAction 'play_pause'
[15:53:50] [INFO] [orbit.actions.media] Successfully triggered media key for 'play_pause'
[15:53:52] [INFO] [orbit.hooks.hotkey] Hotkey triggered globally at (1003, 406)
[15:53:52] [INFO] [orbit] Hotkey triggered at (802, 325) for active app 'antigravity.exe' using profile 'Varsayılan'
[15:53:53] [INFO] [orbit] Hotkey released after 0.16s
[15:53:53] [INFO] [orbit] Keeping radial menu open until click or dismiss.
[15:53:53] [INFO] [orbit.ui.radial_view] Opening sub-ring 'Medya & Ses'
[15:53:55] [INFO] [orbit.actions.wheel] WheelAction 'Tekerlek Ses Modu' scrolled DOWN (mode=volume)
[15:53:55] [INFO] [orbit.actions.wheel] WheelAction 'Tekerlek Ses Modu' scrolled DOWN (mode=volume)
[15:53:55] [INFO] [orbit.actions.wheel] WheelAction 'Tekerlek Ses Modu' scrolled DOWN (mode=volume)
[15:53:55] [INFO] [orbit.actions.wheel] WheelAction 'Tekerlek Ses Modu' scrolled DOWN (mode=volume)
[15:53:55] [INFO] [orbit.actions.wheel] WheelAction 'Tekerlek Ses Modu' scrolled DOWN (mode=volume)
[15:53:55] [INFO] [orbit.actions.wheel] WheelAction 'Tekerlek Ses Modu' scrolled DOWN (mode=volume)
[15:53:55] [INFO] [orbit.actions.wheel] WheelAction 'Tekerlek Ses Modu' scrolled DOWN (mode=volume)
[15:53:56] [INFO] [orbit.actions.wheel] WheelAction 'Tekerlek Ses Modu' scrolled DOWN (mode=volume)
[15:53:56] [INFO] [orbit.actions.wheel] WheelAction 'Tekerlek Ses Modu' scrolled DOWN (mode=volume)
[15:53:56] [INFO] [orbit.actions.wheel] WheelAction 'Tekerlek Ses Modu' scrolled DOWN (mode=volume)
[15:53:56] [INFO] [orbit.actions.wheel] WheelAction 'Tekerlek Ses Modu' scrolled DOWN (mode=volume)
[15:53:56] [INFO] [orbit.actions.wheel] WheelAction 'Tekerlek Ses Modu' scrolled UP (mode=volume)
[15:53:56] [INFO] [orbit.actions.wheel] WheelAction 'Tekerlek Ses Modu' scrolled UP (mode=volume)
[15:53:56] [INFO] [orbit.actions.wheel] WheelAction 'Tekerlek Ses Modu' scrolled UP (mode=volume)
[15:53:59] [INFO] [orbit.actions.wheel] WheelAction 'Tekerlek Ses Modu' scrolled UP (mode=volume)
[15:53:59] [INFO] [orbit.actions.wheel] WheelAction 'Tekerlek Ses Modu' scrolled UP (mode=volume)
[15:53:59] [INFO] [orbit.actions.wheel] WheelAction 'Tekerlek Ses Modu' scrolled DOWN (mode=volume)
[15:53:59] [INFO] [orbit.actions.wheel] WheelAction 'Tekerlek Ses Modu' scrolled DOWN (mode=volume)
[15:54:00] [INFO] [orbit.actions.wheel] WheelAction 'Tekerlek Ses Modu' scrolled UP (mode=volume)
[15:54:00] [INFO] [orbit.actions.wheel] WheelAction 'Tekerlek Ses Modu' scrolled UP (mode=volume)
[15:54:00] [INFO] [orbit.actions.wheel] WheelAction 'Tekerlek Ses Modu' scrolled UP (mode=volume)
[15:54:00] [INFO] [orbit.actions.wheel] WheelAction 'Tekerlek Ses Modu' scrolled UP (mode=volume)
[15:54:00] [INFO] [orbit.actions.wheel] WheelAction 'Tekerlek Ses Modu' scrolled DOWN (mode=volume)
[15:54:00] [INFO] [orbit.actions.wheel] WheelAction 'Tekerlek Ses Modu' scrolled DOWN (mode=volume)
[15:54:00] [INFO] [orbit.actions.wheel] WheelAction 'Tekerlek Ses Modu' scrolled DOWN (mode=volume)
[15:54:00] [INFO] [orbit.actions.wheel] WheelAction 'Tekerlek Ses Modu' scrolled UP (mode=volume)
[15:54:00] [INFO] [orbit.actions.wheel] WheelAction 'Tekerlek Ses Modu' scrolled UP (mode=volume)
[15:54:00] [INFO] [orbit.actions.wheel] WheelAction 'Tekerlek Ses Modu' scrolled UP (mode=volume)
[15:54:00] [INFO] [orbit.actions.wheel] WheelAction 'Tekerlek Ses Modu' scrolled UP (mode=volume)
[15:54:01] [INFO] [orbit.actions.wheel] WheelAction 'Tekerlek Ses Modu' scrolled DOWN (mode=volume)
[15:54:01] [INFO] [orbit.actions.wheel] WheelAction 'Tekerlek Ses Modu' scrolled UP (mode=volume)
[15:54:01] [INFO] [orbit.actions.wheel] WheelAction 'Tekerlek Ses Modu' scrolled UP (mode=volume)
[15:54:01] [INFO] [orbit.actions.wheel] WheelAction 'Tekerlek Ses Modu' scrolled DOWN (mode=volume)
[15:54:01] [INFO] [orbit.actions.wheel] WheelAction 'Tekerlek Ses Modu' scrolled DOWN (mode=volume)
[15:54:02] [INFO] [orbit.actions.wheel] WheelAction 'Tekerlek Ses Modu' scrolled UP (mode=volume)
[15:54:02] [INFO] [orbit.actions.wheel] WheelAction 'Tekerlek Ses Modu' scrolled UP (mode=volume)
[15:54:02] [INFO] [orbit.actions.wheel] WheelAction 'Tekerlek Ses Modu' scrolled DOWN (mode=volume)
[15:54:02] [INFO] [orbit.actions.wheel] WheelAction 'Tekerlek Ses Modu' scrolled DOWN (mode=volume)
[15:54:02] [INFO] [orbit.actions.wheel] WheelAction 'Tekerlek Ses Modu' scrolled DOWN (mode=volume)
[15:54:02] [INFO] [orbit.actions.wheel] WheelAction 'Tekerlek Ses Modu' scrolled UP (mode=volume)
[15:54:02] [INFO] [orbit.actions.wheel] WheelAction 'Tekerlek Ses Modu' scrolled UP (mode=volume)
[15:54:02] [INFO] [orbit.actions.wheel] WheelAction 'Tekerlek Ses Modu' scrolled UP (mode=volume)
[15:54:02] [INFO] [orbit.actions.wheel] WheelAction 'Tekerlek Ses Modu' scrolled UP (mode=volume)
[15:54:02] [INFO] [orbit.actions.wheel] WheelAction 'Tekerlek Ses Modu' scrolled DOWN (mode=volume)
[15:54:02] [INFO] [orbit.actions.wheel] WheelAction 'Tekerlek Ses Modu' scrolled DOWN (mode=volume)
[15:54:02] [INFO] [orbit.actions.wheel] WheelAction 'Tekerlek Ses Modu' scrolled DOWN (mode=volume)
[15:54:02] [INFO] [orbit.actions.wheel] WheelAction 'Tekerlek Ses Modu' scrolled DOWN (mode=volume)
[15:54:02] [INFO] [orbit.actions.wheel] WheelAction 'Tekerlek Ses Modu' scrolled UP (mode=volume)
[15:54:02] [INFO] [orbit.actions.wheel] WheelAction 'Tekerlek Ses Modu' scrolled UP (mode=volume)
[15:54:02] [INFO] [orbit.actions.wheel] WheelAction 'Tekerlek Ses Modu' scrolled UP (mode=volume)
[15:54:02] [INFO] [orbit.actions.wheel] WheelAction 'Tekerlek Ses Modu' scrolled UP (mode=volume)
[15:54:02] [INFO] [orbit.actions.wheel] WheelAction 'Tekerlek Ses Modu' scrolled UP (mode=volume)
[15:54:02] [INFO] [orbit.actions.wheel] WheelAction 'Tekerlek Ses Modu' scrolled DOWN (mode=volume)
[15:54:02] [INFO] [orbit.actions.wheel] WheelAction 'Tekerlek Ses Modu' scrolled DOWN (mode=volume)
[15:54:02] [INFO] [orbit.actions.wheel] WheelAction 'Tekerlek Ses Modu' scrolled DOWN (mode=volume)
[15:54:02] [INFO] [orbit.actions.wheel] WheelAction 'Tekerlek Ses Modu' scrolled DOWN (mode=volume)
[15:54:03] [INFO] [orbit.actions.wheel] WheelAction 'Tekerlek Ses Modu' scrolled DOWN (mode=volume)
[15:54:03] [INFO] [orbit.actions.wheel] WheelAction 'Tekerlek Ses Modu' scrolled DOWN (mode=volume)
[15:54:03] [INFO] [orbit.actions.wheel] WheelAction 'Tekerlek Ses Modu' scrolled DOWN (mode=volume)
[15:54:04] [INFO] [orbit.actions.wheel] WheelAction 'Tekerlek Ses Modu' scrolled DOWN (mode=volume)
[15:54:04] [INFO] [orbit.actions.wheel] WheelAction 'Tekerlek Ses Modu' scrolled UP (mode=volume)
[15:54:04] [INFO] [orbit.actions.wheel] WheelAction 'Tekerlek Ses Modu' scrolled UP (mode=volume)
[15:54:05] [INFO] [orbit.actions.wheel] WheelAction 'Tekerlek Ses Modu' scrolled UP (mode=volume)
[15:54:05] [INFO] [orbit.actions.wheel] WheelAction 'Tekerlek Ses Modu' scrolled DOWN (mode=volume)
[15:54:05] [INFO] [orbit.actions.wheel] WheelAction 'Tekerlek Ses Modu' scrolled DOWN (mode=volume)
[15:54:06] [INFO] [orbit.actions.wheel] WheelAction 'Tekerlek Ses Modu' scrolled UP (mode=volume)
[15:54:06] [INFO] [orbit.actions.wheel] WheelAction 'Tekerlek Ses Modu' scrolled DOWN (mode=volume)
[15:54:06] [INFO] [orbit.actions.wheel] WheelAction 'Tekerlek Ses Modu' scrolled UP (mode=volume)
[15:54:06] [INFO] [orbit.actions.wheel] WheelAction 'Tekerlek Ses Modu' scrolled DOWN (mode=volume)
[15:54:07] [INFO] [orbit.actions.wheel] WheelAction 'Tekerlek Ses Modu' scrolled UP (mode=volume)
[15:54:07] [INFO] [orbit.actions.wheel] WheelAction 'Tekerlek Ses Modu' scrolled UP (mode=volume)
[15:54:07] [INFO] [orbit.actions.wheel] WheelAction 'Tekerlek Ses Modu' scrolled DOWN (mode=volume)
[15:54:07] [INFO] [orbit.actions.wheel] WheelAction 'Tekerlek Ses Modu' scrolled DOWN (mode=volume)
[15:54:07] [INFO] [orbit.actions.wheel] WheelAction 'Tekerlek Ses Modu' scrolled UP (mode=volume)
[15:54:08] [INFO] [orbit.actions.wheel] WheelAction 'Tekerlek Ses Modu' scrolled DOWN (mode=volume)
[15:54:08] [INFO] [orbit.actions.wheel] WheelAction 'Tekerlek Ses Modu' scrolled DOWN (mode=volume)
[15:54:08] [INFO] [orbit.actions.wheel] WheelAction 'Tekerlek Ses Modu' scrolled UP (mode=volume)
[15:54:08] [INFO] [orbit.actions.wheel] WheelAction 'Tekerlek Ses Modu' scrolled UP (mode=volume)
[15:54:08] [INFO] [orbit.actions.wheel] WheelAction 'Tekerlek Ses Modu' scrolled UP (mode=volume)
[15:54:08] [INFO] [orbit.actions.wheel] WheelAction 'Tekerlek Ses Modu' scrolled UP (mode=volume)
[15:54:08] [INFO] [orbit.actions.wheel] WheelAction 'Tekerlek Ses Modu' scrolled UP (mode=volume)
[15:54:08] [INFO] [orbit.actions.wheel] WheelAction 'Tekerlek Ses Modu' scrolled DOWN (mode=volume)
[15:54:08] [INFO] [orbit.actions.wheel] WheelAction 'Tekerlek Ses Modu' scrolled DOWN (mode=volume)
[15:54:08] [INFO] [orbit.actions.wheel] WheelAction 'Tekerlek Ses Modu' scrolled DOWN (mode=volume)
[15:54:09] [INFO] [orbit.actions.wheel] WheelAction 'Tekerlek Ses Modu' scrolled DOWN (mode=volume)
[15:54:09] [INFO] [orbit.actions.wheel] WheelAction 'Tekerlek Ses Modu' scrolled DOWN (mode=volume)
[15:54:09] [INFO] [orbit.actions.wheel] WheelAction 'Tekerlek Ses Modu' scrolled UP (mode=volume)
[15:54:09] [INFO] [orbit.actions.wheel] WheelAction 'Tekerlek Ses Modu' scrolled UP (mode=volume)
[15:54:09] [INFO] [orbit.actions.wheel] WheelAction 'Tekerlek Ses Modu' scrolled UP (mode=volume)
[15:54:09] [INFO] [orbit.actions.wheel] WheelAction 'Tekerlek Ses Modu' scrolled UP (mode=volume)
[15:54:09] [INFO] [orbit.actions.wheel] WheelAction 'Tekerlek Ses Modu' scrolled UP (mode=volume)
[15:54:09] [INFO] [orbit.actions.wheel] WheelAction 'Tekerlek Ses Modu' scrolled DOWN (mode=volume)
[15:54:09] [INFO] [orbit.actions.wheel] WheelAction 'Tekerlek Ses Modu' scrolled DOWN (mode=volume)
[15:54:09] [INFO] [orbit.actions.wheel] WheelAction 'Tekerlek Ses Modu' scrolled DOWN (mode=volume)
[15:54:09] [INFO] [orbit.actions.wheel] WheelAction 'Tekerlek Ses Modu' scrolled DOWN (mode=volume)
[15:54:09] [INFO] [orbit.actions.wheel] WheelAction 'Tekerlek Ses Modu' scrolled DOWN (mode=volume)
[15:54:09] [INFO] [orbit.actions.wheel] WheelAction 'Tekerlek Ses Modu' scrolled DOWN (mode=volume)
[15:54:10] [INFO] [orbit.actions.wheel] WheelAction 'Tekerlek Ses Modu' scrolled UP (mode=volume)
[15:54:10] [INFO] [orbit.actions.wheel] WheelAction 'Tekerlek Ses Modu' scrolled UP (mode=volume)
[15:54:10] [INFO] [orbit.actions.wheel] WheelAction 'Tekerlek Ses Modu' scrolled UP (mode=volume)
[15:54:10] [INFO] [orbit.actions.wheel] WheelAction 'Tekerlek Ses Modu' scrolled UP (mode=volume)
[15:54:10] [INFO] [orbit.actions.wheel] WheelAction 'Tekerlek Ses Modu' scrolled UP (mode=volume)
[15:54:10] [INFO] [orbit.actions.wheel] WheelAction 'Tekerlek Ses Modu' scrolled UP (mode=volume)
[15:54:10] [INFO] [orbit.actions.wheel] WheelAction 'Tekerlek Ses Modu' scrolled DOWN (mode=volume)
[15:54:10] [INFO] [orbit.actions.wheel] WheelAction 'Tekerlek Ses Modu' scrolled DOWN (mode=volume)
[15:54:10] [INFO] [orbit.actions.wheel] WheelAction 'Tekerlek Ses Modu' scrolled DOWN (mode=volume)
[15:54:10] [INFO] [orbit.actions.wheel] WheelAction 'Tekerlek Ses Modu' scrolled DOWN (mode=volume)
[15:54:10] [INFO] [orbit.actions.wheel] WheelAction 'Tekerlek Ses Modu' scrolled DOWN (mode=volume)
[15:54:10] [INFO] [orbit.actions.wheel] WheelAction 'Tekerlek Ses Modu' scrolled DOWN (mode=volume)
[15:54:10] [INFO] [orbit.actions.wheel] WheelAction 'Tekerlek Ses Modu' scrolled UP (mode=volume)
[15:54:10] [INFO] [orbit.actions.wheel] WheelAction 'Tekerlek Ses Modu' scrolled UP (mode=volume)
[15:54:10] [INFO] [orbit.actions.wheel] WheelAction 'Tekerlek Ses Modu' scrolled UP (mode=volume)
[15:54:10] [INFO] [orbit.actions.wheel] WheelAction 'Tekerlek Ses Modu' scrolled UP (mode=volume)
[15:54:10] [INFO] [orbit.actions.wheel] WheelAction 'Tekerlek Ses Modu' scrolled UP (mode=volume)
[15:54:10] [INFO] [orbit.actions.wheel] WheelAction 'Tekerlek Ses Modu' scrolled UP (mode=volume)
[15:54:10] [INFO] [orbit.actions.wheel] WheelAction 'Tekerlek Ses Modu' scrolled DOWN (mode=volume)
[15:54:10] [INFO] [orbit.actions.wheel] WheelAction 'Tekerlek Ses Modu' scrolled DOWN (mode=volume)
[15:54:10] [INFO] [orbit.actions.wheel] WheelAction 'Tekerlek Ses Modu' scrolled DOWN (mode=volume)
[15:54:10] [INFO] [orbit.actions.wheel] WheelAction 'Tekerlek Ses Modu' scrolled DOWN (mode=volume)
[15:54:10] [INFO] [orbit.actions.wheel] WheelAction 'Tekerlek Ses Modu' scrolled DOWN (mode=volume)
[15:54:10] [INFO] [orbit.actions.wheel] WheelAction 'Tekerlek Ses Modu' scrolled DOWN (mode=volume)
[15:54:11] [INFO] [orbit.actions.wheel] WheelAction 'Tekerlek Ses Modu' scrolled UP (mode=volume)
[15:54:11] [INFO] [orbit.actions.wheel] WheelAction 'Tekerlek Ses Modu' scrolled UP (mode=volume)
[15:54:11] [INFO] [orbit.actions.wheel] WheelAction 'Tekerlek Ses Modu' scrolled UP (mode=volume)
[15:54:11] [INFO] [orbit.actions.wheel] WheelAction 'Tekerlek Ses Modu' scrolled UP (mode=volume)
[15:54:11] [INFO] [orbit.actions.wheel] WheelAction 'Tekerlek Ses Modu' scrolled UP (mode=volume)
[15:54:11] [INFO] [orbit.actions.wheel] WheelAction 'Tekerlek Ses Modu' scrolled UP (mode=volume)
[15:54:11] [INFO] [orbit.actions.wheel] WheelAction 'Tekerlek Ses Modu' scrolled DOWN (mode=volume)
[15:54:11] [INFO] [orbit.actions.wheel] WheelAction 'Tekerlek Ses Modu' scrolled DOWN (mode=volume)
[15:54:11] [INFO] [orbit.actions.wheel] WheelAction 'Tekerlek Ses Modu' scrolled DOWN (mode=volume)
[15:54:11] [INFO] [orbit.actions.wheel] WheelAction 'Tekerlek Ses Modu' scrolled DOWN (mode=volume)
[15:54:11] [INFO] [orbit.actions.wheel] WheelAction 'Tekerlek Ses Modu' scrolled DOWN (mode=volume)
[15:54:11] [INFO] [orbit.actions.wheel] WheelAction 'Tekerlek Ses Modu' scrolled UP (mode=volume)
[15:54:11] [INFO] [orbit.actions.wheel] WheelAction 'Tekerlek Ses Modu' scrolled UP (mode=volume)
[15:54:11] [INFO] [orbit.actions.wheel] WheelAction 'Tekerlek Ses Modu' scrolled UP (mode=volume)
[15:54:11] [INFO] [orbit.actions.wheel] WheelAction 'Tekerlek Ses Modu' scrolled UP (mode=volume)
[15:54:11] [INFO] [orbit.actions.wheel] WheelAction 'Tekerlek Ses Modu' scrolled UP (mode=volume)
[15:54:11] [INFO] [orbit.actions.wheel] WheelAction 'Tekerlek Ses Modu' scrolled UP (mode=volume)
[15:54:11] [INFO] [orbit.actions.wheel] WheelAction 'Tekerlek Ses Modu' scrolled DOWN (mode=volume)
[15:54:11] [INFO] [orbit.actions.wheel] WheelAction 'Tekerlek Ses Modu' scrolled DOWN (mode=volume)
[15:54:11] [INFO] [orbit.actions.wheel] WheelAction 'Tekerlek Ses Modu' scrolled DOWN (mode=volume)
[15:54:12] [INFO] [orbit.actions.wheel] WheelAction 'Tekerlek Ses Modu' scrolled DOWN (mode=volume)
[15:54:12] [INFO] [orbit.actions.wheel] WheelAction 'Tekerlek Ses Modu' scrolled DOWN (mode=volume)
[15:54:12] [INFO] [orbit.actions.wheel] WheelAction 'Tekerlek Ses Modu' scrolled UP (mode=volume)
[15:54:12] [INFO] [orbit.actions.wheel] WheelAction 'Tekerlek Ses Modu' scrolled UP (mode=volume)
[15:54:12] [INFO] [orbit.actions.wheel] WheelAction 'Tekerlek Ses Modu' scrolled UP (mode=volume)
[15:54:12] [INFO] [orbit.actions.wheel] WheelAction 'Tekerlek Ses Modu' scrolled UP (mode=volume)
[15:54:12] [INFO] [orbit.actions.wheel] WheelAction 'Tekerlek Ses Modu' scrolled UP (mode=volume)
[15:54:12] [INFO] [orbit.actions.wheel] WheelAction 'Tekerlek Ses Modu' scrolled UP (mode=volume)
[15:54:13] [INFO] [orbit.actions.wheel] WheelAction 'Tekerlek Ses Modu' scrolled UP (mode=volume)
[15:54:13] [INFO] [orbit.actions.wheel] WheelAction 'Tekerlek Ses Modu' scrolled UP (mode=volume)
[15:54:13] [INFO] [orbit.actions.wheel] WheelAction 'Tekerlek Ses Modu' scrolled UP (mode=volume)
[15:54:13] [INFO] [orbit.actions.wheel] WheelAction 'Tekerlek Ses Modu' scrolled UP (mode=volume)
[15:54:13] [INFO] [orbit.actions.wheel] WheelAction 'Tekerlek Ses Modu' scrolled UP (mode=volume)
[15:54:13] [INFO] [orbit.actions.wheel] WheelAction 'Tekerlek Ses Modu' scrolled UP (mode=volume)
[15:54:13] [INFO] [orbit.actions.wheel] WheelAction 'Tekerlek Ses Modu' scrolled DOWN (mode=volume)
[15:54:13] [INFO] [orbit.actions.wheel] WheelAction 'Tekerlek Ses Modu' scrolled DOWN (mode=volume)
[15:54:13] [INFO] [orbit.actions.wheel] WheelAction 'Tekerlek Ses Modu' scrolled DOWN (mode=volume)
[15:54:13] [INFO] [orbit.actions.wheel] WheelAction 'Tekerlek Ses Modu' scrolled DOWN (mode=volume)
[15:54:13] [INFO] [orbit.actions.wheel] WheelAction 'Tekerlek Ses Modu' scrolled DOWN (mode=volume)
[15:54:13] [INFO] [orbit.actions.wheel] WheelAction 'Tekerlek Ses Modu' scrolled UP (mode=volume)
[15:54:13] [INFO] [orbit.actions.wheel] WheelAction 'Tekerlek Ses Modu' scrolled UP (mode=volume)
[15:54:13] [INFO] [orbit.actions.wheel] WheelAction 'Tekerlek Ses Modu' scrolled UP (mode=volume)
[15:54:14] [INFO] [orbit.actions.wheel] WheelAction 'Tekerlek Ses Modu' scrolled DOWN (mode=volume)
[15:54:14] [INFO] [orbit.actions.wheel] WheelAction 'Tekerlek Ses Modu' scrolled DOWN (mode=volume)
[15:54:14] [INFO] [orbit.actions.wheel] WheelAction 'Tekerlek Ses Modu' scrolled DOWN (mode=volume)
[15:54:14] [INFO] [orbit.actions.wheel] WheelAction 'Tekerlek Ses Modu' scrolled DOWN (mode=volume)
[15:54:14] [INFO] [orbit.actions.wheel] WheelAction 'Tekerlek Ses Modu' scrolled DOWN (mode=volume)
[15:54:14] [INFO] [orbit.actions.wheel] WheelAction 'Tekerlek Ses Modu' scrolled DOWN (mode=volume)
[15:54:14] [INFO] [orbit.actions.wheel] WheelAction 'Tekerlek Ses Modu' scrolled UP (mode=volume)
[15:54:14] [INFO] [orbit.actions.wheel] WheelAction 'Tekerlek Ses Modu' scrolled UP (mode=volume)
[15:54:14] [INFO] [orbit.actions.wheel] WheelAction 'Tekerlek Ses Modu' scrolled UP (mode=volume)
[15:54:14] [INFO] [orbit.actions.wheel] WheelAction 'Tekerlek Ses Modu' scrolled UP (mode=volume)
[15:54:14] [INFO] [orbit.actions.wheel] WheelAction 'Tekerlek Ses Modu' scrolled UP (mode=volume)
[15:54:14] [INFO] [orbit.actions.wheel] WheelAction 'Tekerlek Ses Modu' scrolled UP (mode=volume)
[15:54:14] [INFO] [orbit.actions.wheel] WheelAction 'Tekerlek Ses Modu' scrolled UP (mode=volume)
[15:54:14] [INFO] [orbit.actions.wheel] WheelAction 'Tekerlek Ses Modu' scrolled DOWN (mode=volume)
[15:54:14] [INFO] [orbit.actions.wheel] WheelAction 'Tekerlek Ses Modu' scrolled DOWN (mode=volume)
[15:54:14] [INFO] [orbit.actions.wheel] WheelAction 'Tekerlek Ses Modu' scrolled DOWN (mode=volume)
[15:54:14] [INFO] [orbit.actions.wheel] WheelAction 'Tekerlek Ses Modu' scrolled DOWN (mode=volume)
[15:54:14] [INFO] [orbit.actions.wheel] WheelAction 'Tekerlek Ses Modu' scrolled DOWN (mode=volume)
[15:54:14] [INFO] [orbit.actions.wheel] WheelAction 'Tekerlek Ses Modu' scrolled DOWN (mode=volume)
[15:54:14] [INFO] [orbit.actions.wheel] WheelAction 'Tekerlek Ses Modu' scrolled DOWN (mode=volume)
[15:54:14] [INFO] [orbit.actions.wheel] WheelAction 'Tekerlek Ses Modu' scrolled UP (mode=volume)
[15:54:14] [INFO] [orbit.actions.wheel] WheelAction 'Tekerlek Ses Modu' scrolled UP (mode=volume)
[15:54:14] [INFO] [orbit.actions.wheel] WheelAction 'Tekerlek Ses Modu' scrolled UP (mode=volume)
[15:54:14] [INFO] [orbit.actions.wheel] WheelAction 'Tekerlek Ses Modu' scrolled UP (mode=volume)
[15:54:14] [INFO] [orbit.actions.wheel] WheelAction 'Tekerlek Ses Modu' scrolled UP (mode=volume)
[15:54:14] [INFO] [orbit.actions.wheel] WheelAction 'Tekerlek Ses Modu' scrolled UP (mode=volume)
[15:54:14] [INFO] [orbit.actions.wheel] WheelAction 'Tekerlek Ses Modu' scrolled UP (mode=volume)
[15:54:14] [INFO] [orbit.actions.wheel] WheelAction 'Tekerlek Ses Modu' scrolled UP (mode=volume)
[15:54:15] [INFO] [orbit.actions.wheel] WheelAction 'Tekerlek Ses Modu' scrolled DOWN (mode=volume)
[15:54:15] [INFO] [orbit.actions.wheel] WheelAction 'Tekerlek Ses Modu' scrolled DOWN (mode=volume)
[15:54:15] [INFO] [orbit.actions.wheel] WheelAction 'Tekerlek Ses Modu' scrolled DOWN (mode=volume)
[15:54:15] [INFO] [orbit.actions.wheel] WheelAction 'Tekerlek Ses Modu' scrolled DOWN (mode=volume)
[15:54:15] [INFO] [orbit.actions.wheel] WheelAction 'Tekerlek Ses Modu' scrolled DOWN (mode=volume)
[15:54:15] [INFO] [orbit.actions.wheel] WheelAction 'Tekerlek Ses Modu' scrolled DOWN (mode=volume)
[15:54:15] [INFO] [orbit.actions.wheel] WheelAction 'Tekerlek Ses Modu' scrolled DOWN (mode=volume)
[15:54:15] [INFO] [orbit.actions.wheel] WheelAction 'Tekerlek Ses Modu' scrolled DOWN (mode=volume)
[15:54:15] [INFO] [orbit.actions.wheel] WheelAction 'Tekerlek Ses Modu' scrolled UP (mode=volume)
[15:54:15] [INFO] [orbit.actions.wheel] WheelAction 'Tekerlek Ses Modu' scrolled UP (mode=volume)
[15:54:15] [INFO] [orbit.actions.wheel] WheelAction 'Tekerlek Ses Modu' scrolled UP (mode=volume)
[15:54:15] [INFO] [orbit.actions.wheel] WheelAction 'Tekerlek Ses Modu' scrolled UP (mode=volume)
[15:54:15] [INFO] [orbit.actions.wheel] WheelAction 'Tekerlek Ses Modu' scrolled UP (mode=volume)
[15:54:15] [INFO] [orbit.actions.wheel] WheelAction 'Tekerlek Ses Modu' scrolled UP (mode=volume)
[15:54:15] [INFO] [orbit.actions.wheel] WheelAction 'Tekerlek Ses Modu' scrolled UP (mode=volume)
[15:54:15] [INFO] [orbit.actions.wheel] WheelAction 'Tekerlek Ses Modu' scrolled UP (mode=volume)
[15:54:15] [INFO] [orbit.actions.wheel] WheelAction 'Tekerlek Ses Modu' scrolled DOWN (mode=volume)
[15:54:15] [INFO] [orbit.actions.wheel] WheelAction 'Tekerlek Ses Modu' scrolled UP (mode=volume)
[15:54:15] [INFO] [orbit.actions.wheel] WheelAction 'Tekerlek Ses Modu' scrolled UP (mode=volume)
[15:54:15] [INFO] [orbit.actions.wheel] WheelAction 'Tekerlek Ses Modu' scrolled UP (mode=volume)
[15:54:15] [INFO] [orbit.actions.wheel] WheelAction 'Tekerlek Ses Modu' scrolled UP (mode=volume)
[15:54:15] [INFO] [orbit.actions.wheel] WheelAction 'Tekerlek Ses Modu' scrolled UP (mode=volume)
[15:54:15] [INFO] [orbit.actions.wheel] WheelAction 'Tekerlek Ses Modu' scrolled UP (mode=volume)
[15:54:15] [INFO] [orbit.actions.wheel] WheelAction 'Tekerlek Ses Modu' scrolled UP (mode=volume)
[15:54:16] [INFO] [orbit.actions.wheel] WheelAction 'Tekerlek Ses Modu' scrolled DOWN (mode=volume)
[15:54:16] [INFO] [orbit.actions.wheel] WheelAction 'Tekerlek Ses Modu' scrolled DOWN (mode=volume)
[15:54:16] [INFO] [orbit.actions.wheel] WheelAction 'Tekerlek Ses Modu' scrolled DOWN (mode=volume)
[15:54:16] [INFO] [orbit.actions.wheel] WheelAction 'Tekerlek Ses Modu' scrolled DOWN (mode=volume)
[15:54:16] [INFO] [orbit.actions.wheel] WheelAction 'Tekerlek Ses Modu' scrolled DOWN (mode=volume)
[15:54:16] [INFO] [orbit.actions.wheel] WheelAction 'Tekerlek Ses Modu' scrolled DOWN (mode=volume)
[15:54:16] [INFO] [orbit.actions.wheel] WheelAction 'Tekerlek Ses Modu' scrolled DOWN (mode=volume)
[15:54:16] [INFO] [orbit.actions.wheel] WheelAction 'Tekerlek Ses Modu' scrolled DOWN (mode=volume)
[15:54:16] [INFO] [orbit.actions.wheel] WheelAction 'Tekerlek Ses Modu' scrolled DOWN (mode=volume)
[15:54:17] [INFO] [orbit.actions.wheel] WheelAction 'Tekerlek Ses Modu' scrolled DOWN (mode=volume)
[15:54:17] [INFO] [orbit.actions.wheel] WheelAction 'Tekerlek Ses Modu' scrolled DOWN (mode=volume)
[15:54:17] [INFO] [orbit.actions.wheel] WheelAction 'Tekerlek Ses Modu' scrolled DOWN (mode=volume)
[15:54:17] [INFO] [orbit.actions.wheel] WheelAction 'Tekerlek Ses Modu' scrolled DOWN (mode=volume)
[15:54:17] [INFO] [orbit.actions.wheel] WheelAction 'Tekerlek Ses Modu' scrolled DOWN (mode=volume)
[15:54:17] [INFO] [orbit.actions.wheel] WheelAction 'Tekerlek Ses Modu' scrolled DOWN (mode=volume)
[15:54:17] [INFO] [orbit.actions.wheel] WheelAction 'Tekerlek Ses Modu' scrolled DOWN (mode=volume)
[15:54:17] [INFO] [orbit.actions.wheel] WheelAction 'Tekerlek Ses Modu' scrolled DOWN (mode=volume)
[15:54:17] [INFO] [orbit.actions.wheel] WheelAction 'Tekerlek Ses Modu' scrolled DOWN (mode=volume)
[15:54:17] [INFO] [orbit.actions.wheel] WheelAction 'Tekerlek Ses Modu' scrolled DOWN (mode=volume)
[15:54:18] [INFO] [orbit.actions.wheel] WheelAction 'Tekerlek Ses Modu' scrolled UP (mode=volume)
[15:54:19] [INFO] [orbit] Executing selected slice action: Oynat / Durdur
[15:54:19] [INFO] [orbit.services.action] Executing action 'Oynat / Durdur' (ID: ma1)
[15:54:19] [INFO] [orbit.actions.media] Executing MediaAction 'play_pause'
[15:54:19] [INFO] [orbit.actions.media] Successfully triggered media key for 'play_pause'
[15:54:21] [INFO] [orbit.hooks.hotkey] Hotkey triggered globally at (955, 315)
[15:54:21] [INFO] [orbit] Hotkey triggered at (764, 252) for active app 'antigravity.exe' using profile 'Varsayılan'
[15:54:22] [INFO] [orbit] Hotkey released after 0.18s
[15:54:22] [INFO] [orbit] Keeping radial menu open until click or dismiss.
[15:54:24] [INFO] [orbit.ui.radial_view] Opening sub-ring 'Sistem Araçları'
[15:54:25] [INFO] [orbit] Executing selected slice action: Görev Yöneticisi
[15:54:25] [INFO] [orbit.services.action] Executing action 'Görev Yöneticisi' (ID: ta2)
[15:54:25] [INFO] [orbit.actions.system_tool] Executing SystemToolAction 'task_manager'
[15:54:25] [INFO] [orbit.actions.shortcut] Simulated shortcut: ctrl+shift+esc
[15:54:28] [INFO] [orbit.hooks.hotkey] Hotkey triggered globally at (1130, 405)
[15:54:28] [INFO] [orbit] Hotkey triggered at (904, 324) for active app 'antigravity.exe' using profile 'Varsayılan'
[15:54:28] [INFO] [orbit] Hotkey released after 0.15s
[15:54:28] [INFO] [orbit] Keeping radial menu open until click or dismiss.
[15:54:29] [INFO] [orbit.ui.radial_view] Opening sub-ring 'Pencere Yönetimi'
[15:54:32] [INFO] [orbit.ui.radial_view] Center Back clicked -> Returning to parent ring
[15:54:40] [INFO] [orbit.ui.overlay] OverlayWindow lost focus -> requesting dismiss
[15:55:04] [INFO] [orbit.hooks.hotkey] Hotkey triggered globally at (587, 602)
[15:55:04] [INFO] [orbit] Hotkey triggered at (470, 482) for active app 'antigravity.exe' using profile 'Varsayılan'
[15:55:05] [INFO] [orbit] Hotkey released after 0.14s
[15:55:05] [INFO] [orbit] Keeping radial menu open until click or dismiss.
[15:55:05] [INFO] [orbit] Executing selected slice action: Emoji & Sembol Paneli
[15:55:05] [INFO] [orbit.services.action] Executing action 'Emoji & Sembol Paneli' (ID: action_emoji & sembol paneli)
[15:55:05] [INFO] [orbit.actions.system_tool] Executing SystemToolAction 'emoji_panel'
[15:55:05] [INFO] [orbit.actions.shortcut] Simulated shortcut: cmd+.
[16:03:10] [INFO] [orbit] Initializing Orbit Radial Menu Application...
[16:03:10] [INFO] [orbit.platform.windows] Initialized WindowsPlatform
[16:03:10] [INFO] [orbit.services.profile] Loaded profile: Web Browser (8 items)
[16:03:10] [INFO] [orbit.services.profile] Loaded profile: Varsayılan (6 items)
[16:03:10] [INFO] [orbit.services.profile] Loaded profile: Excel (8 items)
[16:03:10] [INFO] [orbit.services.profile] Loaded profile: PowerPoint (8 items)
[16:03:10] [INFO] [orbit.services.profile] Loaded profile: Varsayılan (7 items)
[16:03:10] [INFO] [orbit.services.profile] Loaded profile: VS Code (8 items)
[16:03:10] [INFO] [orbit.services.profile] Loaded profile: Word (8 items)
[16:03:10] [INFO] [orbit.services.profile] Active profile set to 'Varsayılan'
[16:03:10] [INFO] [orbit.services.plugin] Registered plugin 'Launcher Plugin' (v1.0.0)
[16:03:10] [INFO] [orbit.services.plugin] Registered plugin 'Media Control Plugin' (v1.0.0)
[16:03:10] [INFO] [orbit.services.plugin] Registered plugin 'Shell Command Plugin' (v1.0.0)
[16:03:10] [INFO] [orbit.hooks.hotkey] Global input listeners started (Primary: 'ctrl+space', Secondary: 'button4', Hold: False@1.0s).
[16:03:10] [INFO] [orbit.ui.system_tray] System Tray initialized.
[16:03:10] [INFO] [orbit] Orbit application running in system tray. Press Mouse 4 or Ctrl+Space to activate radial menu.
[16:03:12] [INFO] [orbit.hooks.hotkey] Hotkey triggered globally at (1705, 345)
[16:03:12] [INFO] [orbit] Hotkey triggered at (1364, 276) for active app 'antigravity.exe' using profile 'Varsayılan'
[16:03:12] [INFO] [orbit] Hotkey released after 0.15s
[16:03:12] [INFO] [orbit] Keeping radial menu open until click or dismiss.
[16:03:14] [INFO] [orbit.hooks.hotkey] Hotkey triggered globally at (1669, 318)
[16:03:14] [INFO] [orbit] Hotkey triggered at (1335, 254) for active app 'antigravity.exe' using profile 'Varsayılan'
[16:03:14] [INFO] [orbit] Hotkey released after 0.13s
[16:03:14] [INFO] [orbit] Keeping radial menu open until click or dismiss.
[16:03:16] [INFO] [orbit.ui.radial_view] Opening sub-ring 'Sistem Araçları'
[16:03:17] [INFO] [orbit.ui.radial_view] Center Back clicked -> Returning to parent ring
[16:03:18] [INFO] [orbit.ui.radial_view] Opening sub-ring 'Pencere Yönetimi'
[16:03:18] [INFO] [orbit.ui.radial_view] Center Back clicked -> Returning to parent ring
[16:03:19] [INFO] [orbit.ui.radial_view] Opening sub-ring 'Pano Geçmişi'
[16:03:20] [INFO] [orbit.ui.radial_view] Center Back clicked -> Returning to parent ring
[16:03:21] [INFO] [orbit.ui.overlay] OverlayWindow lost focus -> requesting dismiss
[16:07:30] [INFO] [orbit] Initializing Orbit Radial Menu Application...
[16:07:30] [INFO] [orbit.platform.windows] Initialized WindowsPlatform
[16:07:30] [INFO] [orbit.services.profile] Loaded profile: Web Browser (8 items)
[16:07:30] [INFO] [orbit.services.profile] Loaded profile: Varsayılan (6 items)
[16:07:30] [INFO] [orbit.services.profile] Loaded profile: Excel (8 items)
[16:07:30] [INFO] [orbit.services.profile] Loaded profile: PowerPoint (8 items)
[16:07:30] [INFO] [orbit.services.profile] Loaded profile: Varsayılan (7 items)
[16:07:30] [INFO] [orbit.services.profile] Loaded profile: VS Code (8 items)
[16:07:30] [INFO] [orbit.services.profile] Loaded profile: Word (8 items)
[16:07:30] [INFO] [orbit.services.profile] Active profile set to 'Varsayılan'
[16:07:30] [INFO] [orbit.services.plugin] Registered plugin 'Launcher Plugin' (v1.0.0)
[16:07:30] [INFO] [orbit.services.plugin] Registered plugin 'Media Control Plugin' (v1.0.0)
[16:07:30] [INFO] [orbit.services.plugin] Registered plugin 'Shell Command Plugin' (v1.0.0)
[16:07:30] [INFO] [orbit.hooks.hotkey] Global input listeners started (Primary: 'ctrl+space', Secondary: 'button4', Hold: False@1.0s).
[16:07:30] [INFO] [orbit.ui.system_tray] System Tray initialized.
[16:07:30] [INFO] [orbit] Orbit application running in system tray. Press Mouse 4 or Ctrl+Space to activate radial menu.
[16:07:33] [INFO] [orbit.hooks.hotkey] Hotkey triggered globally at (1289, 570)
[16:07:33] [INFO] [orbit] Hotkey triggered at (1031, 456) for active app 'antigravity.exe' using profile 'Varsayılan'
[16:07:33] [INFO] [orbit] Hotkey released after 0.16s
[16:07:33] [INFO] [orbit] Keeping radial menu open until click or dismiss.
[16:07:50] [INFO] [orbit.hooks.hotkey] Hotkey triggered globally at (672, 478)
[16:07:50] [INFO] [orbit] Hotkey triggered at (538, 382) for active app 'explorer.exe' using profile 'Varsayılan'
[16:07:51] [INFO] [orbit] Hotkey released after 0.16s
[16:07:51] [INFO] [orbit] Keeping radial menu open until click or dismiss.
[16:07:52] [INFO] [orbit] Executing selected slice action: Ekran Alıntısı
[16:07:52] [INFO] [orbit.services.action] Executing action 'Ekran Alıntısı' (ID: a1_snip)
[16:07:52] [INFO] [orbit.actions.system_tool] Executing SystemToolAction 'snipping_tool'
[16:07:52] [INFO] [orbit.actions.shortcut] Simulated shortcut: cmd+shift+s
[16:07:54] [INFO] [orbit.hooks.hotkey] Hotkey triggered globally at (788, 457)
[16:07:54] [INFO] [orbit] Hotkey triggered at (630, 366) for active app 'explorer.exe' using profile 'Varsayılan'
[16:07:54] [INFO] [orbit] Hotkey released after 0.14s
[16:07:54] [INFO] [orbit] Keeping radial menu open until click or dismiss.
[16:07:55] [INFO] [orbit.ui.radial_view] Opening sub-ring 'Medya & Ses'
[16:07:56] [INFO] [orbit.actions.wheel] WheelAction 'Tekerlek Ses Modu' scrolled UP (mode=volume)
[16:07:56] [INFO] [orbit.actions.wheel] WheelAction 'Tekerlek Ses Modu' scrolled UP (mode=volume)
[16:07:56] [INFO] [orbit.actions.wheel] WheelAction 'Tekerlek Ses Modu' scrolled UP (mode=volume)
[16:07:56] [INFO] [orbit.actions.wheel] WheelAction 'Tekerlek Ses Modu' scrolled DOWN (mode=volume)
[16:07:56] [INFO] [orbit.actions.wheel] WheelAction 'Tekerlek Ses Modu' scrolled DOWN (mode=volume)
[16:07:56] [INFO] [orbit.actions.wheel] WheelAction 'Tekerlek Ses Modu' scrolled DOWN (mode=volume)
[16:07:56] [INFO] [orbit.actions.wheel] WheelAction 'Tekerlek Ses Modu' scrolled DOWN (mode=volume)
[16:07:56] [INFO] [orbit.actions.wheel] WheelAction 'Tekerlek Ses Modu' scrolled DOWN (mode=volume)
[16:07:56] [INFO] [orbit.actions.wheel] WheelAction 'Tekerlek Ses Modu' scrolled UP (mode=volume)
[16:07:56] [INFO] [orbit.actions.wheel] WheelAction 'Tekerlek Ses Modu' scrolled UP (mode=volume)
[16:07:56] [INFO] [orbit.actions.wheel] WheelAction 'Tekerlek Ses Modu' scrolled UP (mode=volume)
[16:07:56] [INFO] [orbit.actions.wheel] WheelAction 'Tekerlek Ses Modu' scrolled UP (mode=volume)
[16:07:56] [INFO] [orbit.actions.wheel] WheelAction 'Tekerlek Ses Modu' scrolled UP (mode=volume)
[16:07:56] [INFO] [orbit.actions.wheel] WheelAction 'Tekerlek Ses Modu' scrolled UP (mode=volume)
[16:07:56] [INFO] [orbit.actions.wheel] WheelAction 'Tekerlek Ses Modu' scrolled UP (mode=volume)
[16:07:56] [INFO] [orbit.actions.wheel] WheelAction 'Tekerlek Ses Modu' scrolled DOWN (mode=volume)
[16:07:56] [INFO] [orbit.actions.wheel] WheelAction 'Tekerlek Ses Modu' scrolled DOWN (mode=volume)
[16:07:56] [INFO] [orbit.actions.wheel] WheelAction 'Tekerlek Ses Modu' scrolled DOWN (mode=volume)
[16:07:56] [INFO] [orbit.actions.wheel] WheelAction 'Tekerlek Ses Modu' scrolled DOWN (mode=volume)
[16:07:56] [INFO] [orbit.actions.wheel] WheelAction 'Tekerlek Ses Modu' scrolled DOWN (mode=volume)
[16:07:56] [INFO] [orbit.actions.wheel] WheelAction 'Tekerlek Ses Modu' scrolled DOWN (mode=volume)
[16:07:56] [INFO] [orbit.actions.wheel] WheelAction 'Tekerlek Ses Modu' scrolled UP (mode=volume)
[16:07:56] [INFO] [orbit.actions.wheel] WheelAction 'Tekerlek Ses Modu' scrolled UP (mode=volume)
[16:07:56] [INFO] [orbit.actions.wheel] WheelAction 'Tekerlek Ses Modu' scrolled UP (mode=volume)
[16:07:56] [INFO] [orbit.actions.wheel] WheelAction 'Tekerlek Ses Modu' scrolled UP (mode=volume)
[16:07:56] [INFO] [orbit.actions.wheel] WheelAction 'Tekerlek Ses Modu' scrolled UP (mode=volume)
[16:07:56] [INFO] [orbit.actions.wheel] WheelAction 'Tekerlek Ses Modu' scrolled UP (mode=volume)
[16:07:57] [INFO] [orbit.actions.wheel] WheelAction 'Tekerlek Ses Modu' scrolled UP (mode=volume)
[16:07:57] [INFO] [orbit.actions.wheel] WheelAction 'Tekerlek Ses Modu' scrolled UP (mode=volume)
[16:07:57] [INFO] [orbit.actions.wheel] WheelAction 'Tekerlek Ses Modu' scrolled UP (mode=volume)
[16:07:57] [INFO] [orbit.actions.wheel] WheelAction 'Tekerlek Ses Modu' scrolled UP (mode=volume)
[16:07:57] [INFO] [orbit.actions.wheel] WheelAction 'Tekerlek Ses Modu' scrolled UP (mode=volume)
[16:07:57] [INFO] [orbit.actions.wheel] WheelAction 'Tekerlek Ses Modu' scrolled UP (mode=volume)
[16:07:57] [INFO] [orbit.actions.wheel] WheelAction 'Tekerlek Ses Modu' scrolled UP (mode=volume)
[16:07:57] [INFO] [orbit.actions.wheel] WheelAction 'Tekerlek Ses Modu' scrolled DOWN (mode=volume)
[16:07:57] [INFO] [orbit.actions.wheel] WheelAction 'Tekerlek Ses Modu' scrolled DOWN (mode=volume)
[16:07:57] [INFO] [orbit.actions.wheel] WheelAction 'Tekerlek Ses Modu' scrolled DOWN (mode=volume)
[16:07:57] [INFO] [orbit.actions.wheel] WheelAction 'Tekerlek Ses Modu' scrolled DOWN (mode=volume)
[16:07:57] [INFO] [orbit.actions.wheel] WheelAction 'Tekerlek Ses Modu' scrolled DOWN (mode=volume)
[16:07:57] [INFO] [orbit.actions.wheel] WheelAction 'Tekerlek Ses Modu' scrolled UP (mode=volume)
[16:07:57] [INFO] [orbit.actions.wheel] WheelAction 'Tekerlek Ses Modu' scrolled UP (mode=volume)
[16:07:57] [INFO] [orbit.actions.wheel] WheelAction 'Tekerlek Ses Modu' scrolled UP (mode=volume)
[16:07:57] [INFO] [orbit.actions.wheel] WheelAction 'Tekerlek Ses Modu' scrolled DOWN (mode=volume)
[16:07:57] [INFO] [orbit.actions.wheel] WheelAction 'Tekerlek Ses Modu' scrolled DOWN (mode=volume)
[16:07:57] [INFO] [orbit.actions.wheel] WheelAction 'Tekerlek Ses Modu' scrolled DOWN (mode=volume)
[16:07:57] [INFO] [orbit.actions.wheel] WheelAction 'Tekerlek Ses Modu' scrolled DOWN (mode=volume)
[16:07:57] [INFO] [orbit.actions.wheel] WheelAction 'Tekerlek Ses Modu' scrolled DOWN (mode=volume)
[16:07:57] [INFO] [orbit.actions.wheel] WheelAction 'Tekerlek Ses Modu' scrolled DOWN (mode=volume)
[16:07:57] [INFO] [orbit.actions.wheel] WheelAction 'Tekerlek Ses Modu' scrolled UP (mode=volume)
[16:07:57] [INFO] [orbit.actions.wheel] WheelAction 'Tekerlek Ses Modu' scrolled UP (mode=volume)
[16:07:57] [INFO] [orbit.actions.wheel] WheelAction 'Tekerlek Ses Modu' scrolled UP (mode=volume)
[16:07:57] [INFO] [orbit.actions.wheel] WheelAction 'Tekerlek Ses Modu' scrolled UP (mode=volume)
[16:07:57] [INFO] [orbit.actions.wheel] WheelAction 'Tekerlek Ses Modu' scrolled UP (mode=volume)
[16:07:57] [INFO] [orbit.actions.wheel] WheelAction 'Tekerlek Ses Modu' scrolled UP (mode=volume)
[16:07:57] [INFO] [orbit.actions.wheel] WheelAction 'Tekerlek Ses Modu' scrolled DOWN (mode=volume)
[16:07:57] [INFO] [orbit.actions.wheel] WheelAction 'Tekerlek Ses Modu' scrolled DOWN (mode=volume)
[16:07:57] [INFO] [orbit.actions.wheel] WheelAction 'Tekerlek Ses Modu' scrolled DOWN (mode=volume)
[16:07:58] [INFO] [orbit.actions.wheel] WheelAction 'Tekerlek Ses Modu' scrolled DOWN (mode=volume)
[16:07:58] [INFO] [orbit.actions.wheel] WheelAction 'Tekerlek Ses Modu' scrolled UP (mode=volume)
[16:07:58] [INFO] [orbit.actions.wheel] WheelAction 'Tekerlek Ses Modu' scrolled UP (mode=volume)
[16:07:58] [INFO] [orbit.actions.wheel] WheelAction 'Tekerlek Ses Modu' scrolled UP (mode=volume)
[16:07:58] [INFO] [orbit.actions.wheel] WheelAction 'Tekerlek Ses Modu' scrolled UP (mode=volume)
[16:07:58] [INFO] [orbit.actions.wheel] WheelAction 'Tekerlek Ses Modu' scrolled UP (mode=volume)
[16:07:58] [INFO] [orbit.actions.wheel] WheelAction 'Tekerlek Ses Modu' scrolled DOWN (mode=volume)
[16:07:58] [INFO] [orbit.actions.wheel] WheelAction 'Tekerlek Ses Modu' scrolled DOWN (mode=volume)
[16:07:58] [INFO] [orbit.actions.wheel] WheelAction 'Tekerlek Ses Modu' scrolled DOWN (mode=volume)
[16:08:00] [INFO] [orbit] Executing selected slice action: Oynat / Durdur
[16:08:00] [INFO] [orbit.services.action] Executing action 'Oynat / Durdur' (ID: ma1)
[16:08:00] [INFO] [orbit.actions.media] Executing MediaAction 'play_pause'
[16:08:00] [INFO] [orbit.actions.media] Successfully triggered media key for 'play_pause'
[16:08:02] [INFO] [orbit.hooks.hotkey] Hotkey triggered globally at (705, 441)
[16:08:02] [INFO] [orbit] Hotkey triggered at (564, 353) for active app 'explorer.exe' using profile 'Varsayılan'
[16:08:02] [INFO] [orbit] Hotkey released after 0.17s
[16:08:02] [INFO] [orbit] Keeping radial menu open until click or dismiss.
[16:08:03] [INFO] [orbit.ui.radial_view] Opening sub-ring 'Medya & Ses'
[16:08:03] [INFO] [orbit.actions.wheel] WheelAction 'Tekerlek Ses Modu' scrolled UP (mode=volume)
[16:08:04] [INFO] [orbit.actions.wheel] WheelAction 'Tekerlek Ses Modu' scrolled UP (mode=volume)
[16:08:04] [INFO] [orbit.actions.wheel] WheelAction 'Tekerlek Ses Modu' scrolled UP (mode=volume)
[16:08:04] [INFO] [orbit.actions.wheel] WheelAction 'Tekerlek Ses Modu' scrolled UP (mode=volume)
[16:08:04] [INFO] [orbit.actions.wheel] WheelAction 'Tekerlek Ses Modu' scrolled UP (mode=volume)
[16:08:04] [INFO] [orbit.actions.wheel] WheelAction 'Tekerlek Ses Modu' scrolled UP (mode=volume)
[16:08:04] [INFO] [orbit.actions.wheel] WheelAction 'Tekerlek Ses Modu' scrolled UP (mode=volume)
[16:08:04] [INFO] [orbit.actions.wheel] WheelAction 'Tekerlek Ses Modu' scrolled UP (mode=volume)
[16:08:04] [INFO] [orbit.actions.wheel] WheelAction 'Tekerlek Ses Modu' scrolled UP (mode=volume)
[16:08:04] [INFO] [orbit.actions.wheel] WheelAction 'Tekerlek Ses Modu' scrolled UP (mode=volume)
[16:08:04] [INFO] [orbit.actions.wheel] WheelAction 'Tekerlek Ses Modu' scrolled UP (mode=volume)
[16:08:04] [INFO] [orbit.actions.wheel] WheelAction 'Tekerlek Ses Modu' scrolled UP (mode=volume)
[16:08:04] [INFO] [orbit.actions.wheel] WheelAction 'Tekerlek Ses Modu' scrolled UP (mode=volume)
[16:08:06] [INFO] [orbit] Executing selected slice action: Oynat / Durdur
[16:08:06] [INFO] [orbit.services.action] Executing action 'Oynat / Durdur' (ID: ma1)
[16:08:06] [INFO] [orbit.actions.media] Executing MediaAction 'play_pause'
[16:08:06] [INFO] [orbit.actions.media] Successfully triggered media key for 'play_pause'
[16:08:07] [INFO] [orbit.hooks.hotkey] Hotkey triggered globally at (786, 376)
[16:08:07] [INFO] [orbit] Hotkey triggered at (629, 301) for active app 'explorer.exe' using profile 'Varsayılan'
[16:08:07] [INFO] [orbit] Hotkey released after 0.12s
[16:08:07] [INFO] [orbit] Keeping radial menu open until click or dismiss.
[16:08:08] [INFO] [orbit.ui.radial_view] Opening sub-ring 'Medya & Ses'
[16:08:08] [INFO] [orbit] Executing selected slice action: Sonraki Parça
[16:08:08] [INFO] [orbit.services.action] Executing action 'Sonraki Parça' (ID: ma2)
[16:08:08] [INFO] [orbit.actions.media] Executing MediaAction 'next_track'
[16:08:08] [INFO] [orbit.actions.media] Successfully triggered media key for 'next_track'
[16:08:13] [INFO] [orbit.hooks.hotkey] Hotkey triggered globally at (1026, 500)
[16:08:13] [INFO] [orbit] Hotkey triggered at (821, 400) for active app '' using profile 'Varsayılan'
[16:08:14] [INFO] [orbit] Hotkey released after 0.18s
[16:08:14] [INFO] [orbit] Keeping radial menu open until click or dismiss.
[16:08:15] [INFO] [orbit.ui.radial_view] Opening sub-ring 'Sistem Araçları'
[16:08:16] [INFO] [orbit] Executing selected slice action: Renk Seçici
[16:08:16] [INFO] [orbit.services.action] Executing action 'Renk Seçici' (ID: ta1)
[16:08:16] [INFO] [orbit.actions.system_tool] Executing SystemToolAction 'color_picker'
[16:08:16] [INFO] [orbit.actions.shortcut] Simulated shortcut: cmd+shift+c
[16:22:02] [INFO] [orbit] Initializing Orbit Radial Menu Application...
[16:22:02] [INFO] [orbit.platform.windows] Initialized WindowsPlatform
[16:22:02] [INFO] [orbit.services.profile] Loaded profile: Web Browser (8 items)
[16:22:02] [INFO] [orbit.services.profile] Loaded profile: Varsayılan (6 items)
[16:22:02] [INFO] [orbit.services.profile] Loaded profile: Excel (8 items)
[16:22:02] [INFO] [orbit.services.profile] Loaded profile: PowerPoint (8 items)
[16:22:02] [INFO] [orbit.services.profile] Loaded profile: Varsayılan (7 items)
[16:22:02] [INFO] [orbit.services.profile] Loaded profile: VS Code (8 items)
[16:22:02] [INFO] [orbit.services.profile] Loaded profile: Word (8 items)
[16:22:02] [INFO] [orbit.services.profile] Active profile set to 'Varsayılan'
[16:22:02] [INFO] [orbit.services.plugin] Registered plugin 'Launcher Plugin' (v1.0.0)
[16:22:02] [INFO] [orbit.services.plugin] Registered plugin 'Media Control Plugin' (v1.0.0)
[16:22:02] [INFO] [orbit.services.plugin] Registered plugin 'Shell Command Plugin' (v1.0.0)
[16:22:02] [INFO] [orbit.hooks.hotkey] Global input listeners started (Primary: 'ctrl+space', Secondary: 'button4', Hold: False@1.0s).
[16:22:02] [INFO] [orbit.ui.system_tray] System Tray initialized.
[16:22:02] [INFO] [orbit] Orbit application running in system tray. Press Mouse 4 or Ctrl+Space to activate radial menu.
[16:22:03] [INFO] [orbit.hooks.hotkey] Hotkey triggered globally at (929, 733)
[16:22:03] [INFO] [orbit] Hotkey triggered at (743, 586) for active app 'windowsterminal.exe' using profile 'Varsayılan'
[16:22:03] [INFO] [orbit] Hotkey released after 0.18s
[16:22:03] [INFO] [orbit] Keeping radial menu open until click or dismiss.
[16:22:05] [INFO] [orbit.ui.overlay] OverlayWindow lost focus -> requesting dismiss
[16:22:05] [INFO] [orbit.hooks.hotkey] Hotkey triggered globally at (1178, 930)
[16:22:05] [INFO] [orbit] Hotkey triggered at (942, 744) for active app 'explorer.exe' using profile 'Varsayılan'
[16:22:05] [INFO] [orbit] Hotkey released after 0.14s
[16:22:05] [INFO] [orbit] Keeping radial menu open until click or dismiss.
[16:22:11] [INFO] [orbit.ui.radial_view] Opening sub-ring 'Pencere Yönetimi'
[16:22:12] [INFO] [orbit.ui.overlay] OverlayWindow lost focus -> requesting dismiss
[16:22:13] [INFO] [orbit.hooks.hotkey] Hotkey triggered globally at (837, 1027)
[16:22:13] [INFO] [orbit] Hotkey triggered at (670, 822) for active app 'explorer.exe' using profile 'Varsayılan'
[16:22:13] [INFO] [orbit] Hotkey released after 0.15s
[16:22:13] [INFO] [orbit] Keeping radial menu open until click or dismiss.
[16:22:15] [INFO] [orbit.ui.radial_view] Opening sub-ring 'Pano Geçmişi'
[16:22:15] [INFO] [orbit.ui.radial_view] Center Back clicked -> Returning to parent ring
[16:22:16] [INFO] [orbit.hooks.hotkey] Hotkey triggered globally at (1380, 952)
[16:22:16] [INFO] [orbit] Hotkey pressed while active -> dismissing menu.
[16:22:16] [INFO] [orbit.ui.overlay] OverlayWindow lost focus -> requesting dismiss
[16:22:16] [INFO] [orbit] Hotkey released after 0.13s
[16:22:16] [INFO] [orbit] Keeping radial menu open until click or dismiss.
[16:22:17] [INFO] [orbit.hooks.hotkey] Hotkey triggered globally at (1070, 940)
[16:22:17] [INFO] [orbit] Hotkey triggered at (856, 752) for active app 'explorer.exe' using profile 'Varsayılan'
[16:22:17] [INFO] [orbit] Hotkey released after 0.19s
[16:22:17] [INFO] [orbit] Keeping radial menu open until click or dismiss.
[16:22:18] [INFO] [orbit.ui.radial_view] Opening sub-ring 'Pano Geçmişi'
[16:22:18] [INFO] [orbit] Executing selected slice action: Pano Boş
[16:22:18] [INFO] [orbit.services.action] Executing action 'Boş' (ID: act_clip_empty)
[16:22:18] [ERROR] [orbit.actions.text] TextAction 'Boş' missing 'text' parameter.
[16:22:19] [INFO] [orbit.hooks.hotkey] Hotkey triggered globally at (1147, 930)
[16:22:19] [INFO] [orbit] Hotkey triggered at (918, 744) for active app 'explorer.exe' using profile 'Varsayılan'
[16:22:19] [INFO] [orbit] Hotkey released after 0.14s
[16:22:19] [INFO] [orbit] Keeping radial menu open until click or dismiss.
[16:22:22] [INFO] [orbit.ui.radial_view] Opening sub-ring 'Sistem Araçları'
[16:22:24] [INFO] [orbit.ui.radial_view] Center Back clicked -> Returning to parent ring
[16:22:26] [INFO] [orbit.ui.overlay] OverlayWindow lost focus -> requesting dismiss
[16:23:23] [INFO] [orbit] Initializing Orbit Radial Menu Application...
[16:23:23] [INFO] [orbit.platform.windows] Initialized WindowsPlatform
[16:23:23] [INFO] [orbit.services.profile] Loaded profile: Web Browser (8 items)
[16:23:23] [INFO] [orbit.services.profile] Loaded profile: Varsayılan (6 items)
[16:23:23] [INFO] [orbit.services.profile] Loaded profile: Excel (8 items)
[16:23:23] [INFO] [orbit.services.profile] Loaded profile: PowerPoint (8 items)
[16:23:23] [INFO] [orbit.services.profile] Loaded profile: Varsayılan (7 items)
[16:23:23] [INFO] [orbit.services.profile] Loaded profile: VS Code (8 items)
[16:23:23] [INFO] [orbit.services.profile] Loaded profile: Word (8 items)
[16:23:23] [INFO] [orbit.services.profile] Active profile set to 'Varsayılan'
[16:23:23] [INFO] [orbit.services.plugin] Registered plugin 'Launcher Plugin' (v1.0.0)
[16:23:23] [INFO] [orbit.services.plugin] Registered plugin 'Media Control Plugin' (v1.0.0)
[16:23:23] [INFO] [orbit.services.plugin] Registered plugin 'Shell Command Plugin' (v1.0.0)
[16:23:23] [INFO] [orbit.hooks.hotkey] Global input listeners started (Primary: 'ctrl+space', Secondary: 'button4', Hold: False@1.0s).
[16:23:23] [INFO] [orbit.ui.system_tray] System Tray initialized.
[16:23:23] [INFO] [orbit] Orbit application running in system tray. Press Mouse 4 or Ctrl+Space to activate radial menu.
[16:25:50] [INFO] [orbit.hooks.hotkey] Hotkey triggered globally at (950, 630)
[16:25:50] [INFO] [orbit] Hotkey triggered at (760, 504) for active app 'antigravity.exe' using profile 'Varsayılan'
[16:25:51] [INFO] [orbit] Hotkey released after 0.47s
[16:25:51] [INFO] [orbit] Keeping radial menu open until click or dismiss.
[16:25:53] [INFO] [orbit.ui.radial_view] Opening sub-ring 'Sistem Araçları'
[16:25:55] [INFO] [orbit.ui.radial_view] Center Back clicked -> Returning to parent ring
[16:26:00] [INFO] [orbit.ui.overlay] OverlayWindow lost focus -> requesting dismiss
[16:29:39] [INFO] [orbit] Initializing Orbit Radial Menu Application...
[16:29:39] [INFO] [orbit.platform.windows] Initialized WindowsPlatform
[16:29:39] [INFO] [orbit.services.profile] Loaded profile: Web Browser (8 items)
[16:29:39] [INFO] [orbit.services.profile] Loaded profile: Varsayılan (6 items)
[16:29:39] [INFO] [orbit.services.profile] Loaded profile: Excel (8 items)
[16:29:39] [INFO] [orbit.services.profile] Loaded profile: PowerPoint (8 items)
[16:29:39] [INFO] [orbit.services.profile] Loaded profile: Varsayılan (6 items)
[16:29:39] [INFO] [orbit.services.profile] Loaded profile: VS Code (8 items)
[16:29:39] [INFO] [orbit.services.profile] Loaded profile: Word (8 items)
[16:29:39] [INFO] [orbit.services.profile] Active profile set to 'Varsayılan'
[16:29:39] [INFO] [orbit.services.plugin] Registered plugin 'Launcher Plugin' (v1.0.0)
[16:29:39] [INFO] [orbit.services.plugin] Registered plugin 'Media Control Plugin' (v1.0.0)
[16:29:39] [INFO] [orbit.services.plugin] Registered plugin 'Shell Command Plugin' (v1.0.0)
[16:30:20] [INFO] [orbit] Initializing Orbit Radial Menu Application...
[16:30:20] [INFO] [orbit.platform.windows] Initialized WindowsPlatform
[16:30:20] [INFO] [orbit.services.profile] Loaded profile: Web Browser (8 items)
[16:30:20] [INFO] [orbit.services.profile] Loaded profile: Varsayılan (6 items)
[16:30:20] [INFO] [orbit.services.profile] Loaded profile: Excel (8 items)
[16:30:20] [INFO] [orbit.services.profile] Loaded profile: PowerPoint (8 items)
[16:30:20] [INFO] [orbit.services.profile] Loaded profile: Varsayılan (6 items)
[16:30:20] [INFO] [orbit.services.profile] Loaded profile: VS Code (8 items)
[16:30:20] [INFO] [orbit.services.profile] Loaded profile: Word (8 items)
[16:30:20] [INFO] [orbit.services.profile] Active profile set to 'Varsayılan'
[16:30:20] [INFO] [orbit.services.plugin] Registered plugin 'Launcher Plugin' (v1.0.0)
[16:30:20] [INFO] [orbit.services.plugin] Registered plugin 'Media Control Plugin' (v1.0.0)
[16:30:20] [INFO] [orbit.services.plugin] Registered plugin 'Shell Command Plugin' (v1.0.0)
[16:30:53] [INFO] [orbit] Initializing Orbit Radial Menu Application...
[16:30:53] [INFO] [orbit.platform.windows] Initialized WindowsPlatform
[16:30:53] [INFO] [orbit.services.profile] Loaded profile: Web Browser (8 items)
[16:30:53] [INFO] [orbit.services.profile] Loaded profile: Varsayılan (6 items)
[16:30:53] [INFO] [orbit.services.profile] Loaded profile: Excel (8 items)
[16:30:53] [INFO] [orbit.services.profile] Loaded profile: PowerPoint (8 items)
[16:30:53] [INFO] [orbit.services.profile] Loaded profile: Varsayılan (6 items)
[16:30:53] [INFO] [orbit.services.profile] Loaded profile: VS Code (8 items)
[16:30:53] [INFO] [orbit.services.profile] Loaded profile: Word (8 items)
[16:30:53] [INFO] [orbit.services.profile] Active profile set to 'Varsayılan'
[16:30:53] [INFO] [orbit.services.plugin] Registered plugin 'Launcher Plugin' (v1.0.0)
[16:30:53] [INFO] [orbit.services.plugin] Registered plugin 'Media Control Plugin' (v1.0.0)
[16:30:53] [INFO] [orbit.services.plugin] Registered plugin 'Shell Command Plugin' (v1.0.0)
[16:30:53] [INFO] [orbit.hooks.hotkey] Global input listeners started (Primary: 'ctrl+space', Secondary: 'button4', Hold: False@1.0s).
[16:30:53] [INFO] [orbit.ui.system_tray] System Tray initialized.
[16:30:53] [INFO] [orbit] Orbit application running in system tray. Press Mouse 4 or Ctrl+Space to activate radial menu.
[16:30:55] [INFO] [orbit.hooks.hotkey] Hotkey triggered globally at (1032, 709)
[16:30:55] [INFO] [orbit] Hotkey triggered at (826, 567) for active app 'windowsterminal.exe' using profile 'Varsayılan'
[16:30:55] [INFO] [orbit] Hotkey released after 0.13s
[16:30:55] [INFO] [orbit] Keeping radial menu open until click or dismiss.
[16:30:56] [INFO] [orbit.ui.radial_view] Opening sub-ring 'Sistem Araçları'
[16:30:58] [INFO] [orbit.ui.radial_view] Center Back clicked -> Returning to parent ring
[16:30:59] [INFO] [orbit.ui.radial_view] Opening sub-ring 'Medya & Ses'
[16:31:00] [INFO] [orbit.actions.wheel] WheelAction 'Tekerlek Ses Modu' scrolled DOWN (mode=volume)
[16:31:00] [INFO] [orbit.actions.wheel] WheelAction 'Tekerlek Ses Modu' scrolled DOWN (mode=volume)
[16:31:00] [INFO] [orbit.actions.wheel] WheelAction 'Tekerlek Ses Modu' scrolled DOWN (mode=volume)
[16:31:00] [INFO] [orbit.actions.wheel] WheelAction 'Tekerlek Ses Modu' scrolled UP (mode=volume)
[16:31:00] [INFO] [orbit.actions.wheel] WheelAction 'Tekerlek Ses Modu' scrolled UP (mode=volume)
[16:31:00] [INFO] [orbit.actions.wheel] WheelAction 'Tekerlek Ses Modu' scrolled UP (mode=volume)
[16:31:00] [INFO] [orbit.actions.wheel] WheelAction 'Tekerlek Ses Modu' scrolled UP (mode=volume)
[16:31:00] [INFO] [orbit.actions.wheel] WheelAction 'Tekerlek Ses Modu' scrolled DOWN (mode=volume)
[16:31:00] [INFO] [orbit.actions.wheel] WheelAction 'Tekerlek Ses Modu' scrolled DOWN (mode=volume)
[16:31:00] [INFO] [orbit.actions.wheel] WheelAction 'Tekerlek Ses Modu' scrolled DOWN (mode=volume)
[16:31:01] [INFO] [orbit.ui.radial_view] Center Back clicked -> Returning to parent ring
[16:31:02] [INFO] [orbit.ui.radial_view] Opening sub-ring 'Pencere Yönetimi'
[16:31:03] [INFO] [orbit.ui.radial_view] Center Back clicked -> Returning to parent ring
[16:31:04] [INFO] [orbit] Executing selected slice action: Ekran Alıntısı
[16:31:04] [INFO] [orbit.services.action] Executing action 'Ekran Alıntısı' (ID: a1_snip)
[16:31:04] [INFO] [orbit.actions.system_tool] Executing SystemToolAction 'snipping_tool'
[16:31:04] [INFO] [orbit.actions.shortcut] Simulated shortcut: cmd+shift+s
[16:31:19] [INFO] [orbit.hooks.hotkey] Screen corner hotspot updated -> Enabled: True
[16:31:21] [INFO] [orbit.hooks.hotkey] Screen Corner Hotspot triggered at (-45, -10)
[16:31:21] [INFO] [orbit.hooks.hotkey] Hotkey triggered globally at (0, 8)
[16:31:21] [INFO] [orbit] Hotkey triggered at (175, 175) for active app 'windowsterminal.exe' using profile 'Varsayılan'
[16:31:34] [INFO] [orbit] Hotkey released after 13.13s
[16:31:34] [INFO] [orbit] Keeping radial menu open until click or dismiss.
[16:31:34] [INFO] [orbit.hooks.hotkey] Hotkey triggered globally at (1513, 654)
[16:31:34] [INFO] [orbit] Hotkey triggered at (1210, 523) for active app 'explorer.exe' using profile 'Varsayılan'
[16:31:34] [INFO] [orbit] Hotkey released after 0.14s
[16:31:34] [INFO] [orbit] Keeping radial menu open until click or dismiss.
[16:31:35] [INFO] [orbit.hooks.hotkey] Screen Corner Hotspot triggered at (-5, -2)
[16:31:35] [INFO] [orbit.hooks.hotkey] Hotkey triggered globally at (41, 21)
[16:31:35] [INFO] [orbit] Hotkey pressed while active -> dismissing menu.
[16:31:40] [INFO] [orbit.hooks.hotkey] Screen corner hotspot updated -> Enabled: False
[16:31:40] [INFO] [orbit.hooks.hotkey] Screen corner hotspot updated -> Enabled: True
[16:31:47] [INFO] [orbit] Hotkey released after 12.14s
[16:31:47] [INFO] [orbit] Executing selected slice action: Pano Geçmişi
[16:31:47] [INFO] [orbit.services.action] Executing action 'Pano Geçmişi' (ID: a5_clip)
[16:31:47] [INFO] [orbit.actions.sub_ring] SubRingAction 'Pano Geçmişi' triggered (1 sub-items)
[16:31:48] [INFO] [orbit.hooks.hotkey] Hotkey triggered globally at (1311, 591)
[16:31:48] [INFO] [orbit] Hotkey triggered at (1049, 473) for active app 'python.exe' using profile 'Varsayılan'
[16:31:48] [INFO] [orbit.ui.overlay] OverlayWindow lost focus -> requesting dismiss
[16:31:48] [INFO] [orbit] Hotkey released after 0.13s
[16:31:48] [INFO] [orbit] Keeping radial menu open until click or dismiss.
[16:32:33] [INFO] [orbit.hooks.hotkey] Screen corner hotspot updated -> Enabled: False
[16:32:34] [INFO] [orbit.hooks.hotkey] Screen corner hotspot updated -> Enabled: True
[16:32:38] [INFO] [orbit.hooks.hotkey] Screen corner hotspot updated -> Enabled: False
[16:32:38] [INFO] [orbit.hooks.hotkey] Screen corner hotspot updated -> Enabled: True
[16:32:43] [INFO] [orbit.hooks.hotkey] Screen Corner Hotspot triggered at (-43, -23)
[16:32:43] [INFO] [orbit.hooks.hotkey] Hotkey triggered globally at (0, 20)
[16:32:43] [INFO] [orbit] Hotkey triggered at (175, 175) for active app 'windowsterminal.exe' using profile 'Varsayılan'
[16:32:50] [INFO] [orbit.hooks.hotkey] Screen corner hotspot updated -> Enabled: False
[16:32:50] [INFO] [orbit.hooks.hotkey] Screen corner hotspot updated -> Enabled: True
[16:33:25] [INFO] [orbit] Hotkey released after 42.62s
[16:33:25] [INFO] [orbit] Keeping radial menu open until click or dismiss.
[16:33:50] [INFO] [orbit.services.clipboard] Clipboard captured: '
172.60.0.68...'
[16:34:38] [INFO] [orbit.hooks.hotkey] Screen Corner Hotspot triggered at (-49, -18)
[16:34:38] [INFO] [orbit.hooks.hotkey] Hotkey triggered globally at (0, 31)
[16:34:38] [INFO] [orbit] Hotkey triggered at (175, 175) for active app 'windowsterminal.exe' using profile 'Varsayılan'
[16:34:45] [INFO] [orbit.ui.overlay] OverlayWindow lost focus -> requesting dismiss
[16:34:51] [INFO] [orbit] Hotkey released after 12.29s
[16:34:51] [INFO] [orbit] Keeping radial menu open until click or dismiss.
[16:34:51] [INFO] [orbit.services.clipboard] Clipboard captured: '172.60.0.68...'
[16:43:05] [INFO] [orbit.hooks.hotkey] Screen Corner Hotspot triggered at (1, -3)
[16:43:05] [INFO] [orbit.hooks.hotkey] Hotkey triggered globally at (8, 0)
[16:43:05] [INFO] [orbit.services.profile] Matched profile 'Web Browser' for app 'brave.exe'
[16:43:05] [INFO] [orbit] Hotkey triggered at (175, 175) for active app 'brave.exe' using profile 'Web Browser'
[16:43:05] [INFO] [orbit.ui.overlay] OverlayWindow lost focus -> requesting dismiss
[16:43:09] [INFO] [orbit] Hotkey released after 4.13s
[16:43:09] [INFO] [orbit] Keeping radial menu open until click or dismiss.
[16:43:17] [INFO] [orbit.hooks.hotkey] Screen Corner Hotspot triggered at (-26, -22)
[16:43:17] [INFO] [orbit.hooks.hotkey] Hotkey triggered globally at (0, 27)
[16:43:17] [INFO] [orbit] Hotkey triggered at (175, 175) for active app 'windowsterminal.exe' using profile 'Varsayılan'
[16:43:18] [INFO] [orbit.ui.overlay] OverlayWindow lost focus -> requesting dismiss
[16:43:24] [INFO] [orbit] Hotkey released after 6.77s
[16:43:24] [INFO] [orbit] Keeping radial menu open until click or dismiss.
[16:43:50] [INFO] [orbit.hooks.hotkey] Screen Corner Hotspot triggered at (-3, -42)
[16:43:50] [INFO] [orbit.hooks.hotkey] Hotkey triggered globally at (17, 0)
[16:43:50] [INFO] [orbit] Hotkey triggered at (175, 175) for active app 'antigravity.exe' using profile 'Varsayılan'
[16:43:51] [INFO] [orbit.ui.overlay] OverlayWindow lost focus -> requesting dismiss
[16:43:52] [INFO] [orbit] Hotkey released after 2.12s
[16:43:52] [INFO] [orbit] Keeping radial menu open until click or dismiss.
[16:44:53] [INFO] [orbit.hooks.hotkey] Screen Corner Hotspot triggered at (-55, -26)
[16:44:53] [INFO] [orbit.hooks.hotkey] Hotkey triggered globally at (23, 0)
[16:44:53] [INFO] [orbit] Hotkey triggered at (175, 175) for active app 'antigravity.exe' using profile 'Varsayılan'
[16:44:55] [INFO] [orbit.ui.overlay] OverlayWindow lost focus -> requesting dismiss
[16:45:29] [INFO] [orbit] Hotkey released after 35.78s
[16:45:29] [INFO] [orbit] Keeping radial menu open until click or dismiss.
[16:45:52] [INFO] [orbit.hooks.hotkey] Screen Corner Hotspot triggered at (-64, -75)
[16:45:52] [INFO] [orbit.hooks.hotkey] Hotkey triggered globally at (0, 16)
[16:45:52] [INFO] [orbit] Hotkey triggered at (175, 175) for active app 'antigravity.exe' using profile 'Varsayılan'
[16:45:55] [INFO] [orbit.ui.radial_view] Opening sub-ring 'Medya & Ses'
[16:45:57] [INFO] [orbit.ui.radial_view] Center Back clicked -> Returning to parent ring
[16:46:34] [INFO] [orbit] Initializing Orbit Radial Menu Application...
[16:46:34] [INFO] [orbit.platform.windows] Initialized WindowsPlatform
[16:46:34] [INFO] [orbit.services.profile] Loaded profile: Web Browser (8 items)
[16:46:34] [INFO] [orbit.services.profile] Loaded profile: Varsayılan (6 items)
[16:46:34] [INFO] [orbit.services.profile] Loaded profile: Excel (8 items)
[16:46:34] [INFO] [orbit.services.profile] Loaded profile: PowerPoint (8 items)
[16:46:34] [INFO] [orbit.services.profile] Loaded profile: Varsayılan (6 items)
[16:46:34] [INFO] [orbit.services.profile] Loaded profile: VS Code (8 items)
[16:46:34] [INFO] [orbit.services.profile] Loaded profile: Word (8 items)
[16:46:34] [INFO] [orbit.services.profile] Active profile set to 'Varsayılan'
[16:46:34] [INFO] [orbit.services.plugin] Registered plugin 'Launcher Plugin' (v1.0.0)
[16:46:34] [INFO] [orbit.services.plugin] Registered plugin 'Media Control Plugin' (v1.0.0)
[16:46:34] [INFO] [orbit.services.plugin] Registered plugin 'Shell Command Plugin' (v1.0.0)
[16:46:34] [INFO] [orbit.hooks.hotkey] Global input listeners started (Primary: 'ctrl+space', Secondary: 'button4', Hold: False@1.0s).
[16:46:34] [INFO] [orbit.ui.system_tray] System Tray initialized.
[16:46:34] [INFO] [orbit] Orbit application running in system tray. Press Mouse 4 or Ctrl+Space to activate radial menu.
[16:46:35] [INFO] [orbit.hooks.hotkey] Hotkey triggered globally at (1049, 720)
[16:46:35] [INFO] [orbit] Hotkey triggered at (839, 576) for active app 'windowsterminal.exe' using profile 'Varsayılan'
[16:46:35] [INFO] [orbit] Hotkey released after 0.14s
[16:46:35] [INFO] [orbit] Keeping radial menu open until click or dismiss.
[16:46:36] [INFO] [orbit.hooks.hotkey] Screen Corner Hotspot triggered at (-20, -26)
[16:46:36] [INFO] [orbit.hooks.hotkey] Hotkey triggered globally at (17, 0)
[16:46:36] [INFO] [orbit] Hotkey triggered at (175, 175) for active app 'windowsterminal.exe' using profile 'Varsayılan'
[16:46:37] [INFO] [orbit.ui.overlay] OverlayWindow lost focus -> requesting dismiss
[16:46:38] [INFO] [orbit.hooks.hotkey] Screen Corner Hotspot triggered at (-36, -29)
[16:46:38] [INFO] [orbit.hooks.hotkey] Hotkey triggered globally at (14, 0)
[16:46:38] [INFO] [orbit] Hotkey triggered at (175, 175) for active app 'windowsterminal.exe' using profile 'Varsayılan'
[16:46:38] [INFO] [orbit.ui.overlay] OverlayWindow lost focus -> requesting dismiss
[16:46:39] [INFO] [orbit.hooks.hotkey] Screen Corner Hotspot triggered at (-6, -16)
[16:46:39] [INFO] [orbit.hooks.hotkey] Hotkey triggered globally at (10, 0)
[16:46:39] [INFO] [orbit] Hotkey triggered at (175, 175) for active app 'windowsterminal.exe' using profile 'Varsayılan'
[16:46:39] [INFO] [orbit.ui.overlay] OverlayWindow lost focus -> requesting dismiss
[16:46:40] [INFO] [orbit.hooks.hotkey] Screen Corner Hotspot triggered at (-6, 8)
[16:46:40] [INFO] [orbit.hooks.hotkey] Hotkey triggered globally at (0, 12)
[16:46:40] [INFO] [orbit] Hotkey triggered at (175, 175) for active app 'windowsterminal.exe' using profile 'Varsayılan'
[16:46:41] [INFO] [orbit.ui.overlay] OverlayWindow lost focus -> requesting dismiss
[16:46:41] [INFO] [orbit.hooks.hotkey] Screen Corner Hotspot triggered at (-11, -26)
[16:46:41] [INFO] [orbit.hooks.hotkey] Hotkey triggered globally at (39, 0)
[16:46:41] [INFO] [orbit] Hotkey triggered at (175, 175) for active app 'windowsterminal.exe' using profile 'Varsayılan'
[16:46:44] [INFO] [orbit.hooks.hotkey] Screen Corner Hotspot triggered at (-7, -58)
[16:46:44] [INFO] [orbit.hooks.hotkey] Hotkey triggered globally at (39, 0)
[16:46:44] [INFO] [orbit] Hotkey triggered at (175, 175) for active app 'windowsterminal.exe' using profile 'Varsayılan'
[16:46:45] [INFO] [orbit.ui.radial_view] Opening sub-ring 'Sistem Araçları'
[16:46:46] [INFO] [orbit.ui.radial_view] Center Back clicked -> Returning to parent ring
[16:46:47] [INFO] [orbit.ui.radial_view] Opening sub-ring 'Medya & Ses'
[16:46:49] [INFO] [orbit.ui.radial_view] Center Back clicked -> Returning to parent ring
[16:46:52] [INFO] [orbit.hooks.hotkey] Screen Corner Hotspot triggered at (7, -4)
[16:46:52] [INFO] [orbit.hooks.hotkey] Hotkey triggered globally at (16, 0)
[16:46:52] [INFO] [orbit] Hotkey triggered at (175, 175) for active app 'windowsterminal.exe' using profile 'Varsayılan'
[16:46:53] [INFO] [orbit.ui.radial_view] Opening sub-ring 'Sistem Araçları'
[16:46:55] [INFO] [orbit.ui.radial_view] Center Back clicked -> Returning to parent ring
[16:46:57] [INFO] [orbit] Executing selected slice action: Terminal
[16:46:57] [INFO] [orbit.services.action] Executing action 'Terminal' (ID: a6_term)
[16:46:57] [INFO] [orbit.actions.app] Launched application: wt || cmd.exe /c start cmd || konsole || gnome-terminal
[16:54:43] [INFO] [orbit] Initializing Orbit Radial Menu Application...
[16:54:43] [INFO] [orbit.platform.windows] Initialized WindowsPlatform
[16:54:43] [INFO] [orbit.services.profile] Loaded profile: Web Browser (8 items)
[16:54:43] [INFO] [orbit.services.profile] Loaded profile: Varsayılan (6 items)
[16:54:43] [INFO] [orbit.services.profile] Loaded profile: Excel (8 items)
[16:54:43] [INFO] [orbit.services.profile] Loaded profile: PowerPoint (8 items)
[16:54:43] [INFO] [orbit.services.profile] Loaded profile: Varsayılan (6 items)
[16:54:43] [INFO] [orbit.services.profile] Loaded profile: VS Code (8 items)
[16:54:43] [INFO] [orbit.services.profile] Loaded profile: Word (8 items)
[16:54:43] [INFO] [orbit.services.profile] Active profile set to 'Varsayılan'
[16:54:43] [INFO] [orbit.services.plugin] Registered plugin 'Launcher Plugin' (v1.0.0)
[16:54:43] [INFO] [orbit.services.plugin] Registered plugin 'Media Control Plugin' (v1.0.0)
[16:54:43] [INFO] [orbit.services.plugin] Registered plugin 'Shell Command Plugin' (v1.0.0)
[16:54:43] [INFO] [orbit.hooks.hotkey] Global input listeners started (Primary: 'ctrl+space', Secondary: 'button4', Hold: False@1.0s).
[16:54:43] [INFO] [orbit.ui.system_tray] System Tray initialized.
[16:54:43] [INFO] [orbit] Orbit application running in system tray. Press Mouse 4 or Ctrl+Space to activate radial menu.
[16:54:46] [INFO] [orbit.hooks.hotkey] Screen Corner Hotspot triggered at (-34, -31)
[16:54:46] [INFO] [orbit.hooks.hotkey] Hotkey triggered globally at (16, 0)
[16:54:46] [INFO] [orbit] Hotkey triggered at (175, 175) for active app 'antigravity ide.exe' using profile 'Varsayılan'
[16:54:49] [INFO] [orbit.ui.radial_view] Opening sub-ring 'Sistem Araçları'
[16:54:50] [INFO] [orbit.ui.radial_view] Center Back clicked -> Returning to parent ring
[16:54:52] [INFO] [orbit.ui.overlay] OverlayWindow lost focus -> requesting dismiss
[16:56:19] [INFO] [orbit.hooks.hotkey] Screen Corner Hotspot triggered at (-5, 6)
[16:56:19] [INFO] [orbit.hooks.hotkey] Hotkey triggered globally at (0, 14)
[16:56:19] [INFO] [orbit] Hotkey triggered at (175, 175) for active app 'python.exe' using profile 'Varsayılan'
[16:56:20] [INFO] [orbit] Executing selected slice action: Otomatik IP Ping Aracı
[16:56:20] [INFO] [orbit.services.action] Executing action 'Otomatik IP Ping Aracı' (ID: act_otomatik ip ping aracı)
[16:56:20] [INFO] [orbit.actions.shell] Executed shell command: cmd.exe /k ping -t -a 8.8.8.8
[16:56:37] [INFO] [orbit.hooks.hotkey] Screen Corner Hotspot triggered at (0, -39)
[16:56:37] [INFO] [orbit.hooks.hotkey] Hotkey triggered globally at (34, 0)
[16:56:45] [INFO] [orbit] Hotkey released after 8.12s
[16:56:45] [INFO] [orbit] Executing selected slice action: Otomatik IP Ping Aracı
[16:56:45] [INFO] [orbit.services.action] Executing action 'Otomatik IP Ping Aracı' (ID: act_otomatik ip ping aracı)
[16:56:45] [INFO] [orbit.actions.shell] Executed shell command: cmd.exe /k ping -t -a 8.8.8.8
[16:56:47] [INFO] [orbit.hooks.hotkey] Hotkey triggered globally at (939, 567)
[16:56:47] [INFO] [orbit] Hotkey triggered at (751, 454) for active app 'antigravity ide.exe' using profile 'Varsayılan'
[16:56:47] [INFO] [orbit] Hotkey released after 0.17s
[16:56:47] [INFO] [orbit] Keeping radial menu open until click or dismiss.
[16:56:49] [INFO] [orbit.hooks.hotkey] Hotkey triggered globally at (905, 596)
[16:56:49] [INFO] [orbit] Hotkey triggered at (724, 477) for active app 'antigravity ide.exe' using profile 'Varsayılan'
[16:56:49] [INFO] [orbit] Hotkey released after 0.17s
[16:56:49] [INFO] [orbit] Keeping radial menu open until click or dismiss.
[16:56:50] [INFO] [orbit] Executing selected slice action: Otomatik IP Ping Aracı
[16:56:50] [INFO] [orbit.services.action] Executing action 'Otomatik IP Ping Aracı' (ID: act_otomatik ip ping aracı)
[16:56:50] [INFO] [orbit.actions.shell] Executed shell command: cmd.exe /k ping -t -a 8.8.8.8
[16:57:04] [INFO] [orbit.hooks.hotkey] Screen Corner Hotspot triggered at (-22, -37)
[16:57:04] [INFO] [orbit.hooks.hotkey] Hotkey triggered globally at (24, 9)
[16:57:07] [INFO] [orbit] Hotkey released after 3.19s
[16:57:07] [INFO] [orbit] Executing selected slice action: Otomatik IP Ping Aracı
[16:57:07] [INFO] [orbit.services.action] Executing action 'Otomatik IP Ping Aracı' (ID: act_otomatik ip ping aracı)
[16:57:07] [INFO] [orbit.actions.shell] Executed shell command: cmd.exe /k ping -t -a 8.8.8.8
[16:57:09] [INFO] [orbit.hooks.hotkey] Hotkey triggered globally at (892, 571)
[16:57:09] [INFO] [orbit] Hotkey triggered at (714, 457) for active app 'antigravity ide.exe' using profile 'Varsayılan'
[16:57:10] [INFO] [orbit] Hotkey released after 0.18s
[16:57:10] [INFO] [orbit] Keeping radial menu open until click or dismiss.
[17:00:14] [INFO] [orbit] Initializing Orbit Radial Menu Application...
[17:00:14] [INFO] [orbit.platform.windows] Initialized WindowsPlatform
[17:00:14] [INFO] [orbit.services.profile] Loaded profile: Web Browser (8 items)
[17:00:14] [INFO] [orbit.services.profile] Loaded profile: Varsayılan (6 items)
[17:00:14] [INFO] [orbit.services.profile] Loaded profile: Excel (8 items)
[17:00:14] [INFO] [orbit.services.profile] Loaded profile: PowerPoint (8 items)
[17:00:14] [INFO] [orbit.services.profile] Loaded profile: Varsayılan (5 items)
[17:00:14] [INFO] [orbit.services.profile] Loaded profile: VS Code (8 items)
[17:00:14] [INFO] [orbit.services.profile] Loaded profile: Word (8 items)
[17:00:14] [INFO] [orbit.services.profile] Active profile set to 'Varsayılan'
[17:00:14] [INFO] [orbit.services.plugin] Registered plugin 'Launcher Plugin' (v1.0.0)
[17:00:14] [INFO] [orbit.services.plugin] Registered plugin 'Media Control Plugin' (v1.0.0)
[17:00:14] [INFO] [orbit.services.plugin] Registered plugin 'Shell Command Plugin' (v1.0.0)
[17:00:14] [INFO] [orbit.hooks.hotkey] Global input listeners started (Primary: 'ctrl+space', Secondary: 'button4', Hold: False@1.0s).
[17:00:14] [INFO] [orbit.ui.system_tray] System Tray initialized.
[17:00:14] [INFO] [orbit] Orbit application running in system tray. Press Mouse 4 or Ctrl+Space to activate radial menu.
[17:00:15] [INFO] [orbit.hooks.hotkey] Screen Corner Hotspot triggered at (-38, -9)
[17:00:15] [INFO] [orbit.hooks.hotkey] Hotkey triggered globally at (20, 75)
[17:00:15] [INFO] [orbit] Hotkey triggered at (175, 175) for active app 'antigravity ide.exe' using profile 'Varsayılan'
[17:00:18] [INFO] [orbit.ui.radial_view] Opening sub-ring 'Sistem Araçları'
[17:00:18] [INFO] [orbit.ui.radial_view] Center Back clicked -> Returning to parent ring
[17:01:10] [INFO] [orbit.hooks.hotkey] Screen Corner Hotspot triggered at (0, -29)
[17:01:10] [INFO] [orbit.hooks.hotkey] Hotkey triggered globally at (30, 0)
[17:01:10] [INFO] [orbit] Hotkey triggered at (175, 175) for active app 'python.exe' using profile 'Varsayılan'
[17:01:11] [INFO] [orbit] Executing selected slice action: Otomatik IP Ping Aracı
[17:01:11] [INFO] [orbit.services.action] Executing action 'Otomatik IP Ping Aracı' (ID: act_otomatik ip ping aracı)
[17:01:11] [INFO] [orbit.actions.shell] Executed shell command: cmd.exe /k ping -t -a
[17:01:16] [INFO] [orbit.hooks.hotkey] Screen Corner Hotspot triggered at (-9, 2)
[17:01:16] [INFO] [orbit.hooks.hotkey] Hotkey triggered globally at (0, 10)
[17:01:16] [INFO] [orbit] Hotkey triggered at (175, 175) for active app 'antigravity ide.exe' using profile 'Varsayılan'
[17:01:18] [INFO] [orbit] Executing selected slice action: Otomatik IP Ping Aracı
[17:01:18] [INFO] [orbit.services.action] Executing action 'Otomatik IP Ping Aracı' (ID: act_otomatik ip ping aracı)
[17:01:18] [INFO] [orbit.actions.shell] Executed shell command: cmd.exe /k ping -t -a
[17:01:24] [INFO] [orbit.services.clipboard] Clipboard captured: '[17:01:16] [INFO] [o...'
[17:01:56] [INFO] [orbit.hooks.hotkey] Screen Corner Hotspot triggered at (-64, -13)
[17:01:56] [INFO] [orbit.hooks.hotkey] Hotkey triggered globally at (0, 26)
[17:02:43] [INFO] [orbit] Initializing Orbit Radial Menu Application...
[17:02:43] [INFO] [orbit.platform.windows] Initialized WindowsPlatform
[17:02:43] [INFO] [orbit.services.profile] Loaded profile: Web Browser (8 items)
[17:02:43] [INFO] [orbit.services.profile] Loaded profile: Varsayılan (6 items)
[17:02:43] [INFO] [orbit.services.profile] Loaded profile: Excel (8 items)
[17:02:43] [INFO] [orbit.services.profile] Loaded profile: PowerPoint (8 items)
[17:02:43] [INFO] [orbit.services.profile] Loaded profile: Varsayılan (5 items)
[17:02:43] [INFO] [orbit.services.profile] Loaded profile: VS Code (8 items)
[17:02:43] [INFO] [orbit.services.profile] Loaded profile: Word (8 items)
[17:02:43] [INFO] [orbit.services.profile] Active profile set to 'Varsayılan'
[17:02:43] [INFO] [orbit.services.plugin] Registered plugin 'Launcher Plugin' (v1.0.0)
[17:02:43] [INFO] [orbit.services.plugin] Registered plugin 'Media Control Plugin' (v1.0.0)
[17:02:43] [INFO] [orbit.services.plugin] Registered plugin 'Shell Command Plugin' (v1.0.0)
[17:02:44] [INFO] [orbit.hooks.hotkey] Global input listeners started (Primary: 'ctrl+space', Secondary: 'button4', Hold: False@1.0s).
[17:02:44] [INFO] [orbit.ui.system_tray] System Tray initialized.
[17:02:44] [INFO] [orbit] Orbit application running in system tray. Press Mouse 4 or Ctrl+Space to activate radial menu.
[17:02:44] [INFO] [orbit.hooks.hotkey] Screen Corner Hotspot triggered at (-17, -64)
[17:02:44] [INFO] [orbit.hooks.hotkey] Hotkey triggered globally at (55, 0)
[17:02:44] [INFO] [orbit] Hotkey triggered at (175, 175) for active app 'antigravity ide.exe' using profile 'Varsayılan'
[17:02:46] [INFO] [orbit.ui.radial_view] Opening sub-ring 'Sistem Araçları'
[17:02:47] [INFO] [orbit.ui.radial_view] Center Back clicked -> Returning to parent ring
[17:02:57] [INFO] [orbit.hooks.hotkey] Screen Corner Hotspot triggered at (-9, 7)
[17:02:57] [INFO] [orbit.hooks.hotkey] Hotkey triggered globally at (0, 15)
[17:02:57] [INFO] [orbit] Hotkey triggered at (175, 175) for active app 'python.exe' using profile 'Varsayılan'
[17:02:58] [INFO] [orbit] Executing selected slice action: Otomatik IP Ping Aracı
[17:02:58] [INFO] [orbit.services.action] Executing action 'Otomatik IP Ping Aracı' (ID: act_otomatik ip ping aracı)
[17:02:59] [INFO] [orbit.actions.shell] Executed shell command: cmd.exe /k ping -t -a 8.8.8.8
[17:03:05] [INFO] [orbit.hooks.hotkey] Screen Corner Hotspot triggered at (-18, -23)
[17:03:05] [INFO] [orbit.hooks.hotkey] Hotkey triggered globally at (28, 0)
[17:03:07] [INFO] [orbit] Hotkey released after 1.93s
[17:03:07] [INFO] [orbit] Executing selected slice action: Otomatik IP Ping Aracı
[17:03:07] [INFO] [orbit.services.action] Executing action 'Otomatik IP Ping Aracı' (ID: act_otomatik ip ping aracı)
[17:03:07] [INFO] [orbit.actions.shell] Executed shell command: cmd.exe /k ping -t -a 8.8.8.8
[17:03:09] [INFO] [orbit.hooks.hotkey] Hotkey triggered globally at (737, 300)
[17:03:09] [INFO] [orbit.services.profile] Matched profile 'Web Browser' for app 'brave.exe'
[17:03:09] [INFO] [orbit] Hotkey triggered at (590, 240) for active app 'brave.exe' using profile 'Web Browser'
[17:03:09] [INFO] [orbit] Hotkey released after 0.18s
[17:03:09] [INFO] [orbit] Keeping radial menu open until click or dismiss.
[17:03:10] [INFO] [orbit.ui.radial_view] Center Genel Menü clicked -> Opening General Profile
[17:03:11] [INFO] [orbit] Executing selected slice action: Otomatik IP Ping Aracı
[17:03:11] [INFO] [orbit.services.action] Executing action 'Otomatik IP Ping Aracı' (ID: act_otomatik ip ping aracı)
[17:03:11] [INFO] [orbit.actions.shell] Executed shell command: cmd.exe /k ping -t -a 8.8.8.8
[17:03:28] [INFO] [orbit.hooks.hotkey] Screen Corner Hotspot triggered at (-36, 7)
[17:03:28] [INFO] [orbit.hooks.hotkey] Hotkey triggered globally at (0, 41)
[17:03:31] [INFO] [orbit] Hotkey released after 2.87s
[17:03:31] [INFO] [orbit] Executing selected slice action: Otomatik IP Ping Aracı
[17:03:31] [INFO] [orbit.services.action] Executing action 'Otomatik IP Ping Aracı' (ID: act_otomatik ip ping aracı)
[17:03:31] [INFO] [orbit.actions.shell] Executed shell command: cmd.exe /k ping -t -a 8.8.8.8
[17:03:42] [INFO] [orbit.hooks.hotkey] Screen Corner Hotspot triggered at (-87, -31)
[17:03:42] [INFO] [orbit.hooks.hotkey] Hotkey triggered globally at (0, 24)
[17:03:48] [INFO] [orbit] Hotkey released after 5.88s
[17:03:48] [INFO] [orbit] Executing selected slice action: Otomatik IP Ping Aracı
[17:03:48] [INFO] [orbit.services.action] Executing action 'Otomatik IP Ping Aracı' (ID: act_otomatik ip ping aracı)
[17:03:48] [INFO] [orbit.actions.shell] Executed shell command: cmd.exe /k ping -t -a 8.8.8.8
[17:05:38] [INFO] [orbit.services.clipboard] Clipboard captured: 'python main.py
...'
[17:05:45] [INFO] [orbit] Initializing Orbit Radial Menu Application...
[17:05:45] [INFO] [orbit.platform.windows] Initialized WindowsPlatform
[17:05:45] [INFO] [orbit.services.profile] Loaded profile: Web Browser (8 items)
[17:05:45] [INFO] [orbit.services.profile] Loaded profile: Varsayılan (6 items)
[17:05:45] [INFO] [orbit.services.profile] Loaded profile: Excel (8 items)
[17:05:45] [INFO] [orbit.services.profile] Loaded profile: PowerPoint (8 items)
[17:05:45] [INFO] [orbit.services.profile] Loaded profile: Varsayılan (6 items)
[17:05:45] [INFO] [orbit.services.profile] Loaded profile: VS Code (8 items)
[17:05:45] [INFO] [orbit.services.profile] Loaded profile: Word (8 items)
[17:05:45] [INFO] [orbit.services.profile] Active profile set to 'Varsayılan'
[17:05:45] [INFO] [orbit.services.plugin] Registered plugin 'Launcher Plugin' (v1.0.0)
[17:05:45] [INFO] [orbit.services.plugin] Registered plugin 'Media Control Plugin' (v1.0.0)
[17:05:45] [INFO] [orbit.services.plugin] Registered plugin 'Shell Command Plugin' (v1.0.0)
[17:05:45] [INFO] [orbit.hooks.hotkey] Global input listeners started (Primary: 'ctrl+space', Secondary: 'button4', Hold: False@1.0s).
[17:05:45] [INFO] [orbit.ui.system_tray] System Tray initialized.
[17:05:45] [INFO] [orbit] Orbit application running in system tray. Press Mouse 4 or Ctrl+Space to activate radial menu.
[17:05:47] [INFO] [orbit.hooks.hotkey] Screen Corner Hotspot triggered at (-23, -42)
[17:05:47] [INFO] [orbit.hooks.hotkey] Hotkey triggered globally at (12, 0)
[17:05:47] [INFO] [orbit] Hotkey triggered at (175, 175) for active app 'antigravity ide.exe' using profile 'Varsayılan'
[17:05:48] [INFO] [orbit.ui.radial_view] Opening sub-ring 'Sistem Araçları'
[17:05:49] [INFO] [orbit.ui.radial_view] Center Back clicked -> Returning to parent ring
[17:06:01] [INFO] [orbit.hooks.hotkey] Screen Corner Hotspot triggered at (-14, 3)
[17:06:01] [INFO] [orbit.hooks.hotkey] Hotkey triggered globally at (0, 11)
[17:06:01] [INFO] [orbit] Hotkey triggered at (175, 175) for active app 'antigravity ide.exe' using profile 'Varsayılan'
[17:06:02] [INFO] [orbit] Executing selected slice action: Otomatik IP Ping Aracı
[17:06:02] [INFO] [orbit.services.action] Executing action 'Otomatik IP Ping Aracı' (ID: act_otomatik ip ping aracı)
[17:06:02] [INFO] [orbit.actions.shell] ShellAction detected ping command 'cmd.exe /k ping -t -a 8.8.8.8', delegating to SystemToolAction ping_tool...
[17:06:02] [INFO] [orbit.actions.system_tool] Executing SystemToolAction 'ping_tool'
[17:06:39] [INFO] [orbit.ui.ping_dialog] Stopping ping process...
[17:06:49] [INFO] [orbit.ui.ping_dialog] Stopping ping process...
[17:07:14] [INFO] [orbit.ui.ping_dialog] Stopping ping process...
[17:07:24] [INFO] [orbit.ui.ping_dialog] Stopping ping process...
[17:07:29] [INFO] [orbit.hooks.hotkey] Screen Corner Hotspot triggered at (-3, -26)
[17:07:29] [INFO] [orbit.hooks.hotkey] Hotkey triggered globally at (19, 0)
[17:07:29] [INFO] [orbit] Hotkey triggered at (175, 175) for active app 'antigravity ide.exe' using profile 'Varsayılan'
[17:07:36] [INFO] [orbit.ui.radial_view] Opening sub-ring 'Medya & Ses'
[17:07:37] [INFO] [orbit.actions.wheel] WheelAction 'Tekerlek Ses Modu' scrolled UP (mode=volume)
[17:07:37] [INFO] [orbit] Hotkey released after 8.31s
[17:07:37] [INFO] [orbit] Executing selected slice action: Tekerlek Ses Modu
[17:07:37] [INFO] [orbit.services.action] Executing action 'Tekerlek Ses Modu' (ID: ma5)
[17:07:37] [INFO] [orbit.actions.wheel] WheelAction 'Tekerlek Ses Modu' scrolled UP (mode=volume)
[17:07:39] [INFO] [orbit.hooks.hotkey] Screen Corner Hotspot triggered at (0, -19)
[17:07:39] [INFO] [orbit.hooks.hotkey] Hotkey triggered globally at (19, 0)
[17:07:39] [INFO] [orbit] Hotkey triggered at (175, 175) for active app 'antigravity ide.exe' using profile 'Varsayılan'
[17:07:40] [INFO] [orbit.ui.radial_view] Opening sub-ring 'Medya & Ses'
[17:07:41] [INFO] [orbit.actions.wheel] WheelAction 'Tekerlek Ses Modu' scrolled UP (mode=volume)
[17:07:41] [INFO] [orbit] Hotkey released after 1.79s
[17:07:41] [INFO] [orbit] Executing selected slice action: Tekerlek Ses Modu
[17:07:41] [INFO] [orbit.services.action] Executing action 'Tekerlek Ses Modu' (ID: ma5)
[17:07:41] [INFO] [orbit.actions.wheel] WheelAction 'Tekerlek Ses Modu' scrolled UP (mode=volume)
[17:09:20] [INFO] [orbit] Initializing Orbit Radial Menu Application...
[17:09:20] [INFO] [orbit.platform.windows] Initialized WindowsPlatform
[17:09:20] [INFO] [orbit.services.profile] Loaded profile: Web Browser (8 items)
[17:09:20] [INFO] [orbit.services.profile] Loaded profile: Varsayılan (6 items)
[17:09:20] [INFO] [orbit.services.profile] Loaded profile: Excel (8 items)
[17:09:20] [INFO] [orbit.services.profile] Loaded profile: PowerPoint (8 items)
[17:09:20] [INFO] [orbit.services.profile] Loaded profile: Varsayılan (6 items)
[17:09:20] [INFO] [orbit.services.profile] Loaded profile: VS Code (8 items)
[17:09:20] [INFO] [orbit.services.profile] Loaded profile: Word (8 items)
[17:09:20] [INFO] [orbit.services.profile] Active profile set to 'Varsayılan'
[17:09:20] [INFO] [orbit.services.plugin] Registered plugin 'Launcher Plugin' (v1.0.0)
[17:09:20] [INFO] [orbit.services.plugin] Registered plugin 'Media Control Plugin' (v1.0.0)
[17:09:20] [INFO] [orbit.services.plugin] Registered plugin 'Shell Command Plugin' (v1.0.0)
[17:09:20] [INFO] [orbit.hooks.hotkey] Global input listeners started (Primary: 'ctrl+space', Secondary: 'button4', Hold: False@1.0s).
[17:09:20] [INFO] [orbit.ui.system_tray] System Tray initialized.
[17:09:20] [INFO] [orbit] Orbit application running in system tray. Press Mouse 4 or Ctrl+Space to activate radial menu.
[17:09:20] [INFO] [orbit.hooks.hotkey] Screen Corner Hotspot triggered at (-13, -42)
[17:09:20] [INFO] [orbit.hooks.hotkey] Hotkey triggered globally at (39, 0)
[17:09:20] [INFO] [orbit] Hotkey triggered at (175, 175) for active app 'antigravity ide.exe' using profile 'Varsayılan'
[17:09:23] [INFO] [orbit.ui.radial_view] Opening sub-ring 'Medya & Ses'
[17:09:23] [INFO] [orbit.actions.wheel] WheelAction 'Tekerlek Ses Modu' scrolled UP (mode=volume)
[17:09:23] [INFO] [orbit] Hotkey released after 2.85s
[17:09:23] [INFO] [orbit] Selected item is WheelAction -> keeping radial menu open for interactive scrolling.
[17:09:23] [INFO] [orbit.actions.wheel] WheelAction 'Tekerlek Ses Modu' scrolled UP (mode=volume)
[17:09:24] [INFO] [orbit.actions.wheel] WheelAction 'Tekerlek Ses Modu' scrolled DOWN (mode=volume)
[17:09:24] [INFO] [orbit.actions.wheel] WheelAction 'Tekerlek Ses Modu' scrolled DOWN (mode=volume)
[17:09:24] [INFO] [orbit.actions.wheel] WheelAction 'Tekerlek Ses Modu' scrolled DOWN (mode=volume)
[17:09:24] [INFO] [orbit.actions.wheel] WheelAction 'Tekerlek Ses Modu' scrolled UP (mode=volume)
[17:09:24] [INFO] [orbit.actions.wheel] WheelAction 'Tekerlek Ses Modu' scrolled UP (mode=volume)
[17:09:24] [INFO] [orbit.actions.wheel] WheelAction 'Tekerlek Ses Modu' scrolled UP (mode=volume)
[17:09:24] [INFO] [orbit.actions.wheel] WheelAction 'Tekerlek Ses Modu' scrolled UP (mode=volume)
[17:09:24] [INFO] [orbit.actions.wheel] WheelAction 'Tekerlek Ses Modu' scrolled UP (mode=volume)
[17:09:24] [INFO] [orbit.actions.wheel] WheelAction 'Tekerlek Ses Modu' scrolled DOWN (mode=volume)
[17:09:24] [INFO] [orbit.actions.wheel] WheelAction 'Tekerlek Ses Modu' scrolled DOWN (mode=volume)
[17:09:24] [INFO] [orbit.actions.wheel] WheelAction 'Tekerlek Ses Modu' scrolled DOWN (mode=volume)
[17:09:24] [INFO] [orbit.actions.wheel] WheelAction 'Tekerlek Ses Modu' scrolled DOWN (mode=volume)
[17:09:24] [INFO] [orbit.actions.wheel] WheelAction 'Tekerlek Ses Modu' scrolled DOWN (mode=volume)
[17:09:24] [INFO] [orbit.actions.wheel] WheelAction 'Tekerlek Ses Modu' scrolled UP (mode=volume)
[17:09:24] [INFO] [orbit.actions.wheel] WheelAction 'Tekerlek Ses Modu' scrolled UP (mode=volume)
[17:09:24] [INFO] [orbit.actions.wheel] WheelAction 'Tekerlek Ses Modu' scrolled UP (mode=volume)
[17:09:24] [INFO] [orbit.actions.wheel] WheelAction 'Tekerlek Ses Modu' scrolled UP (mode=volume)
[17:09:24] [INFO] [orbit.actions.wheel] WheelAction 'Tekerlek Ses Modu' scrolled UP (mode=volume)
[17:09:24] [INFO] [orbit.actions.wheel] WheelAction 'Tekerlek Ses Modu' scrolled DOWN (mode=volume)
[17:09:24] [INFO] [orbit.actions.wheel] WheelAction 'Tekerlek Ses Modu' scrolled DOWN (mode=volume)
[17:09:24] [INFO] [orbit.actions.wheel] WheelAction 'Tekerlek Ses Modu' scrolled DOWN (mode=volume)
[17:09:24] [INFO] [orbit.actions.wheel] WheelAction 'Tekerlek Ses Modu' scrolled DOWN (mode=volume)
[17:09:24] [INFO] [orbit.actions.wheel] WheelAction 'Tekerlek Ses Modu' scrolled UP (mode=volume)
[17:09:24] [INFO] [orbit.actions.wheel] WheelAction 'Tekerlek Ses Modu' scrolled UP (mode=volume)
[17:09:24] [INFO] [orbit.actions.wheel] WheelAction 'Tekerlek Ses Modu' scrolled UP (mode=volume)
[17:09:24] [INFO] [orbit.actions.wheel] WheelAction 'Tekerlek Ses Modu' scrolled UP (mode=volume)
[17:09:25] [INFO] [orbit.actions.wheel] WheelAction 'Tekerlek Ses Modu' scrolled DOWN (mode=volume)
[17:09:25] [INFO] [orbit.actions.wheel] WheelAction 'Tekerlek Ses Modu' scrolled DOWN (mode=volume)
[17:09:25] [INFO] [orbit.actions.wheel] WheelAction 'Tekerlek Ses Modu' scrolled DOWN (mode=volume)
[17:09:25] [INFO] [orbit.actions.wheel] WheelAction 'Tekerlek Ses Modu' scrolled DOWN (mode=volume)
[17:09:25] [INFO] [orbit.actions.wheel] WheelAction 'Tekerlek Ses Modu' scrolled DOWN (mode=volume)
[17:09:25] [INFO] [orbit.actions.wheel] WheelAction 'Tekerlek Ses Modu' scrolled UP (mode=volume)
[17:09:25] [INFO] [orbit.actions.wheel] WheelAction 'Tekerlek Ses Modu' scrolled UP (mode=volume)
[17:09:25] [INFO] [orbit.actions.wheel] WheelAction 'Tekerlek Ses Modu' scrolled UP (mode=volume)
[17:09:25] [INFO] [orbit.actions.wheel] WheelAction 'Tekerlek Ses Modu' scrolled UP (mode=volume)
[17:09:25] [INFO] [orbit.actions.wheel] WheelAction 'Tekerlek Ses Modu' scrolled UP (mode=volume)
[17:09:36] [INFO] [orbit.actions.wheel] WheelAction 'Tekerlek Ses Modu' scrolled UP (mode=volume)
[17:09:36] [INFO] [orbit.actions.wheel] WheelAction 'Tekerlek Ses Modu' scrolled UP (mode=volume)
[17:09:37] [INFO] [orbit.actions.wheel] WheelAction 'Tekerlek Ses Modu' scrolled DOWN (mode=volume)
[17:09:37] [INFO] [orbit.actions.wheel] WheelAction 'Tekerlek Ses Modu' scrolled DOWN (mode=volume)
[17:09:37] [INFO] [orbit.actions.wheel] WheelAction 'Tekerlek Ses Modu' scrolled DOWN (mode=volume)
[17:09:37] [INFO] [orbit.actions.wheel] WheelAction 'Tekerlek Ses Modu' scrolled DOWN (mode=volume)
[17:09:37] [INFO] [orbit.actions.wheel] WheelAction 'Tekerlek Ses Modu' scrolled DOWN (mode=volume)
[17:09:37] [INFO] [orbit.actions.wheel] WheelAction 'Tekerlek Ses Modu' scrolled DOWN (mode=volume)
[17:09:37] [INFO] [orbit.actions.wheel] WheelAction 'Tekerlek Ses Modu' scrolled UP (mode=volume)
[17:09:37] [INFO] [orbit.actions.wheel] WheelAction 'Tekerlek Ses Modu' scrolled UP (mode=volume)
[17:09:37] [INFO] [orbit.actions.wheel] WheelAction 'Tekerlek Ses Modu' scrolled UP (mode=volume)
[17:09:37] [INFO] [orbit.actions.wheel] WheelAction 'Tekerlek Ses Modu' scrolled UP (mode=volume)
[17:09:37] [INFO] [orbit.actions.wheel] WheelAction 'Tekerlek Ses Modu' scrolled UP (mode=volume)
[17:09:37] [INFO] [orbit.actions.wheel] WheelAction 'Tekerlek Ses Modu' scrolled UP (mode=volume)
[17:09:37] [INFO] [orbit.ui.overlay] OverlayWindow lost focus -> requesting dismiss
[17:09:38] [INFO] [orbit.hooks.hotkey] Screen Corner Hotspot triggered at (0, 0)
[17:09:38] [INFO] [orbit.hooks.hotkey] Hotkey triggered globally at (0, 0)
[17:09:38] [INFO] [orbit] Hotkey triggered at (175, 175) for active app 'antigravity ide.exe' using profile 'Varsayılan'
[17:09:40] [INFO] [orbit.ui.radial_view] Opening sub-ring 'Medya & Ses'
[17:09:42] [INFO] [orbit.ui.radial_view] Center Back clicked -> Returning to parent ring
[17:09:44] [INFO] [orbit.ui.radial_view] Opening sub-ring 'Sistem Araçları'
[17:09:46] [INFO] [orbit.ui.radial_view] Center Back clicked -> Returning to parent ring
[17:09:47] [INFO] [orbit.ui.radial_view] Opening sub-ring 'Sistem Araçları'
[17:09:48] [INFO] [orbit.ui.radial_view] Center Back clicked -> Returning to parent ring
[17:09:48] [INFO] [orbit.ui.radial_view] Opening sub-ring 'Pencere Yönetimi'
[17:09:50] [INFO] [orbit.ui.radial_view] Center Back clicked -> Returning to parent ring
[17:09:50] [INFO] [orbit.ui.radial_view] Opening sub-ring 'Sistem Araçları'
[17:09:53] [INFO] [orbit.ui.radial_view] Center Back clicked -> Returning to parent ring
[17:09:54] [INFO] [orbit.ui.overlay] OverlayWindow lost focus -> requesting dismiss
[12:34:15] [INFO] [orbit] Initializing Orbit Radial Menu Application...
[12:34:15] [INFO] [orbit.platform.windows] Initialized WindowsPlatform
[12:34:15] [INFO] [orbit.services.profile] Loaded profile: Web Browser (8 items)
[12:34:15] [INFO] [orbit.services.profile] Loaded profile: Varsayılan (6 items)
[12:34:15] [INFO] [orbit.services.profile] Loaded profile: Excel (8 items)
[12:34:15] [INFO] [orbit.services.profile] Loaded profile: PowerPoint (8 items)
[12:34:15] [INFO] [orbit.services.profile] Loaded profile: Varsayılan (6 items)
[12:34:15] [INFO] [orbit.services.profile] Loaded profile: VS Code (8 items)
[12:34:15] [INFO] [orbit.services.profile] Loaded profile: Word (8 items)
[12:34:15] [INFO] [orbit.services.profile] Active profile set to 'Varsayılan'
[12:34:15] [INFO] [orbit.services.plugin] Registered plugin 'Launcher Plugin' (v1.0.0)
[12:34:15] [INFO] [orbit.services.plugin] Registered plugin 'Media Control Plugin' (v1.0.0)
[12:34:15] [INFO] [orbit.services.plugin] Registered plugin 'Shell Command Plugin' (v1.0.0)
[12:34:15] [INFO] [orbit.hooks.hotkey] Global input listeners started (Primary: 'ctrl+space', Secondary: 'button4', Hold: False@1.0s).
[12:34:15] [INFO] [orbit.ui.system_tray] System Tray initialized.
[12:34:15] [INFO] [orbit] Orbit application running in system tray. Press Mouse 4 or Ctrl+Space to activate radial menu.
[12:34:16] [INFO] [orbit.hooks.hotkey] Hotkey triggered globally at (1256, 500)
[12:34:16] [INFO] [orbit] Hotkey triggered at (1005, 400) for active app 'antigravity ide.exe' using profile 'Varsayılan'
[12:34:16] [INFO] [orbit] Hotkey released after 0.15s
[12:34:16] [INFO] [orbit] Keeping radial menu open until click or dismiss.
[12:34:23] [INFO] [orbit.ui.radial_view] Opening sub-ring 'Pano Geçmişi'
[12:34:24] [INFO] [orbit.ui.radial_view] Center Back clicked -> Returning to parent ring
[12:34:26] [INFO] [orbit.ui.overlay] OverlayWindow lost focus -> requesting dismiss
[12:34:40] [INFO] [orbit.services.clipboard] Clipboard captured: 'Tamamlandı...'
[12:34:40] [INFO] [orbit.services.clipboard] Clipboard captured: 'Planlamada...'
[12:34:41] [INFO] [orbit.services.clipboard] Clipboard captured: 'Yapılıyor...'
[12:34:42] [INFO] [orbit.services.clipboard] Clipboard captured: 'İşlem ...'
[12:34:43] [INFO] [orbit.services.clipboard] Clipboard captured: 'Bekliyor...'
[12:34:44] [INFO] [orbit.hooks.hotkey] Hotkey triggered globally at (605, 476)
[12:34:44] [INFO] [orbit.services.profile] Matched profile 'Web Browser' for app 'brave.exe'
[12:34:44] [INFO] [orbit] Hotkey triggered at (484, 381) for active app 'brave.exe' using profile 'Web Browser'
[12:34:44] [INFO] [orbit] Hotkey released after 0.17s
[12:34:44] [INFO] [orbit] Keeping radial menu open until click or dismiss.
[12:34:47] [INFO] [orbit.ui.radial_view] Center Genel Menü clicked -> Opening General Profile
[12:34:48] [INFO] [orbit.ui.overlay] OverlayWindow lost focus -> requesting dismiss
[12:34:49] [INFO] [orbit.hooks.hotkey] Screen Corner Hotspot triggered at (-43, -2)
[12:34:49] [INFO] [orbit.hooks.hotkey] Hotkey triggered globally at (0, 18)
[12:34:49] [INFO] [orbit.services.profile] Matched profile 'Web Browser' for app 'brave.exe'
[12:34:49] [INFO] [orbit] Hotkey triggered at (175, 175) for active app 'brave.exe' using profile 'Web Browser'
[12:34:53] [INFO] [orbit.ui.radial_view] Center Genel Menü clicked -> Opening General Profile
[12:34:55] [INFO] [orbit.ui.radial_view] Opening sub-ring 'Pano Geçmişi'
[12:34:56] [INFO] [orbit] Executing selected slice action: Tamamlandı
[12:34:56] [INFO] [orbit.services.action] Executing action 'Tamamlandı' (ID: act_clip_4)
[12:34:56] [INFO] [orbit.actions.clipboard] ClipboardAction successfully pasted (10 chars): 'Tamamlandı...'
[12:34:56] [INFO] [orbit.services.clipboard] Clipboard captured: 'Tamamlandı...'
[12:34:58] [INFO] [orbit.hooks.hotkey] Screen Corner Hotspot triggered at (-87, -32)
[12:34:58] [INFO] [orbit.hooks.hotkey] Hotkey triggered globally at (0, 25)
[12:34:58] [INFO] [orbit.services.profile] Matched profile 'Web Browser' for app 'brave.exe'
[12:34:58] [INFO] [orbit] Hotkey triggered at (175, 175) for active app 'brave.exe' using profile 'Web Browser'
[12:34:59] [INFO] [orbit.ui.radial_view] Center Genel Menü clicked -> Opening General Profile
[12:35:00] [INFO] [orbit.ui.radial_view] Opening sub-ring 'Pano Geçmişi'
[12:35:01] [INFO] [orbit] Executing selected slice action: Bekliyor
[12:35:01] [INFO] [orbit.services.action] Executing action 'Bekliyor' (ID: act_clip_1)
[12:35:01] [INFO] [orbit.actions.clipboard] ClipboardAction successfully pasted (8 chars): 'Bekliyor...'
[12:35:01] [INFO] [orbit.services.clipboard] Clipboard captured: 'Bekliyor...'
[12:35:03] [INFO] [orbit.hooks.hotkey] Screen Corner Hotspot triggered at (5, -33)
[12:35:03] [INFO] [orbit.hooks.hotkey] Hotkey triggered globally at (38, 0)
[12:35:03] [INFO] [orbit.services.profile] Matched profile 'Web Browser' for app 'brave.exe'
[12:35:03] [INFO] [orbit] Hotkey triggered at (175, 175) for active app 'brave.exe' using profile 'Web Browser'
[12:35:03] [INFO] [orbit.ui.radial_view] Center Genel Menü clicked -> Opening General Profile
[12:35:04] [INFO] [orbit.ui.radial_view] Opening sub-ring 'Pano Geçmişi'
[12:35:07] [INFO] [orbit] Executing selected slice action: Bekliyor
[12:35:07] [INFO] [orbit.services.action] Executing action 'Bekliyor' (ID: act_clip_0)
[12:35:07] [INFO] [orbit.actions.clipboard] ClipboardAction successfully pasted (8 chars): 'Bekliyor...'
[12:35:53] [INFO] [orbit.hooks.hotkey] Screen Corner Hotspot triggered at (5, -3)
[12:35:53] [INFO] [orbit.hooks.hotkey] Hotkey triggered globally at (21, 0)
[12:35:53] [INFO] [orbit] Hotkey triggered at (175, 175) for active app 'antigravity ide.exe' using profile 'Varsayılan'
[12:35:58] [INFO] [orbit.ui.overlay] OverlayWindow lost focus -> requesting dismiss
[12:37:08] [INFO] [orbit] Initializing Orbit Radial Menu Application...
[12:37:08] [INFO] [orbit.platform.windows] Initialized WindowsPlatform
[12:37:08] [INFO] [orbit.services.profile] Loaded profile: Web Browser (8 items)
[12:37:08] [INFO] [orbit.services.profile] Loaded profile: Varsayılan (6 items)
[12:37:08] [INFO] [orbit.services.profile] Loaded profile: Excel (8 items)
[12:37:08] [INFO] [orbit.services.profile] Loaded profile: PowerPoint (8 items)
[12:37:08] [INFO] [orbit.services.profile] Loaded profile: Varsayılan (6 items)
[12:37:08] [INFO] [orbit.services.profile] Loaded profile: VS Code (8 items)
[12:37:08] [INFO] [orbit.services.profile] Loaded profile: Word (8 items)
[12:37:08] [INFO] [orbit.services.profile] Active profile set to 'Varsayılan'
[12:37:08] [INFO] [orbit.services.plugin] Registered plugin 'Launcher Plugin' (v1.0.0)
[12:37:08] [INFO] [orbit.services.plugin] Registered plugin 'Media Control Plugin' (v1.0.0)
[12:37:08] [INFO] [orbit.services.plugin] Registered plugin 'Shell Command Plugin' (v1.0.0)
[12:37:08] [INFO] [orbit.hooks.hotkey] Global input listeners started (Primary: 'ctrl+space', Secondary: 'button4', Hold: False@1.0s).
[12:37:08] [INFO] [orbit.ui.system_tray] System Tray initialized.
[12:37:08] [INFO] [orbit] Orbit application running in system tray. Press Mouse 4 or Ctrl+Space to activate radial menu.
[12:37:09] [INFO] [orbit.hooks.hotkey] Hotkey triggered globally at (1663, 527)
[12:37:09] [INFO] [orbit] Hotkey triggered at (1330, 422) for active app 'antigravity ide.exe' using profile 'Varsayılan'
[12:37:09] [INFO] [orbit.hooks.hotkey] Mouse gesture swipe detected: DOWN (dist: 48.5px)
[12:37:09] [INFO] [orbit] Mouse gesture swipe detected in main: DOWN
[12:37:09] [INFO] [orbit.ui.overlay] OverlayWindow lost focus -> requesting dismiss
[12:37:09] [INFO] [orbit.services.action] Executing action 'Pencereyi Küçült' (ID: g_down)
[12:37:09] [INFO] [orbit.actions.window_control] Executing WindowControlAction 'minimize'
[12:37:09] [INFO] [orbit.actions.shortcut] Simulated shortcut: cmd+down
[12:37:10] [INFO] [orbit.hooks.hotkey] Hotkey triggered globally at (1722, 788)
[12:37:10] [INFO] [orbit] Hotkey triggered at (1378, 630) for active app 'antigravity ide.exe' using profile 'Varsayılan'
[12:37:10] [INFO] [orbit.hooks.hotkey] Mouse gesture swipe detected: UP (dist: 47.4px)
[12:37:10] [INFO] [orbit] Mouse gesture swipe detected in main: UP
[12:37:10] [INFO] [orbit.services.action] Executing action 'Büyüt / Ekranı Kapla' (ID: g_up)
[12:37:10] [INFO] [orbit.actions.window_control] Executing WindowControlAction 'maximize'
[12:37:10] [INFO] [orbit.actions.shortcut] Simulated shortcut: cmd+up
[12:37:12] [INFO] [orbit.hooks.hotkey] Hotkey triggered globally at (1632, 445)
[12:37:12] [INFO] [orbit] Hotkey triggered at (1306, 356) for active app 'antigravity ide.exe' using profile 'Varsayılan'
[12:37:12] [INFO] [orbit.hooks.hotkey] Mouse gesture swipe detected: LEFT (dist: 46.0px)
[12:37:12] [INFO] [orbit] Mouse gesture swipe detected in main: LEFT
[12:37:12] [INFO] [orbit.services.action] Executing action 'Sola Yasla' (ID: g_left)
[12:37:12] [INFO] [orbit.actions.window_control] Executing WindowControlAction 'snap_left'
[12:37:12] [INFO] [orbit.actions.shortcut] Simulated shortcut: cmd+left
[12:37:13] [INFO] [orbit.hooks.hotkey] Hotkey triggered globally at (1056, 485)
[12:37:13] [INFO] [orbit] Hotkey triggered at (847, 387) for active app 'explorer.exe' using profile 'Varsayılan'
[12:37:13] [INFO] [orbit.ui.overlay] OverlayWindow lost focus -> requesting dismiss
[12:37:15] [INFO] [orbit.hooks.hotkey] Hotkey triggered globally at (912, 665)
[12:37:15] [INFO] [orbit.services.profile] Matched profile 'Web Browser' for app 'brave.exe'
[12:37:15] [INFO] [orbit] Hotkey triggered at (730, 532) for active app 'brave.exe' using profile 'Web Browser'
[12:37:15] [INFO] [orbit.hooks.hotkey] Mouse gesture swipe detected: UP (dist: 50.0px)
[12:37:15] [INFO] [orbit] Mouse gesture swipe detected in main: UP
[12:37:15] [INFO] [orbit.services.action] Executing action 'Büyüt / Ekranı Kapla' (ID: g_up)
[12:37:15] [INFO] [orbit.actions.window_control] Executing WindowControlAction 'maximize'
[12:37:15] [INFO] [orbit.actions.shortcut] Simulated shortcut: cmd+up
[12:37:16] [INFO] [orbit.hooks.hotkey] Hotkey triggered globally at (883, 571)
[12:37:16] [INFO] [orbit] Hotkey triggered at (706, 457) for active app 'explorer.exe' using profile 'Varsayılan'
[12:37:16] [INFO] [orbit.hooks.hotkey] Mouse gesture swipe detected: UP (dist: 81.8px)
[12:37:16] [INFO] [orbit] Mouse gesture swipe detected in main: UP
[12:37:16] [INFO] [orbit.services.action] Executing action 'Büyüt / Ekranı Kapla' (ID: g_up)
[12:37:16] [INFO] [orbit.actions.window_control] Executing WindowControlAction 'maximize'
[12:37:16] [INFO] [orbit.actions.shortcut] Simulated shortcut: cmd+up
[12:37:29] [INFO] [orbit.hooks.hotkey] Hotkey triggered globally at (1262, 475)
[12:37:29] [INFO] [orbit.services.profile] Matched profile 'Web Browser' for app 'brave.exe'
[12:37:29] [INFO] [orbit] Hotkey triggered at (1010, 380) for active app 'brave.exe' using profile 'Web Browser'
[12:37:29] [INFO] [orbit.hooks.hotkey] Mouse gesture swipe detected: UP (dist: 45.3px)
[12:37:29] [INFO] [orbit] Mouse gesture swipe detected in main: UP
[12:37:29] [INFO] [orbit.services.action] Executing action 'Büyüt / Ekranı Kapla' (ID: g_up)
[12:37:29] [INFO] [orbit.actions.window_control] Executing WindowControlAction 'maximize'
[12:37:29] [INFO] [orbit.actions.shortcut] Simulated shortcut: cmd+up
[12:37:30] [INFO] [orbit.hooks.hotkey] Hotkey triggered globally at (1182, 466)
[12:37:30] [INFO] [orbit] Hotkey triggered at (946, 373) for active app '' using profile 'Varsayılan'
[12:37:30] [INFO] [orbit.ui.overlay] OverlayWindow lost focus -> requesting dismiss
[12:37:32] [INFO] [orbit.hooks.hotkey] Hotkey triggered globally at (1328, 449)
[12:37:32] [INFO] [orbit.services.profile] Matched profile 'Web Browser' for app 'brave.exe'
[12:37:32] [INFO] [orbit] Hotkey triggered at (1062, 359) for active app 'brave.exe' using profile 'Web Browser'
[12:37:32] [INFO] [orbit.hooks.hotkey] Mouse gesture swipe detected: UP (dist: 45.4px)
[12:37:32] [INFO] [orbit] Mouse gesture swipe detected in main: UP
[12:37:32] [INFO] [orbit.services.action] Executing action 'Büyüt / Ekranı Kapla' (ID: g_up)
[12:37:32] [INFO] [orbit.actions.window_control] Executing WindowControlAction 'maximize'
[12:37:32] [INFO] [orbit.actions.shortcut] Simulated shortcut: cmd+up
[12:37:33] [INFO] [orbit.hooks.hotkey] Hotkey triggered globally at (1347, 5)
[12:37:33] [INFO] [orbit.services.profile] Matched profile 'Web Browser' for app 'brave.exe'
[12:37:33] [INFO] [orbit] Hotkey triggered at (1078, 175) for active app 'brave.exe' using profile 'Web Browser'
[12:37:33] [INFO] [orbit.hooks.hotkey] Mouse gesture swipe detected: DOWN (dist: 51.0px)
[12:37:33] [INFO] [orbit] Mouse gesture swipe detected in main: DOWN
[12:37:33] [INFO] [orbit.services.action] Executing action 'Pencereyi Küçült' (ID: g_down)
[12:37:33] [INFO] [orbit.actions.window_control] Executing WindowControlAction 'minimize'
[12:37:33] [INFO] [orbit.actions.shortcut] Simulated shortcut: cmd+down
[12:37:35] [INFO] [orbit.hooks.hotkey] Hotkey triggered globally at (939, 579)
[12:37:35] [INFO] [orbit.services.profile] Matched profile 'Web Browser' for app 'brave.exe'
[12:37:35] [INFO] [orbit] Hotkey triggered at (751, 463) for active app 'brave.exe' using profile 'Web Browser'
[12:37:35] [INFO] [orbit.hooks.hotkey] Mouse gesture swipe detected: RIGHT (dist: 46.6px)
[12:37:35] [INFO] [orbit] Mouse gesture swipe detected in main: RIGHT
[12:37:35] [INFO] [orbit.services.action] Executing action 'Sağa Yasla' (ID: g_right)
[12:37:35] [INFO] [orbit.actions.window_control] Executing WindowControlAction 'snap_right'
[12:37:35] [INFO] [orbit.actions.shortcut] Simulated shortcut: cmd+right
[12:37:36] [INFO] [orbit.hooks.hotkey] Hotkey triggered globally at (1728, 445)
[12:37:36] [INFO] [orbit] Hotkey triggered at (1382, 356) for active app '' using profile 'Varsayılan'
[12:37:36] [INFO] [orbit.hooks.hotkey] Mouse gesture swipe detected: LEFT (dist: 46.2px)
[12:37:36] [INFO] [orbit] Mouse gesture swipe detected in main: LEFT
[12:37:36] [INFO] [orbit.ui.overlay] OverlayWindow lost focus -> requesting dismiss
[12:37:36] [INFO] [orbit.services.action] Executing action 'Sola Yasla' (ID: g_left)
[12:37:36] [INFO] [orbit.actions.window_control] Executing WindowControlAction 'snap_left'
[12:37:36] [INFO] [orbit.actions.shortcut] Simulated shortcut: cmd+left
[12:39:23] [INFO] [orbit.hooks.hotkey] Hotkey triggered globally at (1227, 677)
[12:39:23] [INFO] [orbit] Hotkey triggered at (982, 542) for active app 'antigravity ide.exe' using profile 'Varsayılan'
[12:39:23] [INFO] [orbit] Hotkey released after 0.12s
[12:39:23] [INFO] [orbit] Keeping radial menu open until click or dismiss.
[12:39:25] [INFO] [orbit.ui.radial_view] Opening sub-ring 'Pencere Yönetimi'
[12:39:27] [INFO] [orbit] Executing selected slice action: Görev Görünümü
[12:39:27] [INFO] [orbit.services.action] Executing action 'Görev Görünümü' (ID: wa5)
[12:39:27] [INFO] [orbit.actions.window_control] Executing WindowControlAction 'task_view'
[12:39:27] [INFO] [orbit.actions.shortcut] Simulated shortcut: cmd+tab
[12:40:59] [INFO] [orbit] Initializing Orbit Radial Menu Application...
[12:40:59] [INFO] [orbit.platform.windows] Initialized WindowsPlatform
[12:40:59] [INFO] [orbit.services.profile] Loaded profile: Web Browser (8 items)
[12:40:59] [INFO] [orbit.services.profile] Loaded profile: Varsayılan (6 items)
[12:40:59] [INFO] [orbit.services.profile] Loaded profile: Excel (8 items)
[12:40:59] [INFO] [orbit.services.profile] Loaded profile: PowerPoint (8 items)
[12:40:59] [INFO] [orbit.services.profile] Loaded profile: Varsayılan (6 items)
[12:40:59] [INFO] [orbit.services.profile] Loaded profile: VS Code (8 items)
[12:40:59] [INFO] [orbit.services.profile] Loaded profile: Word (8 items)
[12:40:59] [INFO] [orbit.services.profile] Active profile set to 'Varsayılan'
[12:40:59] [INFO] [orbit.services.plugin] Registered plugin 'Launcher Plugin' (v1.0.0)
[12:40:59] [INFO] [orbit.services.plugin] Registered plugin 'Media Control Plugin' (v1.0.0)
[12:40:59] [INFO] [orbit.services.plugin] Registered plugin 'Shell Command Plugin' (v1.0.0)
[12:41:00] [INFO] [orbit.hooks.hotkey] Global input listeners started (Primary: 'ctrl+space', Secondary: 'button4', Hold: False@1.0s).
[12:41:00] [INFO] [orbit.ui.system_tray] System Tray initialized.
[12:41:00] [INFO] [orbit] Orbit application running in system tray. Press Mouse 4 or Ctrl+Space to activate radial menu.
[12:41:01] [INFO] [orbit.hooks.hotkey] Hotkey triggered globally at (1670, 525)
[12:41:01] [INFO] [orbit] Hotkey triggered at (1336, 420) for active app 'antigravity ide.exe' using profile 'Varsayılan'
[12:41:02] [INFO] [orbit] Hotkey released after 0.16s
[12:41:02] [INFO] [orbit] Keeping radial menu open until click or dismiss.
[12:41:02] [INFO] [orbit.ui.radial_view] Opening sub-ring 'Pencere Yönetimi'
[12:41:04] [INFO] [orbit.ui.radial_view] Opening sub-ring 'Açık Pencereler'
[12:41:09] [INFO] [orbit] Executing selected slice action: Ayarlar
[12:41:09] [INFO] [orbit.services.action] Executing action 'Ayarlar' (ID: act_win_switch_4)
[12:41:09] [INFO] [orbit.actions.window_switch] Switching focus to window: 'Ayarlar' (hwnd=393936)
[12:41:09] [INFO] [orbit.services.active_window] Successfully activated window handle: 393936
[12:41:11] [INFO] [orbit.hooks.hotkey] Hotkey triggered globally at (1414, 476)
[12:41:11] [INFO] [orbit] Hotkey triggered at (1131, 381) for active app 'antigravity ide.exe' using profile 'Varsayılan'
[12:41:11] [INFO] [orbit] Hotkey released after 0.14s
[12:41:11] [INFO] [orbit] Keeping radial menu open until click or dismiss.
[12:41:11] [INFO] [orbit.ui.radial_view] Opening sub-ring 'Pencere Yönetimi'
[12:41:13] [INFO] [orbit.ui.radial_view] Opening sub-ring 'Açık Pencereler'
[12:41:14] [INFO] [orbit] Executing selected slice action: bilgiislem.manis...
[12:41:14] [INFO] [orbit.services.action] Executing action 'bilgiislem.manis...' (ID: act_win_switch_1)
[12:41:14] [INFO] [orbit.actions.window_switch] Switching focus to window: 'bilgiislem.manis...' (hwnd=197080)
[12:41:14] [INFO] [orbit.services.active_window] Successfully activated window handle: 197080
[12:41:15] [INFO] [orbit.hooks.hotkey] Hotkey triggered globally at (1214, 272)
[12:41:15] [INFO] [orbit.services.profile] Matched profile 'Web Browser' for app 'brave.exe'
[12:41:15] [INFO] [orbit] Hotkey triggered at (971, 218) for active app 'brave.exe' using profile 'Web Browser'
[12:41:15] [INFO] [orbit] Hotkey released after 0.16s
[12:41:15] [INFO] [orbit] Keeping radial menu open until click or dismiss.
[12:41:18] [INFO] [orbit] Executing selected slice action: Yenile
[12:41:18] [INFO] [orbit.services.action] Executing action 'Yenile' (ID: ba3)
[12:41:18] [INFO] [orbit.actions.shortcut] Simulated shortcut: f5
[12:41:19] [INFO] [orbit.hooks.hotkey] Hotkey triggered globally at (1316, 354)
[12:41:19] [INFO] [orbit.services.profile] Matched profile 'Web Browser' for app 'brave.exe'
[12:41:19] [INFO] [orbit] Hotkey triggered at (1053, 283) for active app 'brave.exe' using profile 'Web Browser'
[12:41:19] [INFO] [orbit] Hotkey released after 0.19s
[12:41:19] [INFO] [orbit] Keeping radial menu open until click or dismiss.
[12:41:21] [INFO] [orbit] Executing selected slice action: Sonraki Sekme
[12:41:21] [INFO] [orbit.services.action] Executing action 'Sonraki Sekme' (ID: ba5)
[12:41:21] [INFO] [orbit.actions.shortcut] Simulated shortcut: ctrl+tab
[12:41:21] [INFO] [orbit.hooks.hotkey] Hotkey triggered globally at (1250, 469)
[12:41:21] [INFO] [orbit.services.profile] Matched profile 'Web Browser' for app 'brave.exe'
[12:41:21] [INFO] [orbit] Hotkey triggered at (1000, 375) for active app 'brave.exe' using profile 'Web Browser'
[12:41:22] [INFO] [orbit] Hotkey released after 0.13s
[12:41:22] [INFO] [orbit] Keeping radial menu open until click or dismiss.
[12:41:22] [INFO] [orbit] Executing selected slice action: Önceki Sekme
[12:41:22] [INFO] [orbit.services.action] Executing action 'Önceki Sekme' (ID: ba6)
[12:41:22] [INFO] [orbit.actions.shortcut] Simulated shortcut: ctrl+shift+tab
[12:41:23] [INFO] [orbit.hooks.hotkey] Hotkey triggered globally at (1422, 356)
[12:41:23] [INFO] [orbit.services.profile] Matched profile 'Web Browser' for app 'brave.exe'
[12:41:23] [INFO] [orbit] Hotkey triggered at (1138, 285) for active app 'brave.exe' using profile 'Web Browser'
[12:41:23] [INFO] [orbit] Hotkey released after 0.14s
[12:41:23] [INFO] [orbit] Keeping radial menu open until click or dismiss.
[12:41:23] [INFO] [orbit.ui.radial_view] Center Genel Menü clicked -> Opening General Profile
[12:41:25] [INFO] [orbit.ui.radial_view] Opening sub-ring 'Pencere Yönetimi'
[12:41:26] [INFO] [orbit.ui.radial_view] Opening sub-ring 'Açık Pencereler'
[12:41:31] [INFO] [orbit] Executing selected slice action: Windows Giriş De...
[12:41:31] [INFO] [orbit.services.action] Executing action 'Windows Giriş De...' (ID: act_win_switch_3)
[12:41:31] [INFO] [orbit.actions.window_switch] Switching focus to window: 'Windows Giriş De...' (hwnd=132280)
[12:41:31] [INFO] [orbit.services.active_window] Successfully activated window handle: 132280
[12:41:33] [INFO] [orbit.hooks.hotkey] Hotkey triggered globally at (1321, 442)
[12:41:33] [INFO] [orbit] Hotkey triggered at (1057, 354) for active app '' using profile 'Varsayılan'
[12:41:33] [INFO] [orbit.ui.overlay] OverlayWindow lost focus -> requesting dismiss
[12:41:33] [INFO] [orbit.hooks.hotkey] Hotkey triggered globally at (1351, 374)
[12:41:33] [INFO] [orbit.services.profile] Matched profile 'Web Browser' for app 'brave.exe'
[12:41:33] [INFO] [orbit] Hotkey triggered at (1081, 299) for active app 'brave.exe' using profile 'Web Browser'
[12:41:33] [INFO] [orbit] Hotkey released after 0.12s
[12:41:33] [INFO] [orbit] Keeping radial menu open until click or dismiss.
[12:41:34] [INFO] [orbit.ui.radial_view] Center Genel Menü clicked -> Opening General Profile
[12:41:35] [INFO] [orbit.ui.radial_view] Opening sub-ring 'Pencere Yönetimi'
[12:41:36] [INFO] [orbit.ui.radial_view] Opening sub-ring 'Açık Pencereler'
[12:41:38] [INFO] [orbit] Executing selected slice action: orbit - Antigrav...
[12:41:38] [INFO] [orbit.services.action] Executing action 'orbit - Antigrav...' (ID: act_win_switch_2)
[12:41:38] [INFO] [orbit.actions.window_switch] Switching focus to window: 'orbit - Antigrav...' (hwnd=657300)
[12:41:38] [INFO] [orbit.services.active_window] Successfully activated window handle: 657300
[12:41:49] [INFO] [orbit.hooks.hotkey] Hotkey triggered globally at (1267, 519)
[12:41:49] [INFO] [orbit] Hotkey triggered at (1014, 415) for active app 'antigravity ide.exe' using profile 'Varsayılan'
[12:41:49] [INFO] [orbit] Hotkey released after 0.14s
[12:41:49] [INFO] [orbit] Keeping radial menu open until click or dismiss.
[12:41:50] [INFO] [orbit.ui.radial_view] Opening sub-ring 'Pencere Yönetimi'
[12:41:52] [INFO] [orbit] Executing selected slice action: Görev Görünümü
[12:41:52] [INFO] [orbit.services.action] Executing action 'Görev Görünümü' (ID: wa5)
[12:41:52] [INFO] [orbit.actions.window_control] Executing WindowControlAction 'task_view'
[12:41:52] [INFO] [orbit.actions.shortcut] Simulated shortcut: cmd+tab
[12:41:55] [INFO] [orbit.hooks.hotkey] Hotkey triggered globally at (1387, 428)
[12:41:55] [INFO] [orbit] Hotkey triggered at (1110, 342) for active app 'antigravity ide.exe' using profile 'Varsayılan'
[12:41:55] [INFO] [orbit] Hotkey released after 0.14s
[12:41:55] [INFO] [orbit] Keeping radial menu open until click or dismiss.
[12:41:57] [INFO] [orbit.ui.overlay] OverlayWindow lost focus -> requesting dismiss
[12:42:04] [INFO] [orbit.hooks.hotkey] Hotkey triggered globally at (1380, 450)
[12:42:04] [INFO] [orbit] Hotkey triggered at (1104, 360) for active app 'antigravity ide.exe' using profile 'Varsayılan'
[12:42:04] [INFO] [orbit] Hotkey released after 0.12s
[12:42:04] [INFO] [orbit] Keeping radial menu open until click or dismiss.
[12:42:05] [INFO] [orbit.ui.radial_view] Opening sub-ring 'Pencere Yönetimi'
[12:42:12] [INFO] [orbit.ui.overlay] OverlayWindow lost focus -> requesting dismiss
[12:43:51] [INFO] [orbit] Initializing Orbit Radial Menu Application...
[12:43:51] [INFO] [orbit.platform.windows] Initialized WindowsPlatform
[12:43:51] [INFO] [orbit.services.profile] Loaded profile: Web Browser (8 items)
[12:43:51] [INFO] [orbit.services.profile] Loaded profile: Varsayılan (6 items)
[12:43:51] [INFO] [orbit.services.profile] Loaded profile: Excel (8 items)
[12:43:51] [INFO] [orbit.services.profile] Loaded profile: PowerPoint (8 items)
[12:43:51] [INFO] [orbit.services.profile] Loaded profile: Varsayılan (6 items)
[12:43:51] [INFO] [orbit.services.profile] Loaded profile: VS Code (8 items)
[12:43:51] [INFO] [orbit.services.profile] Loaded profile: Word (8 items)
[12:43:51] [INFO] [orbit.services.profile] Active profile set to 'Varsayılan'
[12:43:51] [INFO] [orbit.services.plugin] Registered plugin 'Launcher Plugin' (v1.0.0)
[12:43:51] [INFO] [orbit.services.plugin] Registered plugin 'Media Control Plugin' (v1.0.0)
[12:43:51] [INFO] [orbit.services.plugin] Registered plugin 'Shell Command Plugin' (v1.0.0)
[12:43:51] [INFO] [orbit.hooks.hotkey] Global input listeners started (Primary: 'ctrl+space', Secondary: 'button4', Hold: False@1.0s).
[12:43:51] [INFO] [orbit.ui.system_tray] System Tray initialized.
[12:43:51] [INFO] [orbit] Orbit application running in system tray. Press Mouse 4 or Ctrl+Space to activate radial menu.
[12:43:52] [INFO] [orbit.hooks.hotkey] Hotkey triggered globally at (1271, 477)
[12:43:52] [INFO] [orbit] Hotkey triggered at (1017, 382) for active app 'antigravity ide.exe' using profile 'Varsayılan'
[12:43:52] [INFO] [orbit] Hotkey released after 0.12s
[12:43:52] [INFO] [orbit] Keeping radial menu open until click or dismiss.
[12:43:53] [INFO] [orbit.ui.radial_view] Opening sub-ring 'Pencere Yönetimi'
[12:43:56] [INFO] [orbit.ui.radial_view] Opening sub-ring 'Açık Pencereler'
[12:43:57] [INFO] [orbit.ui.radial_view] Center Back clicked -> Returning to parent ring
[12:43:59] [INFO] [orbit] Executing selected slice action: Hızlı Alt-Tab
[12:43:59] [INFO] [orbit.services.action] Executing action 'Hızlı Alt-Tab' (ID: wa1_alt_tab)
[12:43:59] [INFO] [orbit.actions.shortcut] Simulated shortcut: alt+tab
[12:44:02] [INFO] [orbit.hooks.hotkey] Hotkey triggered globally at (1251, 1219)
[12:44:02] [INFO] [orbit] Hotkey triggered at (1001, 975) for active app 'antigravity ide.exe' using profile 'Varsayılan'
[12:44:02] [INFO] [orbit] Hotkey released after 0.19s
[12:44:02] [INFO] [orbit] Keeping radial menu open until click or dismiss.
[12:44:04] [INFO] [orbit.ui.radial_view] Opening sub-ring 'Pencere Yönetimi'
[12:44:06] [INFO] [orbit.ui.radial_view] Opening sub-ring 'Açık Pencereler'
[12:44:06] [INFO] [orbit.ui.radial_view] Center Back clicked -> Returning to parent ring
[12:44:07] [INFO] [orbit.ui.radial_view] Opening sub-ring 'Açık Pencereler'
[12:44:08] [INFO] [orbit.ui.radial_view] Center Back clicked -> Returning to parent ring
[12:44:10] [INFO] [orbit] Executing selected slice action: Görev Görünümü
[12:44:10] [INFO] [orbit.services.action] Executing action 'Görev Görünümü' (ID: wa2_task)
[12:44:10] [INFO] [orbit.actions.window_control] Executing WindowControlAction 'task_view'
[12:44:10] [INFO] [orbit.actions.shortcut] Simulated shortcut: cmd+tab
[12:44:40] [INFO] [orbit.hooks.hotkey] Hotkey triggered globally at (1149, 524)
[12:44:40] [INFO] [orbit] Hotkey triggered at (919, 419) for active app 'antigravity ide.exe' using profile 'Varsayılan'
[12:44:40] [INFO] [orbit] Hotkey released after 0.15s
[12:44:40] [INFO] [orbit] Keeping radial menu open until click or dismiss.
[12:44:41] [INFO] [orbit.ui.radial_view] Opening sub-ring 'Pencere Yönetimi'
[12:44:41] [INFO] [orbit] Executing selected slice action: Hızlı Alt-Tab
[12:44:41] [INFO] [orbit.services.action] Executing action 'Hızlı Alt-Tab' (ID: wa1_alt_tab)
[12:44:41] [INFO] [orbit.actions.shortcut] Simulated shortcut: alt+tab
[12:44:42] [INFO] [orbit.hooks.hotkey] Hotkey triggered globally at (1229, 438)
[12:44:42] [INFO] [orbit.services.profile] Matched profile 'Web Browser' for app 'brave.exe'
[12:44:42] [INFO] [orbit] Hotkey triggered at (983, 350) for active app 'brave.exe' using profile 'Web Browser'
[12:44:42] [INFO] [orbit] Hotkey released after 0.15s
[12:44:42] [INFO] [orbit] Keeping radial menu open until click or dismiss.
[12:44:43] [INFO] [orbit.ui.radial_view] Center Genel Menü clicked -> Opening General Profile
[12:44:45] [INFO] [orbit.ui.radial_view] Opening sub-ring 'Pencere Yönetimi'
[12:44:46] [INFO] [orbit] Executing selected slice action: Hızlı Alt-Tab
[12:44:46] [INFO] [orbit.services.action] Executing action 'Hızlı Alt-Tab' (ID: wa1_alt_tab)
[12:44:46] [INFO] [orbit.actions.shortcut] Simulated shortcut: alt+tab
[12:46:12] [INFO] [orbit.hooks.hotkey] Hotkey triggered globally at (1154, 607)
[12:46:12] [INFO] [orbit] Hotkey triggered at (923, 486) for active app 'antigravity ide.exe' using profile 'Varsayılan'
[12:46:12] [INFO] [orbit] Hotkey released after 0.13s
[12:46:12] [INFO] [orbit] Keeping radial menu open until click or dismiss.
[12:46:17] [INFO] [orbit.ui.radial_view] Opening sub-ring 'Sistem Araçları'
[12:46:29] [INFO] [orbit] Executing selected slice action: Görev Yöneticisi
[12:46:29] [INFO] [orbit.services.action] Executing action 'Görev Yöneticisi' (ID: ta2)
[12:46:29] [INFO] [orbit.actions.system_tool] Executing SystemToolAction 'task_manager'
[12:46:29] [INFO] [orbit.actions.shortcut] Simulated shortcut: ctrl+shift+esc
[12:47:38] [INFO] [orbit] Initializing Orbit Radial Menu Application...
[12:47:38] [INFO] [orbit.platform.windows] Initialized WindowsPlatform
[12:47:38] [INFO] [orbit.services.profile] Loaded profile: Web Browser (8 items)
[12:47:38] [INFO] [orbit.services.profile] Loaded profile: Varsayılan (7 items)
[12:47:38] [INFO] [orbit.services.profile] Loaded profile: Excel (8 items)
[12:47:38] [INFO] [orbit.services.profile] Loaded profile: PowerPoint (8 items)
[12:47:38] [INFO] [orbit.services.profile] Loaded profile: Varsayılan (7 items)
[12:47:38] [INFO] [orbit.services.profile] Loaded profile: VS Code (8 items)
[12:47:38] [INFO] [orbit.services.profile] Loaded profile: Word (8 items)
[12:47:38] [INFO] [orbit.services.profile] Active profile set to 'Varsayılan'
[12:47:38] [INFO] [orbit.services.plugin] Registered plugin 'Launcher Plugin' (v1.0.0)
[12:47:38] [INFO] [orbit.services.plugin] Registered plugin 'Media Control Plugin' (v1.0.0)
[12:47:38] [INFO] [orbit.services.plugin] Registered plugin 'Shell Command Plugin' (v1.0.0)
[12:47:38] [INFO] [orbit.hooks.hotkey] Global input listeners started (Primary: 'ctrl+space', Secondary: 'button4', Hold: False@1.0s).
[12:47:38] [INFO] [orbit.ui.system_tray] System Tray initialized.
[12:47:38] [INFO] [orbit] Orbit application running in system tray. Press Mouse 4 or Ctrl+Space to activate radial menu.
[12:47:39] [INFO] [orbit.hooks.hotkey] Hotkey triggered globally at (1328, 682)
[12:47:39] [INFO] [orbit] Hotkey triggered at (1062, 546) for active app 'antigravity ide.exe' using profile 'Varsayılan'
[12:47:40] [INFO] [orbit] Hotkey released after 0.10s
[12:47:40] [INFO] [orbit] Keeping radial menu open until click or dismiss.
[12:47:42] [INFO] [orbit.ui.radial_view] Opening sub-ring 'Akıllı Metin İşlemleri'
[12:47:44] [INFO] [orbit.ui.radial_view] Center Back clicked -> Returning to parent ring
[12:47:47] [INFO] [orbit.ui.radial_view] Opening sub-ring 'Pencere Yönetimi'
[12:47:48] [INFO] [orbit] Executing selected slice action: Alt-Tab Görünümü
[12:47:48] [INFO] [orbit.services.action] Executing action 'Alt-Tab Görünümü' (ID: wa1_alt_tab)
[12:47:48] [INFO] [orbit.actions.window_control] Executing WindowControlAction 'alt_tab'
[12:47:48] [INFO] [orbit.actions.shortcut] Simulated shortcut: ctrl+alt+tab
[12:47:49] [INFO] [orbit.hooks.hotkey] Hotkey triggered globally at (1369, 387)
[12:47:49] [INFO] [orbit] Hotkey triggered at (1095, 310) for active app 'explorer.exe' using profile 'Varsayılan'
[12:47:49] [INFO] [orbit] Hotkey released after 0.16s
[12:47:49] [INFO] [orbit] Keeping radial menu open until click or dismiss.
[12:47:50] [INFO] [orbit.ui.radial_view] Opening sub-ring 'Pencere Yönetimi'
[12:47:51] [INFO] [orbit] Executing selected slice action: Görev Görünümü
[12:47:51] [INFO] [orbit.services.action] Executing action 'Görev Görünümü' (ID: wa2_task)
[12:47:51] [INFO] [orbit.actions.window_control] Executing WindowControlAction 'task_view'
[12:47:51] [INFO] [orbit.actions.shortcut] Simulated shortcut: cmd+tab
[12:47:53] [INFO] [orbit.hooks.hotkey] Hotkey triggered globally at (1305, 507)
[12:47:53] [INFO] [orbit] Hotkey triggered at (1044, 406) for active app 'antigravity ide.exe' using profile 'Varsayılan'
[12:47:53] [INFO] [orbit] Hotkey released after 0.15s
[12:47:53] [INFO] [orbit] Keeping radial menu open until click or dismiss.
[12:47:56] [INFO] [orbit.ui.radial_view] Opening sub-ring 'Sistem Araçları'
[12:47:58] [INFO] [orbit.ui.radial_view] Center Back clicked -> Returning to parent ring
[12:48:37] [INFO] [orbit.hooks.hotkey] Hotkey triggered globally at (1310, 243)
[12:48:37] [INFO] [orbit.services.profile] Matched profile 'Web Browser' for app 'brave.exe'
[12:48:37] [INFO] [orbit] Hotkey triggered at (1048, 194) for active app 'brave.exe' using profile 'Web Browser'
[12:48:37] [INFO] [orbit] Hotkey released after 0.12s
[12:48:37] [INFO] [orbit] Keeping radial menu open until click or dismiss.
[12:48:38] [INFO] [orbit.ui.radial_view] Center Genel Menü clicked -> Opening General Profile
[12:48:40] [INFO] [orbit.ui.radial_view] Opening sub-ring 'Akıllı Metin İşlemleri'
[12:48:42] [INFO] [orbit] Executing selected slice action: Metni Temizle
[12:48:42] [INFO] [orbit.services.action] Executing action 'Metni Temizle' (ID: act_st_strip)
[12:48:42] [INFO] [orbit.actions.smart_text] Executing SmartTextAction with mode: 'strip'
[12:48:42] [INFO] [orbit.actions.smart_text] SmartTextAction 'strip' executed successfully (8 chars)
[12:48:42] [INFO] [orbit.services.clipboard] Clipboard captured: 'Bekliyor...'
[12:48:44] [INFO] [orbit.hooks.hotkey] Hotkey triggered globally at (668, 524)
[12:48:44] [INFO] [orbit.services.profile] Matched profile 'Web Browser' for app 'brave.exe'
[12:48:44] [INFO] [orbit] Hotkey triggered at (534, 419) for active app 'brave.exe' using profile 'Web Browser'
[12:48:45] [INFO] [orbit] Hotkey released after 0.12s
[12:48:45] [INFO] [orbit] Keeping radial menu open until click or dismiss.
[12:48:46] [INFO] [orbit.ui.radial_view] Center Genel Menü clicked -> Opening General Profile
[12:48:46] [INFO] [orbit.ui.radial_view] Opening sub-ring 'Akıllı Metin İşlemleri'
[12:48:47] [INFO] [orbit] Executing selected slice action: Metni Temizle
[12:48:47] [INFO] [orbit.services.action] Executing action 'Metni Temizle' (ID: act_st_strip)
[12:48:47] [INFO] [orbit.actions.smart_text] Executing SmartTextAction with mode: 'strip'
[12:48:47] [INFO] [orbit.actions.smart_text] SmartTextAction 'strip' executed successfully (8 chars)
[12:48:47] [INFO] [orbit.services.clipboard] Clipboard captured: 'hasan kır...'
[12:50:20] [INFO] [orbit.hooks.hotkey] Hotkey triggered globally at (1324, 704)
[12:50:20] [INFO] [orbit] Hotkey triggered at (1059, 563) for active app 'antigravity ide.exe' using profile 'Varsayılan'
[12:50:20] [INFO] [orbit] Hotkey released after 0.13s
[12:50:20] [INFO] [orbit] Keeping radial menu open until click or dismiss.
[12:50:21] [INFO] [orbit.ui.overlay] OverlayWindow lost focus -> requesting dismiss
[12:50:26] [INFO] [orbit] Initializing Orbit Radial Menu Application...
[12:50:26] [INFO] [orbit.platform.windows] Initialized WindowsPlatform
[12:50:26] [INFO] [orbit.services.profile] Loaded profile: Web Browser (8 items)
[12:50:26] [INFO] [orbit.services.profile] Loaded profile: Varsayılan (6 items)
[12:50:26] [INFO] [orbit.services.profile] Loaded profile: Excel (8 items)
[12:50:26] [INFO] [orbit.services.profile] Loaded profile: PowerPoint (8 items)
[12:50:26] [INFO] [orbit.services.profile] Loaded profile: Varsayılan (6 items)
[12:50:26] [INFO] [orbit.services.profile] Loaded profile: VS Code (8 items)
[12:50:26] [INFO] [orbit.services.profile] Loaded profile: Word (8 items)
[12:50:26] [INFO] [orbit.services.profile] Active profile set to 'Varsayılan'
[12:50:26] [INFO] [orbit.services.plugin] Registered plugin 'Launcher Plugin' (v1.0.0)
[12:50:26] [INFO] [orbit.services.plugin] Registered plugin 'Media Control Plugin' (v1.0.0)
[12:50:26] [INFO] [orbit.services.plugin] Registered plugin 'Shell Command Plugin' (v1.0.0)
[12:50:26] [INFO] [orbit.hooks.hotkey] Global input listeners started (Primary: 'ctrl+space', Secondary: 'button4', Hold: False@1.0s).
[12:50:26] [INFO] [orbit.ui.system_tray] System Tray initialized.
[12:50:26] [INFO] [orbit] Orbit application running in system tray. Press Mouse 4 or Ctrl+Space to activate radial menu.
[12:50:27] [INFO] [orbit.hooks.hotkey] Hotkey triggered globally at (1137, 1238)
[12:50:27] [INFO] [orbit] Hotkey triggered at (910, 976) for active app 'antigravity ide.exe' using profile 'Varsayılan'
[12:50:27] [INFO] [orbit] Hotkey released after 0.14s
[12:50:27] [INFO] [orbit] Keeping radial menu open until click or dismiss.
[12:50:30] [INFO] [orbit.ui.radial_view] Opening sub-ring 'Sistem Araçları'
[12:50:31] [INFO] [orbit.ui.radial_view] Center Back clicked -> Returning to parent ring
[12:50:33] [INFO] [orbit.ui.radial_view] Opening sub-ring 'Pencere Yönetimi'
[12:50:35] [INFO] [orbit.ui.radial_view] Center Back clicked -> Returning to parent ring
[12:50:37] [INFO] [orbit.ui.overlay] OverlayWindow lost focus -> requesting dismiss
[12:52:10] [INFO] [orbit.hooks.hotkey] Hotkey triggered globally at (1179, 1201)
[12:52:10] [INFO] [orbit] Hotkey triggered at (943, 961) for active app 'antigravity ide.exe' using profile 'Varsayılan'
[12:52:10] [INFO] [orbit] Hotkey released after 0.15s
[12:52:10] [INFO] [orbit] Keeping radial menu open until click or dismiss.
[12:52:11] [INFO] [orbit.ui.radial_view] Opening sub-ring 'Sistem Araçları'
[12:52:13] [INFO] [orbit.ui.radial_view] Center Back clicked -> Returning to parent ring
[12:54:16] [INFO] [orbit] Initializing Orbit Radial Menu Application...
[12:54:16] [INFO] [orbit.platform.windows] Initialized WindowsPlatform
[12:54:16] [INFO] [orbit.services.profile] Loaded profile: Web Browser (8 items)
[12:54:16] [INFO] [orbit.services.profile] Loaded profile: Varsayılan (6 items)
[12:54:16] [INFO] [orbit.services.profile] Loaded profile: Excel (8 items)
[12:54:16] [INFO] [orbit.services.profile] Loaded profile: PowerPoint (8 items)
[12:54:16] [INFO] [orbit.services.profile] Loaded profile: Varsayılan (6 items)
[12:54:16] [INFO] [orbit.services.profile] Loaded profile: VS Code (8 items)
[12:54:16] [INFO] [orbit.services.profile] Loaded profile: Word (8 items)
[12:54:16] [INFO] [orbit.services.profile] Active profile set to 'Varsayılan'
[12:54:16] [INFO] [orbit.services.plugin] Registered plugin 'Launcher Plugin' (v1.0.0)
[12:54:16] [INFO] [orbit.services.plugin] Registered plugin 'Media Control Plugin' (v1.0.0)
[12:54:16] [INFO] [orbit.services.plugin] Registered plugin 'Shell Command Plugin' (v1.0.0)
[12:54:16] [INFO] [orbit.hooks.hotkey] Global input listeners started (Primary: 'ctrl+space', Secondary: 'button4', Hold: False@1.0s).
[12:54:16] [INFO] [orbit.ui.system_tray] System Tray initialized.
[12:54:16] [INFO] [orbit] Orbit application running in system tray. Press Mouse 4 or Ctrl+Space to activate radial menu.
[12:54:26] [INFO] [orbit.hooks.hotkey] Hotkey triggered globally at (1213, 585)
[12:54:26] [INFO] [orbit] Hotkey triggered at (970, 468) for active app 'antigravity ide.exe' using profile 'Varsayılan'
[12:54:26] [INFO] [orbit] Hotkey released after 0.14s
[12:54:26] [INFO] [orbit] Keeping radial menu open until click or dismiss.
[12:54:28] [INFO] [orbit.ui.radial_view] Opening sub-ring 'Medya & Ses'
[12:54:30] [INFO] [orbit.actions.wheel] WheelAction 'Tekerlek Ses Modu' scrolled UP (mode=volume)
[12:54:30] [INFO] [orbit.actions.wheel] WheelAction 'Tekerlek Ses Modu' scrolled UP (mode=volume)
[12:54:30] [INFO] [orbit.actions.wheel] WheelAction 'Tekerlek Ses Modu' scrolled UP (mode=volume)
[12:54:30] [INFO] [orbit.actions.wheel] WheelAction 'Tekerlek Ses Modu' scrolled UP (mode=volume)
[12:54:30] [INFO] [orbit.actions.wheel] WheelAction 'Tekerlek Ses Modu' scrolled DOWN (mode=volume)
[12:54:30] [INFO] [orbit.actions.wheel] WheelAction 'Tekerlek Ses Modu' scrolled DOWN (mode=volume)
[12:54:30] [INFO] [orbit.actions.wheel] WheelAction 'Tekerlek Ses Modu' scrolled DOWN (mode=volume)
[12:54:30] [INFO] [orbit.actions.wheel] WheelAction 'Tekerlek Ses Modu' scrolled DOWN (mode=volume)
[12:54:30] [INFO] [orbit.actions.wheel] WheelAction 'Tekerlek Ses Modu' scrolled UP (mode=volume)
[12:54:30] [INFO] [orbit.actions.wheel] WheelAction 'Tekerlek Ses Modu' scrolled UP (mode=volume)
[12:54:30] [INFO] [orbit.actions.wheel] WheelAction 'Tekerlek Ses Modu' scrolled UP (mode=volume)
[12:54:30] [INFO] [orbit.actions.wheel] WheelAction 'Tekerlek Ses Modu' scrolled UP (mode=volume)
[12:54:30] [INFO] [orbit.actions.wheel] WheelAction 'Tekerlek Ses Modu' scrolled UP (mode=volume)
[12:54:30] [INFO] [orbit.actions.wheel] WheelAction 'Tekerlek Ses Modu' scrolled DOWN (mode=volume)
[12:54:30] [INFO] [orbit.actions.wheel] WheelAction 'Tekerlek Ses Modu' scrolled DOWN (mode=volume)
[12:54:30] [INFO] [orbit.actions.wheel] WheelAction 'Tekerlek Ses Modu' scrolled DOWN (mode=volume)
[12:54:30] [INFO] [orbit.actions.wheel] WheelAction 'Tekerlek Ses Modu' scrolled DOWN (mode=volume)
[12:54:30] [INFO] [orbit.actions.wheel] WheelAction 'Tekerlek Ses Modu' scrolled UP (mode=volume)
[12:54:30] [INFO] [orbit.actions.wheel] WheelAction 'Tekerlek Ses Modu' scrolled UP (mode=volume)
[12:54:30] [INFO] [orbit.actions.wheel] WheelAction 'Tekerlek Ses Modu' scrolled UP (mode=volume)
[12:54:30] [INFO] [orbit.actions.wheel] WheelAction 'Tekerlek Ses Modu' scrolled UP (mode=volume)
[12:54:30] [INFO] [orbit.actions.wheel] WheelAction 'Tekerlek Ses Modu' scrolled DOWN (mode=volume)
[12:54:30] [INFO] [orbit.actions.wheel] WheelAction 'Tekerlek Ses Modu' scrolled DOWN (mode=volume)
[12:54:31] [INFO] [orbit.actions.wheel] WheelAction 'Tekerlek Ses Modu' scrolled DOWN (mode=volume)
[12:54:31] [INFO] [orbit.actions.wheel] WheelAction 'Tekerlek Ses Modu' scrolled DOWN (mode=volume)
[12:54:32] [INFO] [orbit.actions.wheel] WheelAction 'Tekerlek Ses Modu' scrolled UP (mode=volume)
[12:54:32] [INFO] [orbit.actions.wheel] WheelAction 'Tekerlek Ses Modu' scrolled UP (mode=volume)
[12:54:32] [INFO] [orbit.actions.wheel] WheelAction 'Tekerlek Ses Modu' scrolled UP (mode=volume)
[12:54:32] [INFO] [orbit.actions.wheel] WheelAction 'Tekerlek Ses Modu' scrolled UP (mode=volume)
[12:54:32] [INFO] [orbit.actions.wheel] WheelAction 'Tekerlek Ses Modu' scrolled UP (mode=volume)
[12:54:32] [INFO] [orbit.actions.wheel] WheelAction 'Tekerlek Ses Modu' scrolled DOWN (mode=volume)
[12:54:32] [INFO] [orbit.actions.wheel] WheelAction 'Tekerlek Ses Modu' scrolled DOWN (mode=volume)
[12:54:32] [INFO] [orbit.actions.wheel] WheelAction 'Tekerlek Ses Modu' scrolled DOWN (mode=volume)
[12:54:32] [INFO] [orbit.actions.wheel] WheelAction 'Tekerlek Ses Modu' scrolled DOWN (mode=volume)
[12:54:32] [INFO] [orbit.actions.wheel] WheelAction 'Tekerlek Ses Modu' scrolled DOWN (mode=volume)
[12:54:32] [INFO] [orbit.actions.wheel] WheelAction 'Tekerlek Ses Modu' scrolled DOWN (mode=volume)
[12:54:32] [INFO] [orbit.actions.wheel] WheelAction 'Tekerlek Ses Modu' scrolled DOWN (mode=volume)
[12:54:32] [INFO] [orbit.actions.wheel] WheelAction 'Tekerlek Ses Modu' scrolled DOWN (mode=volume)
[12:54:32] [INFO] [orbit.actions.wheel] WheelAction 'Tekerlek Ses Modu' scrolled DOWN (mode=volume)
[12:54:32] [INFO] [orbit.actions.wheel] WheelAction 'Tekerlek Ses Modu' scrolled DOWN (mode=volume)
[12:54:34] [INFO] [orbit.ui.radial_view] Center Back clicked -> Returning to parent ring
[12:54:35] [INFO] [orbit.ui.radial_view] Opening sub-ring 'Pencere Yönetimi'
[12:54:37] [INFO] [orbit.ui.radial_view] Center Back clicked -> Returning to parent ring
[12:54:38] [INFO] [orbit.ui.radial_view] Opening sub-ring 'Sistem Araçları'
[12:54:40] [INFO] [orbit] Executing selected slice action: Pano Geçmişi
[12:54:40] [INFO] [orbit.services.action] Executing action 'Pano Geçmişi' (ID: ta1_clip)
[12:54:40] [INFO] [orbit.actions.shortcut] Simulated shortcut: cmd+v
[12:54:49] [INFO] [orbit.hooks.hotkey] Hotkey triggered globally at (1160, 464)
[12:54:49] [INFO] [orbit] Hotkey triggered at (928, 371) for active app 'antigravity ide.exe' using profile 'Varsayılan'
[12:54:49] [INFO] [orbit] Hotkey released after 0.13s
[12:54:49] [INFO] [orbit] Keeping radial menu open until click or dismiss.
[12:54:53] [INFO] [orbit.ui.radial_view] Opening sub-ring 'Pano Geçmişi'
[12:54:54] [INFO] [orbit.ui.radial_view] Center Back clicked -> Returning to parent ring
[12:54:55] [INFO] [orbit.ui.radial_view] Opening sub-ring 'Sistem Araçları'
[12:54:56] [INFO] [orbit] Executing selected slice action: Pano Geçmişi
[12:54:56] [INFO] [orbit.services.action] Executing action 'Pano Geçmişi' (ID: ta1_clip)
[12:54:56] [INFO] [orbit.actions.shortcut] Simulated shortcut: cmd+v
[12:55:13] [INFO] [orbit.hooks.hotkey] Hotkey triggered globally at (1080, 346)
[12:55:13] [INFO] [orbit] Hotkey triggered at (864, 277) for active app 'antigravity ide.exe' using profile 'Varsayılan'
[12:55:13] [INFO] [orbit] Hotkey released after 0.14s
[12:55:13] [INFO] [orbit] Keeping radial menu open until click or dismiss.
[12:55:36] [INFO] [orbit.ui.overlay] OverlayWindow lost focus -> requesting dismiss
[12:56:26] [INFO] [orbit.hooks.hotkey] Hotkey triggered globally at (1935, 455)
[12:56:26] [INFO] [orbit.services.profile] Matched profile 'Web Browser' for app 'brave.exe'
[12:56:26] [INFO] [orbit] Hotkey triggered at (1548, 364) for active app 'brave.exe' using profile 'Web Browser'
[12:56:26] [INFO] [orbit] Hotkey released after 0.08s
[12:56:26] [INFO] [orbit] Keeping radial menu open until click or dismiss.
[12:56:27] [INFO] [orbit.ui.radial_view] Center Genel Menü clicked -> Opening General Profile
[12:56:28] [INFO] [orbit] Executing selected slice action: Ekran Alıntısı
[12:56:28] [INFO] [orbit.services.action] Executing action 'Ekran Alıntısı' (ID: a1_snip)
[12:56:28] [INFO] [orbit.actions.system_tool] Executing SystemToolAction 'snipping_tool'
[12:56:28] [INFO] [orbit.actions.shortcut] Simulated shortcut: cmd+shift+s
[12:56:35] [INFO] [orbit.hooks.hotkey] Hotkey triggered globally at (2156, 1284)
[12:56:35] [INFO] [orbit] Hotkey triggered at (1725, 976) for active app 'antigravity ide.exe' using profile 'Varsayılan'
[12:56:35] [INFO] [orbit] Hotkey released after 0.10s
[12:56:35] [INFO] [orbit] Keeping radial menu open until click or dismiss.
[12:56:36] [INFO] [orbit.ui.radial_view] Opening sub-ring 'Pano Geçmişi'
[12:56:37] [INFO] [orbit.ui.radial_view] Center Back clicked -> Returning to parent ring
[12:56:38] [INFO] [orbit.ui.radial_view] Opening sub-ring 'Sistem Araçları'
[12:56:38] [INFO] [orbit] Executing selected slice action: Pano Geçmişi
[12:56:38] [INFO] [orbit.services.action] Executing action 'Pano Geçmişi' (ID: ta1_clip)
[12:56:38] [INFO] [orbit.actions.shortcut] Simulated shortcut: cmd+v
[13:00:15] [INFO] [orbit] Initializing Orbit Radial Menu Application...
[13:00:15] [INFO] [orbit.platform.windows] Initialized WindowsPlatform
[13:00:15] [INFO] [orbit.services.profile] Loaded profile: Web Browser (8 items)
[13:00:15] [INFO] [orbit.services.profile] Loaded profile: Varsayılan (6 items)
[13:00:15] [INFO] [orbit.services.profile] Loaded profile: Excel (8 items)
[13:00:15] [INFO] [orbit.services.profile] Loaded profile: PowerPoint (8 items)
[13:00:15] [INFO] [orbit.services.profile] Loaded profile: Varsayılan (6 items)
[13:00:15] [INFO] [orbit.services.profile] Loaded profile: VS Code (8 items)
[13:00:15] [INFO] [orbit.services.profile] Loaded profile: Word (8 items)
[13:00:15] [INFO] [orbit.services.profile] Active profile set to 'Varsayılan'
[13:00:15] [INFO] [orbit.services.plugin] Registered plugin 'Launcher Plugin' (v1.0.0)
[13:00:15] [INFO] [orbit.services.plugin] Registered plugin 'Media Control Plugin' (v1.0.0)
[13:00:15] [INFO] [orbit.services.plugin] Registered plugin 'Shell Command Plugin' (v1.0.0)
[13:00:15] [INFO] [orbit.hooks.hotkey] Global input listeners started (Primary: 'ctrl+space', Secondary: 'button4', Hold: False@1.0s).
[13:00:15] [INFO] [orbit.ui.system_tray] System Tray initialized.
[13:00:15] [INFO] [orbit] Orbit application running in system tray. Press Mouse 4 or Ctrl+Space to activate radial menu.
[13:00:16] [INFO] [orbit.hooks.hotkey] Hotkey triggered globally at (1278, 585)
[13:00:16] [INFO] [orbit] Hotkey triggered at (1022, 468) for active app 'antigravity ide.exe' using profile 'Varsayılan'
[13:00:16] [INFO] [orbit] Hotkey released after 0.15s
[13:00:16] [INFO] [orbit] Keeping radial menu open until click or dismiss.
[13:00:19] [INFO] [orbit.ui.radial_view] Opening sub-ring spiral layer 'Medya & Ses' from level 0
[13:00:21] [INFO] [orbit.ui.radial_view] Opening sub-ring spiral layer 'Medya & Ses' from level 0
[13:00:23] [INFO] [orbit.ui.radial_view] Opening sub-ring spiral layer 'Medya & Ses' from level 0
[13:00:24] [INFO] [orbit.hooks.hotkey] Hotkey triggered globally at (1391, 598)
[13:00:24] [INFO] [orbit] Hotkey triggered at (1113, 478) for active app 'antigravity ide.exe' using profile 'Varsayılan'
[13:00:24] [INFO] [orbit] Hotkey released after 0.16s
[13:00:24] [INFO] [orbit] Keeping radial menu open until click or dismiss.
[13:00:26] [INFO] [orbit.ui.radial_view] Opening sub-ring spiral layer 'Medya & Ses' from level 0
[13:00:27] [INFO] [orbit.ui.radial_view] Opening sub-ring spiral layer 'Medya & Ses' from level 0
[13:00:30] [INFO] [orbit.ui.radial_view] Opening sub-ring spiral layer 'Medya & Ses' from level 0
[13:00:31] [INFO] [orbit.ui.radial_view] Opening sub-ring spiral layer 'Medya & Ses' from level 0
[13:00:32] [INFO] [orbit.ui.radial_view] Opening sub-ring spiral layer 'Medya & Ses' from level 0
[13:00:42] [INFO] [orbit.hooks.hotkey] Hotkey triggered globally at (1474, 652)
[13:00:42] [INFO] [orbit] Hotkey triggered at (1179, 522) for active app 'antigravity ide.exe' using profile 'Varsayılan'
[13:00:42] [INFO] [orbit] Hotkey released after 0.11s
[13:00:42] [INFO] [orbit] Keeping radial menu open until click or dismiss.
[13:00:43] [INFO] [orbit.ui.radial_view] Opening sub-ring spiral layer 'Pano Geçmişi' from level 0
[13:00:45] [INFO] [orbit.hooks.hotkey] Hotkey triggered globally at (1374, 664)
[13:00:45] [INFO] [orbit] Hotkey triggered at (1099, 531) for active app 'antigravity ide.exe' using profile 'Varsayılan'
[13:00:45] [INFO] [orbit] Hotkey released after 0.12s
[13:00:45] [INFO] [orbit] Keeping radial menu open until click or dismiss.
[13:00:46] [INFO] [orbit.ui.radial_view] Opening sub-ring spiral layer 'Sistem Araçları' from level 0
[13:00:54] [INFO] [orbit.ui.radial_view] Center Back clicked -> Returning to parent spiral layer
[13:00:56] [INFO] [orbit.ui.radial_view] Opening sub-ring spiral layer 'Sistem Araçları' from level 0
[13:00:57] [INFO] [orbit.ui.radial_view] Opening sub-ring spiral layer 'Sistem Araçları' from level 0
[13:01:24] [INFO] [orbit.services.clipboard] Clipboard captured: '[13:00:24] [INFO] [o...'
[13:02:32] [INFO] [orbit] Initializing Orbit Radial Menu Application...
[13:02:32] [INFO] [orbit.platform.windows] Initialized WindowsPlatform
[13:02:32] [INFO] [orbit.services.profile] Loaded profile: Web Browser (8 items)
[13:02:32] [INFO] [orbit.services.profile] Loaded profile: Varsayılan (6 items)
[13:02:32] [INFO] [orbit.services.profile] Loaded profile: Excel (8 items)
[13:02:32] [INFO] [orbit.services.profile] Loaded profile: PowerPoint (8 items)
[13:02:32] [INFO] [orbit.services.profile] Loaded profile: Varsayılan (6 items)
[13:02:32] [INFO] [orbit.services.profile] Loaded profile: VS Code (8 items)
[13:02:32] [INFO] [orbit.services.profile] Loaded profile: Word (8 items)
[13:02:32] [INFO] [orbit.services.profile] Active profile set to 'Varsayılan'
[13:02:32] [INFO] [orbit.services.plugin] Registered plugin 'Launcher Plugin' (v1.0.0)
[13:02:32] [INFO] [orbit.services.plugin] Registered plugin 'Media Control Plugin' (v1.0.0)
[13:02:32] [INFO] [orbit.services.plugin] Registered plugin 'Shell Command Plugin' (v1.0.0)
[13:02:32] [INFO] [orbit.hooks.hotkey] Global input listeners started (Primary: 'ctrl+space', Secondary: 'button4', Hold: False@1.0s).
[13:02:32] [INFO] [orbit.ui.system_tray] System Tray initialized.
[13:02:32] [INFO] [orbit] Orbit application running in system tray. Press Mouse 4 or Ctrl+Space to activate radial menu.
[13:02:33] [INFO] [orbit.hooks.hotkey] Hotkey triggered globally at (1239, 590)
[13:02:33] [INFO] [orbit] Hotkey triggered at (991, 472) for active app 'antigravity ide.exe' using profile 'Varsayılan'
[13:02:33] [INFO] [orbit] Hotkey released after 0.12s
[13:02:33] [INFO] [orbit] Keeping radial menu open until click or dismiss.
[13:02:34] [INFO] [orbit.ui.radial_view] Opening sub-ring spiral layer 'Medya & Ses' from level 0
[13:02:34] [INFO] [orbit.ui.radial_view] Opening sub-ring spiral layer 'Medya & Ses' from level 0
[13:02:35] [INFO] [orbit.ui.radial_view] Opening sub-ring spiral layer 'Medya & Ses' from level 0
[13:02:36] [INFO] [orbit.hooks.hotkey] Hotkey triggered globally at (1352, 612)
[13:02:36] [INFO] [orbit] Hotkey triggered at (1082, 490) for active app 'antigravity ide.exe' using profile 'Varsayılan'
[13:02:36] [INFO] [orbit] Hotkey released after 0.11s
[13:02:36] [INFO] [orbit] Keeping radial menu open until click or dismiss.
[13:02:37] [INFO] [orbit.ui.radial_view] Opening sub-ring spiral layer 'Medya & Ses' from level 0
[13:02:37] [INFO] [orbit.ui.radial_view] Opening sub-ring spiral layer 'Medya & Ses' from level 0
[13:02:38] [INFO] [orbit.ui.radial_view] Opening sub-ring spiral layer 'Medya & Ses' from level 0
[13:02:40] [INFO] [orbit.hooks.hotkey] Hotkey triggered globally at (1454, 612)
[13:02:40] [INFO] [orbit] Hotkey triggered at (1163, 490) for active app 'antigravity ide.exe' using profile 'Varsayılan'
[13:02:40] [INFO] [orbit] Hotkey released after 0.15s
[13:02:40] [INFO] [orbit] Keeping radial menu open until click or dismiss.
[13:02:40] [INFO] [orbit.ui.radial_view] Opening sub-ring spiral layer 'Medya & Ses' from level 0
[13:02:46] [INFO] [orbit.actions.wheel] WheelAction 'Tekerlek Ses Modu' scrolled UP (mode=volume)
[13:02:46] [INFO] [orbit.actions.wheel] WheelAction 'Tekerlek Ses Modu' scrolled UP (mode=volume)
[13:02:46] [INFO] [orbit.actions.wheel] WheelAction 'Tekerlek Ses Modu' scrolled UP (mode=volume)
[13:02:46] [INFO] [orbit.actions.wheel] WheelAction 'Tekerlek Ses Modu' scrolled UP (mode=volume)
[13:02:46] [INFO] [orbit.actions.wheel] WheelAction 'Tekerlek Ses Modu' scrolled DOWN (mode=volume)
[13:02:46] [INFO] [orbit.actions.wheel] WheelAction 'Tekerlek Ses Modu' scrolled DOWN (mode=volume)
[13:02:46] [INFO] [orbit.actions.wheel] WheelAction 'Tekerlek Ses Modu' scrolled DOWN (mode=volume)
[13:02:46] [INFO] [orbit.actions.wheel] WheelAction 'Tekerlek Ses Modu' scrolled DOWN (mode=volume)
[13:02:46] [INFO] [orbit.actions.wheel] WheelAction 'Tekerlek Ses Modu' scrolled DOWN (mode=volume)
[13:02:46] [INFO] [orbit.actions.wheel] WheelAction 'Tekerlek Ses Modu' scrolled UP (mode=volume)
[13:02:46] [INFO] [orbit.actions.wheel] WheelAction 'Tekerlek Ses Modu' scrolled UP (mode=volume)
[13:02:46] [INFO] [orbit.actions.wheel] WheelAction 'Tekerlek Ses Modu' scrolled UP (mode=volume)
[13:02:46] [INFO] [orbit.actions.wheel] WheelAction 'Tekerlek Ses Modu' scrolled UP (mode=volume)
[13:02:46] [INFO] [orbit.actions.wheel] WheelAction 'Tekerlek Ses Modu' scrolled UP (mode=volume)
[13:02:46] [INFO] [orbit.actions.wheel] WheelAction 'Tekerlek Ses Modu' scrolled DOWN (mode=volume)
[13:02:46] [INFO] [orbit.actions.wheel] WheelAction 'Tekerlek Ses Modu' scrolled DOWN (mode=volume)
[13:02:46] [INFO] [orbit.actions.wheel] WheelAction 'Tekerlek Ses Modu' scrolled DOWN (mode=volume)
[13:02:46] [INFO] [orbit.actions.wheel] WheelAction 'Tekerlek Ses Modu' scrolled DOWN (mode=volume)
[13:02:46] [INFO] [orbit.actions.wheel] WheelAction 'Tekerlek Ses Modu' scrolled DOWN (mode=volume)
[13:02:46] [INFO] [orbit.actions.wheel] WheelAction 'Tekerlek Ses Modu' scrolled UP (mode=volume)
[13:02:46] [INFO] [orbit.actions.wheel] WheelAction 'Tekerlek Ses Modu' scrolled UP (mode=volume)
[13:02:46] [INFO] [orbit.actions.wheel] WheelAction 'Tekerlek Ses Modu' scrolled UP (mode=volume)
[13:02:46] [INFO] [orbit.actions.wheel] WheelAction 'Tekerlek Ses Modu' scrolled UP (mode=volume)
[13:02:46] [INFO] [orbit.actions.wheel] WheelAction 'Tekerlek Ses Modu' scrolled UP (mode=volume)
[13:02:46] [INFO] [orbit.actions.wheel] WheelAction 'Tekerlek Ses Modu' scrolled DOWN (mode=volume)
[13:02:46] [INFO] [orbit.actions.wheel] WheelAction 'Tekerlek Ses Modu' scrolled DOWN (mode=volume)
[13:02:46] [INFO] [orbit.actions.wheel] WheelAction 'Tekerlek Ses Modu' scrolled DOWN (mode=volume)
[13:02:46] [INFO] [orbit.actions.wheel] WheelAction 'Tekerlek Ses Modu' scrolled DOWN (mode=volume)
[13:02:46] [INFO] [orbit.actions.wheel] WheelAction 'Tekerlek Ses Modu' scrolled DOWN (mode=volume)
[13:02:47] [INFO] [orbit.actions.wheel] WheelAction 'Tekerlek Ses Modu' scrolled UP (mode=volume)
[13:02:47] [INFO] [orbit.actions.wheel] WheelAction 'Tekerlek Ses Modu' scrolled UP (mode=volume)
[13:02:47] [INFO] [orbit.actions.wheel] WheelAction 'Tekerlek Ses Modu' scrolled UP (mode=volume)
[13:02:47] [INFO] [orbit.actions.wheel] WheelAction 'Tekerlek Ses Modu' scrolled UP (mode=volume)
[13:02:47] [INFO] [orbit.actions.wheel] WheelAction 'Tekerlek Ses Modu' scrolled UP (mode=volume)
[13:02:47] [INFO] [orbit.actions.wheel] WheelAction 'Tekerlek Ses Modu' scrolled DOWN (mode=volume)
[13:02:47] [INFO] [orbit.actions.wheel] WheelAction 'Tekerlek Ses Modu' scrolled DOWN (mode=volume)
[13:02:47] [INFO] [orbit.actions.wheel] WheelAction 'Tekerlek Ses Modu' scrolled DOWN (mode=volume)
[13:02:47] [INFO] [orbit.actions.wheel] WheelAction 'Tekerlek Ses Modu' scrolled DOWN (mode=volume)
[13:02:47] [INFO] [orbit.actions.wheel] WheelAction 'Tekerlek Ses Modu' scrolled UP (mode=volume)
[13:02:47] [INFO] [orbit.actions.wheel] WheelAction 'Tekerlek Ses Modu' scrolled UP (mode=volume)
[13:02:47] [INFO] [orbit.actions.wheel] WheelAction 'Tekerlek Ses Modu' scrolled UP (mode=volume)
[13:02:47] [INFO] [orbit.actions.wheel] WheelAction 'Tekerlek Ses Modu' scrolled UP (mode=volume)
[13:02:47] [INFO] [orbit.actions.wheel] WheelAction 'Tekerlek Ses Modu' scrolled UP (mode=volume)
[13:02:47] [INFO] [orbit.actions.wheel] WheelAction 'Tekerlek Ses Modu' scrolled DOWN (mode=volume)
[13:02:47] [INFO] [orbit.actions.wheel] WheelAction 'Tekerlek Ses Modu' scrolled DOWN (mode=volume)
[13:02:47] [INFO] [orbit.actions.wheel] WheelAction 'Tekerlek Ses Modu' scrolled DOWN (mode=volume)
[13:02:47] [INFO] [orbit.actions.wheel] WheelAction 'Tekerlek Ses Modu' scrolled DOWN (mode=volume)
[13:02:47] [INFO] [orbit.actions.wheel] WheelAction 'Tekerlek Ses Modu' scrolled UP (mode=volume)
[13:02:47] [INFO] [orbit.actions.wheel] WheelAction 'Tekerlek Ses Modu' scrolled UP (mode=volume)
[13:02:47] [INFO] [orbit.actions.wheel] WheelAction 'Tekerlek Ses Modu' scrolled UP (mode=volume)
[13:02:47] [INFO] [orbit.actions.wheel] WheelAction 'Tekerlek Ses Modu' scrolled UP (mode=volume)
[13:02:47] [INFO] [orbit.actions.wheel] WheelAction 'Tekerlek Ses Modu' scrolled UP (mode=volume)
[13:02:47] [INFO] [orbit.actions.wheel] WheelAction 'Tekerlek Ses Modu' scrolled DOWN (mode=volume)
[13:02:47] [INFO] [orbit.actions.wheel] WheelAction 'Tekerlek Ses Modu' scrolled DOWN (mode=volume)
[13:02:47] [INFO] [orbit.actions.wheel] WheelAction 'Tekerlek Ses Modu' scrolled DOWN (mode=volume)
[13:02:47] [INFO] [orbit.actions.wheel] WheelAction 'Tekerlek Ses Modu' scrolled DOWN (mode=volume)
[13:02:48] [INFO] [orbit.actions.wheel] WheelAction 'Tekerlek Ses Modu' scrolled UP (mode=volume)
[13:02:48] [INFO] [orbit.actions.wheel] WheelAction 'Tekerlek Ses Modu' scrolled UP (mode=volume)
[13:02:48] [INFO] [orbit.actions.wheel] WheelAction 'Tekerlek Ses Modu' scrolled UP (mode=volume)
[13:02:48] [INFO] [orbit.actions.wheel] WheelAction 'Tekerlek Ses Modu' scrolled UP (mode=volume)
[13:02:48] [INFO] [orbit.actions.wheel] WheelAction 'Tekerlek Ses Modu' scrolled DOWN (mode=volume)
[13:02:48] [INFO] [orbit.actions.wheel] WheelAction 'Tekerlek Ses Modu' scrolled DOWN (mode=volume)
[13:02:48] [INFO] [orbit.actions.wheel] WheelAction 'Tekerlek Ses Modu' scrolled DOWN (mode=volume)
[13:02:48] [INFO] [orbit.actions.wheel] WheelAction 'Tekerlek Ses Modu' scrolled DOWN (mode=volume)
[13:02:48] [INFO] [orbit.actions.wheel] WheelAction 'Tekerlek Ses Modu' scrolled DOWN (mode=volume)
[13:02:48] [INFO] [orbit.actions.wheel] WheelAction 'Tekerlek Ses Modu' scrolled DOWN (mode=volume)
[13:02:48] [INFO] [orbit.actions.wheel] WheelAction 'Tekerlek Ses Modu' scrolled DOWN (mode=volume)
[13:02:48] [INFO] [orbit.actions.wheel] WheelAction 'Tekerlek Ses Modu' scrolled DOWN (mode=volume)
[13:02:48] [INFO] [orbit.actions.wheel] WheelAction 'Tekerlek Ses Modu' scrolled DOWN (mode=volume)
[13:02:50] [INFO] [orbit.ui.radial_view] Opening sub-ring spiral layer 'Sistem Araçları' from level 0
[13:02:51] [INFO] [orbit.ui.radial_view] Opening sub-ring spiral layer 'Medya & Ses' from level 0
[13:02:51] [INFO] [orbit.ui.radial_view] Opening sub-ring spiral layer 'Sistem Araçları' from level 0
[13:02:52] [INFO] [orbit.ui.radial_view] Opening sub-ring spiral layer 'Medya & Ses' from level 0
[13:02:52] [INFO] [orbit.ui.radial_view] Opening sub-ring spiral layer 'Sistem Araçları' from level 0
[13:02:52] [INFO] [orbit.ui.radial_view] Opening sub-ring spiral layer 'Medya & Ses' from level 0
[13:02:53] [INFO] [orbit.ui.radial_view] Opening sub-ring spiral layer 'Sistem Araçları' from level 0
[13:02:54] [INFO] [orbit.ui.radial_view] Opening sub-ring spiral layer 'Pencere Yönetimi' from level 0
[13:02:54] [INFO] [orbit.ui.radial_view] Opening sub-ring spiral layer 'Sistem Araçları' from level 0
[13:02:54] [INFO] [orbit.ui.radial_view] Opening sub-ring spiral layer 'Medya & Ses' from level 0
[13:02:55] [INFO] [orbit.ui.radial_view] Opening sub-ring spiral layer 'Sistem Araçları' from level 0
[13:02:55] [INFO] [orbit.ui.radial_view] Opening sub-ring spiral layer 'Pencere Yönetimi' from level 0
[13:02:55] [INFO] [orbit.ui.radial_view] Opening sub-ring spiral layer 'Pano Geçmişi' from level 0
[13:02:57] [INFO] [orbit.ui.radial_view] Opening sub-ring spiral layer 'Pencere Yönetimi' from level 0
[13:02:58] [INFO] [orbit.ui.radial_view] Opening sub-ring spiral layer 'Sistem Araçları' from level 0
[13:02:58] [INFO] [orbit.ui.radial_view] Opening sub-ring spiral layer 'Pencere Yönetimi' from level 0
[13:02:59] [INFO] [orbit.ui.radial_view] Opening sub-ring spiral layer 'Sistem Araçları' from level 0
[13:03:01] [INFO] [orbit.ui.radial_view] Opening sub-ring spiral layer 'Sistem Araçları' from level 0
[13:03:02] [INFO] [orbit.ui.radial_view] Opening sub-ring spiral layer 'Medya & Ses' from level 0
[13:03:03] [INFO] [orbit.ui.radial_view] Opening sub-ring spiral layer 'Sistem Araçları' from level 0
[13:03:04] [INFO] [orbit.ui.radial_view] Opening sub-ring spiral layer 'Pencere Yönetimi' from level 0
[13:03:04] [INFO] [orbit.ui.radial_view] Opening sub-ring spiral layer 'Sistem Araçları' from level 0
[13:03:12] [INFO] [orbit.ui.radial_view] Opening sub-ring spiral layer 'Medya & Ses' from level 0
[13:03:13] [INFO] [orbit.ui.radial_view] Opening sub-ring spiral layer 'Sistem Araçları' from level 0
[13:03:13] [INFO] [orbit.ui.radial_view] Opening sub-ring spiral layer 'Medya & Ses' from level 0
[13:03:16] [INFO] [orbit.ui.radial_view] Opening sub-ring spiral layer 'Sistem Araçları' from level 0
[13:03:30] [INFO] [orbit.ui.radial_view] Opening sub-ring spiral layer 'Medya & Ses' from level 0
[13:03:30] [INFO] [orbit.ui.radial_view] Opening sub-ring spiral layer 'Sistem Araçları' from level 0
[13:03:32] [INFO] [orbit.ui.radial_view] Opening sub-ring spiral layer 'Medya & Ses' from level 0
[13:03:32] [INFO] [orbit.ui.radial_view] Opening sub-ring spiral layer 'Sistem Araçları' from level 0
[13:03:36] [INFO] [orbit.ui.radial_view] Opening sub-ring spiral layer 'Medya & Ses' from level 0
[13:03:36] [INFO] [orbit.ui.radial_view] Opening sub-ring spiral layer 'Sistem Araçları' from level 0
[13:03:40] [INFO] [orbit.ui.radial_view] Opening sub-ring spiral layer 'Sistem Araçları' from level 0
[13:03:41] [INFO] [orbit.ui.radial_view] Opening sub-ring spiral layer 'Pencere Yönetimi' from level 0
[13:03:42] [INFO] [orbit.ui.radial_view] Opening sub-ring spiral layer 'Pano Geçmişi' from level 0
[13:03:43] [INFO] [orbit.ui.radial_view] Center Back clicked -> Returning to parent spiral layer
[13:03:45] [INFO] [orbit.ui.overlay] OverlayWindow lost focus -> requesting dismiss
[13:04:05] [INFO] [orbit.hooks.hotkey] Hotkey triggered globally at (1282, 481)
[13:04:05] [INFO] [orbit] Hotkey triggered at (1026, 385) for active app 'antigravity ide.exe' using profile 'Varsayılan'
[13:04:05] [INFO] [orbit] Hotkey released after 0.13s
[13:04:05] [INFO] [orbit] Keeping radial menu open until click or dismiss.
[13:04:06] [INFO] [orbit.ui.radial_view] Opening sub-ring spiral layer 'Sistem Araçları' from level 0
[13:04:07] [INFO] [orbit.ui.radial_view] Opening sub-ring spiral layer 'Medya & Ses' from level 0
[13:04:08] [INFO] [orbit.actions.wheel] WheelAction 'Tekerlek Ses Modu' scrolled UP (mode=volume)
[13:04:08] [INFO] [orbit.actions.wheel] WheelAction 'Tekerlek Ses Modu' scrolled UP (mode=volume)
[13:04:08] [INFO] [orbit.actions.wheel] WheelAction 'Tekerlek Ses Modu' scrolled UP (mode=volume)
[13:04:08] [INFO] [orbit.actions.wheel] WheelAction 'Tekerlek Ses Modu' scrolled UP (mode=volume)
[13:04:08] [INFO] [orbit.actions.wheel] WheelAction 'Tekerlek Ses Modu' scrolled DOWN (mode=volume)
[13:04:08] [INFO] [orbit.actions.wheel] WheelAction 'Tekerlek Ses Modu' scrolled DOWN (mode=volume)
[13:04:08] [INFO] [orbit.actions.wheel] WheelAction 'Tekerlek Ses Modu' scrolled DOWN (mode=volume)
[13:04:08] [INFO] [orbit.actions.wheel] WheelAction 'Tekerlek Ses Modu' scrolled DOWN (mode=volume)
[13:04:08] [INFO] [orbit.actions.wheel] WheelAction 'Tekerlek Ses Modu' scrolled UP (mode=volume)
[13:04:08] [INFO] [orbit.actions.wheel] WheelAction 'Tekerlek Ses Modu' scrolled UP (mode=volume)
[13:04:08] [INFO] [orbit.actions.wheel] WheelAction 'Tekerlek Ses Modu' scrolled UP (mode=volume)
[13:04:08] [INFO] [orbit.actions.wheel] WheelAction 'Tekerlek Ses Modu' scrolled UP (mode=volume)
[13:04:09] [INFO] [orbit.actions.wheel] WheelAction 'Tekerlek Ses Modu' scrolled DOWN (mode=volume)
[13:04:09] [INFO] [orbit.actions.wheel] WheelAction 'Tekerlek Ses Modu' scrolled DOWN (mode=volume)
[13:04:09] [INFO] [orbit.actions.wheel] WheelAction 'Tekerlek Ses Modu' scrolled DOWN (mode=volume)
[13:04:09] [INFO] [orbit.actions.wheel] WheelAction 'Tekerlek Ses Modu' scrolled UP (mode=volume)
[13:04:09] [INFO] [orbit.actions.wheel] WheelAction 'Tekerlek Ses Modu' scrolled UP (mode=volume)
[13:04:09] [INFO] [orbit.actions.wheel] WheelAction 'Tekerlek Ses Modu' scrolled UP (mode=volume)
[13:04:09] [INFO] [orbit.actions.wheel] WheelAction 'Tekerlek Ses Modu' scrolled DOWN (mode=volume)
[13:04:09] [INFO] [orbit.actions.wheel] WheelAction 'Tekerlek Ses Modu' scrolled DOWN (mode=volume)
[13:04:09] [INFO] [orbit.actions.wheel] WheelAction 'Tekerlek Ses Modu' scrolled UP (mode=volume)
[13:04:09] [INFO] [orbit.actions.wheel] WheelAction 'Tekerlek Ses Modu' scrolled UP (mode=volume)
[13:04:09] [INFO] [orbit.actions.wheel] WheelAction 'Tekerlek Ses Modu' scrolled UP (mode=volume)
[13:04:09] [INFO] [orbit.actions.wheel] WheelAction 'Tekerlek Ses Modu' scrolled DOWN (mode=volume)
[13:04:09] [INFO] [orbit.actions.wheel] WheelAction 'Tekerlek Ses Modu' scrolled DOWN (mode=volume)
[13:04:09] [INFO] [orbit.actions.wheel] WheelAction 'Tekerlek Ses Modu' scrolled DOWN (mode=volume)
[13:04:09] [INFO] [orbit.actions.wheel] WheelAction 'Tekerlek Ses Modu' scrolled UP (mode=volume)
[13:04:09] [INFO] [orbit.actions.wheel] WheelAction 'Tekerlek Ses Modu' scrolled UP (mode=volume)
[13:04:09] [INFO] [orbit.actions.wheel] WheelAction 'Tekerlek Ses Modu' scrolled UP (mode=volume)
[13:04:12] [INFO] [orbit] Executing selected slice action: Tekerlek Ses Modu
[13:04:12] [INFO] [orbit.services.action] Executing action 'Tekerlek Ses Modu' (ID: ma5)
[13:04:12] [INFO] [orbit.actions.wheel] WheelAction 'Tekerlek Ses Modu' scrolled UP (mode=volume)
[13:04:56] [INFO] [orbit.hooks.hotkey] Screen Corner Hotspot triggered at (-22, -22)
[13:04:56] [INFO] [orbit.hooks.hotkey] Hotkey triggered globally at (21, 0)
[13:04:56] [INFO] [orbit.hooks.hotkey] Mouse gesture swipe detected: LEFT (dist: 48.3px)
[13:04:56] [INFO] [orbit] Hotkey triggered at (175, 175) for active app 'antigravity ide.exe' using profile 'Varsayılan'
[13:04:56] [INFO] [orbit] Mouse gesture swipe detected in main: LEFT
[13:04:56] [INFO] [orbit.services.action] Executing action 'Sola Yasla' (ID: g_left)
[13:04:56] [INFO] [orbit.actions.window_control] Executing WindowControlAction 'snap_left'
[13:04:56] [INFO] [orbit.actions.shortcut] Simulated shortcut: cmd+left
[13:05:01] [INFO] [orbit.hooks.hotkey] Hotkey triggered globally at (1516, 547)
[13:05:01] [INFO] [orbit] Hotkey triggered at (1213, 438) for active app 'antigravity ide.exe' using profile 'Varsayılan'
[13:05:01] [INFO] [orbit.hooks.hotkey] Mouse gesture swipe detected: LEFT (dist: 55.1px)
[13:05:01] [INFO] [orbit] Mouse gesture swipe detected in main: LEFT
[13:05:01] [INFO] [orbit.services.action] Executing action 'Sola Yasla' (ID: g_left)
[13:05:01] [INFO] [orbit.actions.window_control] Executing WindowControlAction 'snap_left'
[13:05:01] [INFO] [orbit.actions.shortcut] Simulated shortcut: cmd+left
[13:05:03] [INFO] [orbit.hooks.hotkey] Hotkey triggered globally at (1024, 501)
[13:05:03] [INFO] [orbit] Hotkey triggered at (819, 401) for active app 'antigravity ide.exe' using profile 'Varsayılan'
[13:05:04] [INFO] [orbit] Hotkey released after 0.13s
[13:05:04] [INFO] [orbit] Keeping radial menu open until click or dismiss.
[13:05:05] [INFO] [orbit.hooks.hotkey] Hotkey triggered globally at (950, 466)
[13:05:05] [INFO] [orbit] Hotkey triggered at (760, 373) for active app 'antigravity ide.exe' using profile 'Varsayılan'
[13:05:05] [INFO] [orbit.hooks.hotkey] Mouse gesture swipe detected: RIGHT (dist: 45.5px)
[13:05:05] [INFO] [orbit] Mouse gesture swipe detected in main: RIGHT
[13:05:05] [INFO] [orbit.services.action] Executing action 'Sağa Yasla' (ID: g_right)
[13:05:05] [INFO] [orbit.actions.window_control] Executing WindowControlAction 'snap_right'
[13:05:05] [INFO] [orbit.actions.shortcut] Simulated shortcut: cmd+right
[13:05:07] [INFO] [orbit.hooks.hotkey] Hotkey triggered globally at (1656, 675)
[13:05:07] [INFO] [orbit] Hotkey triggered at (1325, 540) for active app 'antigravity ide.exe' using profile 'Varsayılan'
[13:05:07] [INFO] [orbit.hooks.hotkey] Mouse gesture swipe detected: UP (dist: 46.4px)
[13:05:07] [INFO] [orbit] Mouse gesture swipe detected in main: UP
[13:05:07] [INFO] [orbit.services.action] Executing action 'Büyüt / Ekranı Kapla' (ID: g_up)
[13:05:07] [INFO] [orbit.actions.window_control] Executing WindowControlAction 'maximize'
[13:05:07] [INFO] [orbit.actions.shortcut] Simulated shortcut: cmd+up
[13:05:18] [INFO] [orbit.hooks.hotkey] Hotkey triggered globally at (1547, 680)
[13:05:18] [INFO] [orbit] Hotkey triggered at (1238, 544) for active app 'antigravity ide.exe' using profile 'Varsayılan'
[13:05:18] [INFO] [orbit] Hotkey released after 0.11s
[13:05:18] [INFO] [orbit] Keeping radial menu open until click or dismiss.
[13:05:25] [INFO] [orbit.ui.radial_view] Opening sub-ring spiral layer 'Sistem Araçları' from level 0
[13:05:27] [INFO] [orbit.ui.radial_view] Opening sub-ring spiral layer 'Pencere Yönetimi' from level 0
[13:05:30] [INFO] [orbit.ui.radial_view] Opening sub-ring spiral layer 'Pano Geçmişi' from level 0
[13:05:39] [INFO] [orbit.ui.radial_view] Opening sub-ring spiral layer 'Sistem Araçları' from level 0
[13:05:42] [INFO] [orbit] Executing selected slice action: Pano Geçmişi
[13:05:42] [INFO] [orbit.services.action] Executing action 'Pano Geçmişi' (ID: ta1_clip)
[13:05:42] [INFO] [orbit.actions.shortcut] Simulated shortcut: cmd+v
[13:06:47] [INFO] [orbit.hooks.hotkey] Hotkey triggered globally at (1019, 720)
[13:06:47] [INFO] [orbit] Hotkey triggered at (815, 576) for active app 'antigravity ide.exe' using profile 'Varsayılan'
[13:06:47] [INFO] [orbit] Hotkey released after 0.10s
[13:06:47] [INFO] [orbit] Keeping radial menu open until click or dismiss.
[13:06:49] [INFO] [orbit.ui.radial_view] Opening sub-ring spiral layer 'Pencere Yönetimi' from level 0
[13:06:51] [INFO] [orbit] Executing selected slice action: Alt-Tab Görünümü
[13:06:51] [INFO] [orbit.services.action] Executing action 'Alt-Tab Görünümü' (ID: wa1_alt_tab)
[13:06:51] [INFO] [orbit.actions.window_control] Executing WindowControlAction 'alt_tab'
[13:06:51] [INFO] [orbit.actions.shortcut] Simulated shortcut: ctrl+alt+tab
[13:06:53] [INFO] [orbit.hooks.hotkey] Hotkey triggered globally at (1095, 522)
[13:06:53] [INFO] [orbit] Hotkey triggered at (876, 418) for active app '' using profile 'Varsayılan'
[13:06:53] [INFO] [orbit] Hotkey released after 0.14s
[13:06:53] [INFO] [orbit] Keeping radial menu open until click or dismiss.
[13:06:57] [INFO] [orbit.ui.overlay] OverlayWindow lost focus -> requesting dismiss
[13:07:52] [INFO] [orbit.hooks.hotkey] Mouse gesture options updated -> Enabled: True, Threshold: 40.0px
[13:07:52] [INFO] [orbit.hooks.hotkey] Mouse gesture options updated -> Enabled: True, Threshold: 35.0px
[13:07:52] [INFO] [orbit.hooks.hotkey] Mouse gesture options updated -> Enabled: True, Threshold: 30.0px
[13:07:53] [INFO] [orbit.hooks.hotkey] Mouse gesture options updated -> Enabled: True, Threshold: 35.0px
[13:07:54] [INFO] [orbit.hooks.hotkey] Mouse gesture options updated -> Enabled: True, Threshold: 40.0px
[13:07:59] [INFO] [orbit.hooks.hotkey] Mouse gesture options updated -> Enabled: False, Threshold: 40.0px
[13:08:02] [INFO] [orbit.hooks.hotkey] Hold options updated -> Enabled: True, Duration: 1.0s
[13:08:03] [INFO] [orbit.hooks.hotkey] Hold options updated -> Enabled: False, Duration: 1.0s
[13:08:04] [INFO] [orbit.hooks.hotkey] Screen Corner Hotspot triggered at (-31, -27)
[13:08:04] [INFO] [orbit.hooks.hotkey] Hotkey triggered globally at (22, 0)
[13:08:04] [INFO] [orbit] Hotkey triggered at (175, 175) for active app 'python.exe' using profile 'Varsayılan'
[13:08:12] [INFO] [orbit] Live updated radial menu radius to 180.0
[13:08:13] [INFO] [orbit.hooks.hotkey] Screen Corner Hotspot triggered at (-12, -29)
[13:08:13] [INFO] [orbit.hooks.hotkey] Hotkey triggered globally at (70, 0)
[13:08:13] [INFO] [orbit] Hotkey triggered at (215.0, 215.0) for active app 'python.exe' using profile 'Varsayılan'
[13:08:14] [INFO] [orbit.ui.overlay] OverlayWindow lost focus -> requesting dismiss
[13:08:15] [INFO] [orbit] Live updated radial menu radius to 230.0
[13:08:15] [INFO] [orbit.hooks.hotkey] Screen Corner Hotspot triggered at (11, -25)
[13:08:15] [INFO] [orbit.hooks.hotkey] Hotkey triggered globally at (82, 0)
[13:08:15] [INFO] [orbit] Hotkey triggered at (265.0, 265.0) for active app 'python.exe' using profile 'Varsayılan'
[13:08:17] [INFO] [orbit.ui.overlay] OverlayWindow lost focus -> requesting dismiss
[13:08:19] [INFO] [orbit] Live updated radial menu radius to 140.0
[13:08:19] [INFO] [orbit.hooks.hotkey] Screen Corner Hotspot triggered at (-20, -10)
[13:08:19] [INFO] [orbit.hooks.hotkey] Hotkey triggered globally at (61, 16)
[13:08:19] [INFO] [orbit] Hotkey triggered at (175.0, 175.0) for active app 'python.exe' using profile 'Varsayılan'
[13:08:21] [INFO] [orbit.ui.overlay] OverlayWindow lost focus -> requesting dismiss
[13:10:59] [INFO] [orbit] Initializing Orbit Radial Menu Application...
[13:10:59] [INFO] [orbit.platform.windows] Initialized WindowsPlatform
[13:10:59] [INFO] [orbit.services.profile] Loaded profile: Web Browser (8 items)
[13:10:59] [INFO] [orbit.services.profile] Loaded profile: Varsayılan (6 items)
[13:10:59] [INFO] [orbit.services.profile] Loaded profile: Excel (8 items)
[13:10:59] [INFO] [orbit.services.profile] Loaded profile: PowerPoint (8 items)
[13:10:59] [INFO] [orbit.services.profile] Loaded profile: Varsayılan (6 items)
[13:10:59] [INFO] [orbit.services.profile] Loaded profile: VS Code (8 items)
[13:10:59] [INFO] [orbit.services.profile] Loaded profile: Word (8 items)
[13:10:59] [INFO] [orbit.services.profile] Active profile set to 'Varsayılan'
[13:10:59] [INFO] [orbit.services.plugin] Registered plugin 'Launcher Plugin' (v1.0.0)
[13:10:59] [INFO] [orbit.services.plugin] Registered plugin 'Media Control Plugin' (v1.0.0)
[13:10:59] [INFO] [orbit.services.plugin] Registered plugin 'Shell Command Plugin' (v1.0.0)
[13:10:59] [INFO] [orbit.hooks.hotkey] Global input listeners started (Primary: 'ctrl+space', Secondary: 'button4', Hold: False@1.0s).
[13:10:59] [INFO] [orbit.ui.system_tray] System Tray initialized.
[13:10:59] [INFO] [orbit] Orbit application running in system tray. Press Mouse 4 or Ctrl+Space to activate radial menu.
[13:11:00] [INFO] [orbit.hooks.hotkey] Hotkey triggered globally at (1224, 492)
[13:11:00] [INFO] [orbit] Hotkey triggered at (979, 394) for active app 'antigravity ide.exe' using profile 'Varsayılan'
[13:11:00] [INFO] [orbit] Hotkey released after 0.12s
[13:11:00] [INFO] [orbit] Keeping radial menu open until click or dismiss.
[13:11:01] [INFO] [orbit] Executing selected slice action: Pano Geçmişi
[13:11:01] [INFO] [orbit.services.action] Executing action 'Pano Geçmişi' (ID: a5_clip)
[13:11:01] [INFO] [orbit.actions.shortcut] Simulated shortcut: cmd+v
[13:11:03] [INFO] [orbit.hooks.hotkey] Hotkey triggered globally at (1127, 515)
[13:11:03] [INFO] [orbit] Hotkey triggered at (902, 412) for active app 'antigravity ide.exe' using profile 'Varsayılan'
[13:11:03] [INFO] [orbit] Hotkey released after 0.12s
[13:11:03] [INFO] [orbit] Keeping radial menu open until click or dismiss.
[13:11:03] [INFO] [orbit] Executing selected slice action: Pano Geçmişi
[13:11:03] [INFO] [orbit.services.action] Executing action 'Pano Geçmişi' (ID: a5_clip)
[13:11:03] [INFO] [orbit.actions.shortcut] Simulated shortcut: cmd+v
[13:11:05] [INFO] [orbit.hooks.hotkey] Hotkey triggered globally at (1286, 426)
[13:11:05] [INFO] [orbit] Hotkey triggered at (1029, 341) for active app 'antigravity ide.exe' using profile 'Varsayılan'
[13:11:06] [INFO] [orbit] Hotkey released after 0.15s
[13:11:06] [INFO] [orbit] Keeping radial menu open until click or dismiss.
[13:11:06] [INFO] [orbit] Executing selected slice action: Pano Geçmişi
[13:11:06] [INFO] [orbit.services.action] Executing action 'Pano Geçmişi' (ID: a5_clip)
[13:11:06] [INFO] [orbit.actions.shortcut] Simulated shortcut: cmd+v
[13:11:08] [INFO] [orbit.hooks.hotkey] Hotkey triggered globally at (1442, 517)
[13:11:08] [INFO] [orbit] Hotkey triggered at (1154, 414) for active app 'antigravity ide.exe' using profile 'Varsayılan'
[13:11:08] [INFO] [orbit] Hotkey released after 0.12s
[13:11:08] [INFO] [orbit] Keeping radial menu open until click or dismiss.
[13:11:08] [INFO] [orbit] Executing selected slice action: Pano Geçmişi
[13:11:08] [INFO] [orbit.services.action] Executing action 'Pano Geçmişi' (ID: a5_clip)
[13:11:08] [INFO] [orbit.actions.shortcut] Simulated shortcut: cmd+v
[13:11:10] [INFO] [orbit.hooks.hotkey] Hotkey triggered globally at (1700, 722)
[13:11:10] [INFO] [orbit] Hotkey triggered at (1360, 578) for active app 'antigravity ide.exe' using profile 'Varsayılan'
[13:11:10] [INFO] [orbit] Hotkey released after 0.12s
[13:11:10] [INFO] [orbit] Keeping radial menu open until click or dismiss.
[13:12:21] [INFO] [orbit] Initializing Orbit Radial Menu Application...
[13:12:21] [INFO] [orbit.platform.windows] Initialized WindowsPlatform
[13:12:21] [INFO] [orbit.services.profile] Loaded profile: Web Browser (8 items)
[13:12:21] [INFO] [orbit.services.profile] Loaded profile: Varsayılan (6 items)
[13:12:21] [INFO] [orbit.services.profile] Loaded profile: Excel (8 items)
[13:12:21] [INFO] [orbit.services.profile] Loaded profile: PowerPoint (8 items)
[13:12:21] [INFO] [orbit.services.profile] Loaded profile: Varsayılan (6 items)
[13:12:21] [INFO] [orbit.services.profile] Loaded profile: VS Code (8 items)
[13:12:21] [INFO] [orbit.services.profile] Loaded profile: Word (8 items)
[13:12:21] [INFO] [orbit.services.profile] Active profile set to 'Varsayılan'
[13:12:21] [INFO] [orbit.services.plugin] Registered plugin 'Launcher Plugin' (v1.0.0)
[13:12:21] [INFO] [orbit.services.plugin] Registered plugin 'Media Control Plugin' (v1.0.0)
[13:12:21] [INFO] [orbit.services.plugin] Registered plugin 'Shell Command Plugin' (v1.0.0)
[13:12:21] [INFO] [orbit.hooks.hotkey] Global input listeners started (Primary: 'ctrl+space', Secondary: 'button4', Hold: False@1.0s).
[13:12:21] [INFO] [orbit.ui.system_tray] System Tray initialized.
[13:12:21] [INFO] [orbit] Orbit application running in system tray. Press Mouse 4 or Ctrl+Space to activate radial menu.
[13:12:21] [INFO] [orbit.hooks.hotkey] Hotkey triggered globally at (1308, 612)
[13:12:21] [INFO] [orbit] Hotkey triggered at (1046, 490) for active app 'antigravity ide.exe' using profile 'Varsayılan'
[13:12:21] [INFO] [orbit] Hotkey released after 0.07s
[13:12:21] [INFO] [orbit] Keeping radial menu open until click or dismiss.
[13:12:29] [INFO] [orbit.hooks.hotkey] Hotkey triggered globally at (957, 668)
[13:12:29] [INFO] [orbit] Hotkey triggered at (766, 534) for active app 'antigravity ide.exe' using profile 'Varsayılan'
[13:12:29] [INFO] [orbit] Hotkey released after 0.13s
[13:12:29] [INFO] [orbit] Keeping radial menu open until click or dismiss.
[13:12:30] [INFO] [orbit.ui.radial_view] Opening sub-ring spiral layer 'Medya & Ses' from level 0
[13:12:31] [INFO] [orbit.actions.wheel] WheelAction 'Tekerlek Ses Modu' scrolled UP (mode=volume)
[13:12:31] [INFO] [orbit.actions.wheel] WheelAction 'Tekerlek Ses Modu' scrolled UP (mode=volume)
[13:12:31] [INFO] [orbit.actions.wheel] WheelAction 'Tekerlek Ses Modu' scrolled DOWN (mode=volume)
[13:12:31] [INFO] [orbit.actions.wheel] WheelAction 'Tekerlek Ses Modu' scrolled DOWN (mode=volume)
[13:12:31] [INFO] [orbit.actions.wheel] WheelAction 'Tekerlek Ses Modu' scrolled DOWN (mode=volume)
[13:12:31] [INFO] [orbit.actions.wheel] WheelAction 'Tekerlek Ses Modu' scrolled UP (mode=volume)
[13:12:31] [INFO] [orbit.actions.wheel] WheelAction 'Tekerlek Ses Modu' scrolled UP (mode=volume)
[13:12:31] [INFO] [orbit.actions.wheel] WheelAction 'Tekerlek Ses Modu' scrolled UP (mode=volume)
[13:12:31] [INFO] [orbit.actions.wheel] WheelAction 'Tekerlek Ses Modu' scrolled UP (mode=volume)
[13:12:31] [INFO] [orbit.actions.wheel] WheelAction 'Tekerlek Ses Modu' scrolled DOWN (mode=volume)
[13:12:31] [INFO] [orbit.actions.wheel] WheelAction 'Tekerlek Ses Modu' scrolled DOWN (mode=volume)
[13:12:32] [INFO] [orbit.actions.wheel] WheelAction 'Tekerlek Ses Modu' scrolled UP (mode=volume)
[13:12:32] [INFO] [orbit.actions.wheel] WheelAction 'Tekerlek Ses Modu' scrolled DOWN (mode=volume)
[13:12:32] [INFO] [orbit.actions.wheel] WheelAction 'Tekerlek Ses Modu' scrolled DOWN (mode=volume)
[13:12:32] [INFO] [orbit.actions.wheel] WheelAction 'Tekerlek Ses Modu' scrolled DOWN (mode=volume)
[13:12:32] [INFO] [orbit.actions.wheel] WheelAction 'Tekerlek Ses Modu' scrolled DOWN (mode=volume)
[13:12:32] [INFO] [orbit.actions.wheel] WheelAction 'Tekerlek Ses Modu' scrolled DOWN (mode=volume)
[13:12:33] [INFO] [orbit.ui.overlay] OverlayWindow lost focus -> requesting dismiss
[13:12:41] [INFO] [orbit] Live updated radial menu radius to 180.0
[13:12:41] [INFO] [orbit] Config updated event: radius = 180
[13:12:41] [INFO] [orbit] Live updated radial menu radius to 180.0
[13:12:41] [INFO] [orbit] Config updated event: radius = 180
[13:12:41] [INFO] [orbit.hooks.hotkey] Screen Corner Hotspot triggered at (14, -5)
[13:12:41] [INFO] [orbit.hooks.hotkey] Hotkey triggered globally at (20, 0)
[13:12:41] [INFO] [orbit] Hotkey triggered at (215.0, 215.0) for active app 'python.exe' using profile 'Varsayılan'
[13:12:43] [INFO] [orbit.ui.overlay] OverlayWindow lost focus -> requesting dismiss
[13:12:43] [INFO] [orbit] Live updated radial menu radius to 230.0
[13:12:43] [INFO] [orbit] Config updated event: radius = 230
[13:12:43] [INFO] [orbit] Live updated radial menu radius to 230.0
[13:12:43] [INFO] [orbit] Config updated event: radius = 230
[13:12:44] [INFO] [orbit.hooks.hotkey] Screen Corner Hotspot triggered at (-24, -20)
[13:12:44] [INFO] [orbit.hooks.hotkey] Hotkey triggered globally at (47, 0)
[13:12:44] [INFO] [orbit] Hotkey triggered at (265.0, 265.0) for active app 'python.exe' using profile 'Varsayılan'
[13:12:49] [INFO] [orbit] Executing selected slice action: Pano Geçmişi
[13:12:49] [INFO] [orbit.services.action] Executing action 'Pano Geçmişi' (ID: a5_clip)
[13:12:49] [INFO] [orbit.actions.shortcut] Simulated shortcut: cmd+v
[13:12:50] [INFO] [orbit.hooks.hotkey] Screen Corner Hotspot triggered at (8, -59)
[13:12:50] [INFO] [orbit.hooks.hotkey] Hotkey triggered globally at (59, 0)
[13:12:50] [INFO] [orbit] Hotkey triggered at (265.0, 265.0) for active app 'python.exe' using profile 'Varsayılan'
[13:12:53] [INFO] [orbit.hooks.hotkey] Screen Corner Hotspot triggered at (0, 0)
[13:12:53] [INFO] [orbit.hooks.hotkey] Hotkey triggered globally at (0, 0)
[13:12:53] [INFO] [orbit] Hotkey triggered at (265.0, 265.0) for active app 'python.exe' using profile 'Varsayılan'
[13:12:54] [INFO] [orbit.ui.radial_view] Opening sub-ring spiral layer 'Medya & Ses' from level 0
[13:12:56] [INFO] [orbit.ui.radial_view] Opening sub-ring spiral layer 'Sistem Araçları' from level 0
[13:12:57] [INFO] [orbit.ui.radial_view] Opening sub-ring spiral layer 'Pencere Yönetimi' from level 0
[13:12:57] [INFO] [orbit.ui.radial_view] Opening sub-ring spiral layer 'Medya & Ses' from level 0
[13:12:58] [INFO] [orbit.ui.radial_view] Opening sub-ring spiral layer 'Sistem Araçları' from level 0
[13:12:58] [INFO] [orbit.ui.radial_view] Opening sub-ring spiral layer 'Pencere Yönetimi' from level 0
[13:12:59] [INFO] [orbit.ui.radial_view] Opening sub-ring spiral layer 'Sistem Araçları' from level 0
[13:12:59] [INFO] [orbit.ui.radial_view] Opening sub-ring spiral layer 'Medya & Ses' from level 0
[13:12:59] [INFO] [orbit.ui.radial_view] Opening sub-ring spiral layer 'Sistem Araçları' from level 0
[13:13:00] [INFO] [orbit.ui.radial_view] Opening sub-ring spiral layer 'Medya & Ses' from level 0
[13:13:00] [INFO] [orbit.ui.radial_view] Opening sub-ring spiral layer 'Sistem Araçları' from level 0
[13:13:01] [INFO] [orbit.ui.radial_view] Center Back clicked -> Returning to parent spiral layer
[13:13:07] [INFO] [orbit.ui.radial_view] Opening sub-ring spiral layer 'Sistem Araçları' from level 0
[13:13:09] [INFO] [orbit] Executing selected slice action: Dosya Gezgini
[13:13:09] [INFO] [orbit.services.action] Executing action 'Dosya Gezgini' (ID: ta3)
[13:13:09] [INFO] [orbit.actions.system_tool] Executing SystemToolAction 'file_explorer'
[13:13:09] [INFO] [orbit.actions.shortcut] Simulated shortcut: cmd+e
[13:13:15] [INFO] [orbit] Config updated event: blur_effect = True
[13:13:15] [INFO] [orbit] Config updated event: blur_effect = True
[13:13:16] [INFO] [orbit.hooks.hotkey] Screen Corner Hotspot triggered at (-45, -53)
[13:13:16] [INFO] [orbit.hooks.hotkey] Hotkey triggered globally at (29, 0)
[13:13:16] [INFO] [orbit] Hotkey triggered at (265.0, 265.0) for active app 'python.exe' using profile 'Varsayılan'
[13:13:17] [INFO] [orbit.ui.radial_view] Opening sub-ring spiral layer 'Medya & Ses' from level 0
[13:13:19] [INFO] [orbit.ui.radial_view] Opening sub-ring spiral layer 'Sistem Araçları' from level 0
[13:13:20] [INFO] [orbit.ui.radial_view] Opening sub-ring spiral layer 'Pencere Yönetimi' from level 0
[13:13:20] [INFO] [orbit.ui.radial_view] Opening sub-ring spiral layer 'Sistem Araçları' from level 0
[13:13:21] [INFO] [orbit.ui.radial_view] Opening sub-ring spiral layer 'Medya & Ses' from level 0
[13:13:21] [INFO] [orbit.ui.radial_view] Opening sub-ring spiral layer 'Sistem Araçları' from level 0
[13:13:22] [INFO] [orbit.ui.radial_view] Opening sub-ring spiral layer 'Pencere Yönetimi' from level 0
[13:13:22] [INFO] [orbit.ui.radial_view] Opening sub-ring spiral layer 'Sistem Araçları' from level 0
[13:13:22] [INFO] [orbit.ui.radial_view] Opening sub-ring spiral layer 'Medya & Ses' from level 0
[13:13:23] [INFO] [orbit.ui.radial_view] Opening sub-ring spiral layer 'Sistem Araçları' from level 0
[13:13:23] [INFO] [orbit.ui.radial_view] Opening sub-ring spiral layer 'Pencere Yönetimi' from level 0
[13:13:23] [INFO] [orbit.ui.radial_view] Opening sub-ring spiral layer 'Sistem Araçları' from level 0
[13:13:24] [INFO] [orbit.ui.radial_view] Opening sub-ring spiral layer 'Medya & Ses' from level 0
[13:13:24] [INFO] [orbit.ui.radial_view] Opening sub-ring spiral layer 'Sistem Araçları' from level 0
[13:13:24] [INFO] [orbit.ui.radial_view] Opening sub-ring spiral layer 'Pencere Yönetimi' from level 0
[13:13:25] [INFO] [orbit.ui.radial_view] Opening sub-ring spiral layer 'Sistem Araçları' from level 0
[13:13:25] [INFO] [orbit.ui.radial_view] Opening sub-ring spiral layer 'Medya & Ses' from level 0
[13:13:26] [INFO] [orbit.ui.radial_view] Opening sub-ring spiral layer 'Sistem Araçları' from level 0
[13:13:27] [INFO] [orbit.ui.radial_view] Opening sub-ring spiral layer 'Pencere Yönetimi' from level 0
[13:13:27] [INFO] [orbit.ui.radial_view] Opening sub-ring spiral layer 'Sistem Araçları' from level 0
[13:13:28] [INFO] [orbit.ui.radial_view] Opening sub-ring spiral layer 'Medya & Ses' from level 0
[13:13:56] [INFO] [orbit.ui.radial_view] Center Back clicked -> Returning to parent spiral layer
[13:14:00] [INFO] [orbit.ui.overlay] OverlayWindow lost focus -> requesting dismiss
